Date,XLB,XLE,XLF,XLI,XLK,XLP,XLRE,XLU,XLV,XLY
2015-10-09,-0.0004524956042168351,-0.006505782910542357,-0.006433590323611905,0.0033776759372917704,0.004348849488532557,0.0022262793618487613,-0.001656832111263906,-0.004784036553083289,0.004539947580840365,0.0011590043106183654
2015-10-12,-0.00864409031586172,-0.012994213763159094,0.0008603097897924931,0.00018715197449158206,0.0012047626165887827,0.0026247666424171383,0.006280148100435347,0.008866682841171057,0.002626594152853694,0.004749187970220476
2015-10-13,-0.003891598934440775,-0.010487686883981218,-0.007769005697708743,-0.010733531801247293,-0.002169390767370883,-0.0060676214192162585,-0.006280148100435339,-0.0022659980078533087,-0.012611947766391511,-0.005392962325509557
2015-10-14,0.007995681202824222,0.00857572603670774,-0.008266192274477061,-0.01085007961850262,-0.0019321561936372171,-0.011631888433172949,0.0,-0.00022690063669188754,-0.001920651602323396,-0.01022371425880533
2015-10-15,0.002726584467802167,0.017803028493645096,0.022463334643739258,0.010850079618502628,0.01273265922110312,0.008990920835927452,-0.0029885956534397512,0.014641354398306878,0.02208188143885877,0.01292399557256792
2015-10-16,0.0004533167287533048,0.0013010614588277783,0.005962221136262052,-0.005124876320621361,0.0019082457885668226,0.009515474742464804,0.018843651630478502,0.0013409286896799806,0.0089273655483728,0.005250602973150236
2015-10-19,-0.007055530491786715,-0.019988038170183856,-0.0008495291275919884,0.001331305648118457,0.003804786191000648,0.004422373082922901,0.011615729774384553,0.0006694630722637752,0.003577317528345409,0.0047150190269607895
2015-10-20,0.0015973885604222873,0.002795909064984512,0.005932208098881017,0.00662972464603394,-0.0026144902908702412,-0.0006020017956254866,0.0009673192624641845,0.0033422712798095535,-0.01583649021580194,-0.001272344633788161
2015-10-21,-0.008934003674964566,-0.012420343955448658,-0.007207795641076174,0.00018842691000219163,-0.007645067034986224,0.00020097763938173072,0.0008053999184883009,-0.0020039743905691534,-0.009038379539738782,-0.00446490513104882
2015-10-22,0.02701380470231417,0.01784271747772562,0.01604112110487727,0.027551806402667037,0.022292048034634495,0.019672756390610762,0.012575475845281587,0.011522666804851355,-0.006021917073636933,0.013083368160685045
2015-10-23,0.008252125110249156,-0.002340965733891935,0.010828332043188124,0.003665887872855064,0.027525844615752335,-0.0015755958109938651,-0.012092864328525547,-0.017782275606026857,0.021136322983490947,0.004909864478509042
2015-10-26,-0.008252125110249186,-0.024769406500205145,-0.004151148695090967,-0.0021977848608649426,-0.003886094317752401,-0.0019726932057704096,0.001287058704661508,-0.003594633483079052,0.0038869288167257057,0.0070084932860997335
2015-10-27,-0.004264518826640741,-0.012086748972710759,-0.005840579424829556,-0.01106196738166522,-0.005742547447768582,0.0013816520586692087,0.0002567907211106843,-0.003607722079321384,0.018223523816589152,-0.004750375335349577
2015-10-28,0.014957361183246405,0.021949199285651214,0.02316080037313696,0.007940111854162381,0.014862617118293309,-0.0057354842553974305,-0.003637733348060252,-0.0106733287706366,0.0082893684307495,0.009477230234621388
2015-10-29,0.001992254166112084,0.005042991787064304,-0.0012273510849754973,-0.0005517745788320196,-0.0027275131954880606,0.00039643251295782796,0.004537212705443446,-0.0057242383334816125,0.004467484261772267,0.002851029162895067
2015-10-30,0.001325724842628357,0.006488699228995618,-0.014430175636820825,-0.0012890544305698137,-0.00662195703643554,-0.011164100363807841,-0.006312969998922518,0.004581899209185113,-0.006287771879560422,0.0021016205638313195
2015-11-02,0.006165135191725171,0.023103660659021134,0.01361137737106214,0.01154185234163,0.008895270936155665,0.005996167016514211,0.0,0.0011423391242964395,0.021082784196028364,0.004558682008070496
2015-11-03,0.003942742305836442,0.02524532332686144,0.0016370436609335255,0.0007280192491844211,0.005209179751635607,-0.004793972989239381,0.012841401145112827,0.0029637095165983484,-0.003574814761309733,0.003804327472691542
2015-11-04,-0.0065806609090107125,-0.009003860403807596,-0.002866675512147875,-0.0027339836816706155,0.0011286842193573919,-0.004214118890473114,-0.004155254580593565,0.005221372186529117,-0.004417716683029556,-0.006511939703667036
2015-11-05,-0.0050742229817785775,-0.00851538281109819,0.0040931402169332885,0.0012769121538783316,-0.0029374079336576347,-0.00020077276265186562,-0.003851012033855529,-0.008642019276749043,-0.003187024584881221,0.0035678859863754893
2015-11-06,0.0026508001585345757,-0.005144470730585756,0.010160610042713082,0.0,0.003388447648886207,-0.010920399565892946,-0.03767860912231421,-0.03557286522510361,-0.004172667001882673,0.00012306084681384867
2015-11-09,-0.006862490020403545,-0.009934548855311445,-0.010977969057697799,-0.0076852014263742024,-0.009744819580822307,-0.00673272367848597,-0.008045920555338027,0.0026003979157069035,-0.007694927185891053,-0.013850991893642984
2015-11-10,-0.00735672763905705,0.0021684646015449793,0.004487404261205004,-0.00018362639383400617,-0.0066264937552626205,0.0026577051411134267,0.0107132682014139,0.008930615320740808,0.006719282554309741,0.009419669708108851
2015-11-11,0.0011179361462799618,-0.02145308427356926,-0.0032614409001101847,0.0012850988543807419,-0.0004586833838135814,-0.0014301783632872616,0.0034575399428681147,0.008619921587413898,-0.00995523999186433,-0.0059391064928455695
2015-11-12,-0.02032100783883889,-0.022979247593117584,-0.015223437207726552,-0.013671075568488575,-0.008753607993061917,-0.013586493442571314,-0.006124887588943881,-0.009556436741408552,-0.017482998120433805,-0.009350856571677562
2015-11-13,0.012692963222617868,-0.004083816015758681,-0.008326166080450143,-0.004474243210438442,-0.01986293318758818,-0.008742571509996142,-0.013107196842346874,-0.0037540403167208455,-0.002440411440653568,-0.02665815794842712
2015-11-16,0.012755961533475715,0.03279989938702179,0.012050176263797327,0.01280993501657734,0.015224466335812441,0.01699914204170798,-0.0010154477834275473,0.016783700207846922,0.012428065424313345,0.012020482608630185
2015-11-17,-0.0011127397775325342,-0.011061727718152854,-0.002067419013357128,-0.0020310985425326744,0.0002324600050448732,-0.0004113328268693554,0.01545743604287318,-0.01819509875174392,0.004249587768856569,0.0019048110746489658
2015-11-18,0.01765281521474575,0.016327601766147785,0.01764187149291286,0.013768074589110287,0.014992792312037368,0.013683148172771881,0.011767514920074862,0.006336226771111048,0.019320386025017497,0.016982395837054944
2015-11-19,-0.0010942698760457493,-0.013513458268016419,0.0016251860392402214,0.004366071288144169,0.004568441866860018,0.0026337851551372898,0.005423127564486037,0.010702450188183344,-0.016919840498229703,0.0012468090766484634
2015-11-20,-0.0030699271063661425,-0.010704843952510848,0.0016227810306167002,0.005069537951925315,0.007266138436599716,-0.007105811400791404,0.00816037095705667,0.004157071589675172,0.008565173372957065,0.011888615039175033
2015-11-23,0.0013168076793141203,0.007149049920163125,-0.004061551624923207,-0.005069537951925381,-0.005899978641747549,0.008722823916837237,0.005188291543354883,-0.009261324674050858,-0.0025196390733074224,0.0036864838579085575
2015-11-24,0.008300541327849631,0.021146447659723466,-0.002853587306886622,-0.0016351585444922571,0.00022749566235937625,0.0026224245126115716,-0.01531743851690889,-0.0013964895702857944,0.0030790857583701836,-0.002087170562258984
2015-11-25,-0.0063283688922938265,-0.00817074152735005,0.0008160252345593704,0.0,-0.003190148900730164,0.0026155653859085497,0.0,-0.006075739301613982,0.0054347450556875235,0.005026478433144627
2015-11-27,-0.0013144182690087696,-0.007204319804756645,0.002444087911874189,0.0018167520307484006,0.0022800512434903147,0.003809949099233604,0.0075250056441393005,0.001874031768092303,0.0019444775723098016,-0.0036753293572972024
2015-11-30,0.0024083454939148262,0.0036821790522082185,-0.0008141489089233424,-0.006555459689527611,0.0011374438469400963,-0.01086735141359687,0.0022790054184942798,0.0016358188190559921,-0.01368745794475076,-0.008505689820211139
2015-12-01,0.006973491627488673,0.00790727320756399,0.010933976921911412,0.0047387076587791606,0.008832625584147377,0.008462783793849725,0.016417246177565584,0.00790849968244951,0.01673424407331062,0.010222755107462133
2015-12-02,-0.013555388811933973,-0.031409699014763315,-0.011748206297435768,-0.010233977488426626,-0.006333078160055108,-0.0050289693707799695,-0.02065384002243327,-0.02249375065330765,-0.00847157869535545,-0.008738059254430823
2015-12-03,-0.008843798653165716,-0.020221314226730507,-0.016434624069520704,-0.012569603107941887,-0.013018548976317903,-0.005256543135078785,-0.020122646748532157,-0.00761169211733491,-0.022140137544676287,-0.015195005258531808
2015-12-04,0.01739193949095852,-0.0063169496487903804,0.02616708723995344,0.014771504587230113,0.024300114034066553,0.02225184547783689,0.02012264674853206,0.0139895125105303,0.023255151679253298,0.019142609154070733
2015-12-07,-0.018058209939384177,-0.03876325272048029,-0.009325090809157154,-0.0049611139129853805,-0.004948486897693444,0.00277193308253539,0.0,0.004463555939018159,-0.005587863236334096,-0.004194900176977026
2015-12-08,-0.019069622288330198,-0.010336035784651119,-0.012707890533361185,-0.016154726062296336,-0.0024827768861936106,-0.0025734255900768566,0.0032602839573729198,-0.0014071124944031025,0.0022387665748640206,-0.0029720173259839243
2015-12-09,0.02967994626481781,0.013063610452196759,-0.011618362733113046,-0.0029994581111436208,-0.014801693177090182,-0.009559858357768836,-0.005549245039437699,0.00023454145467972288,-0.010115311682463308,-0.0128550806628682
2015-12-10,-0.007504086831172917,0.006388736276712136,0.000834527923120144,0.004682938847542677,0.002748792761747152,0.0011997273712545252,-0.008216969256898706,-0.016564438947077254,0.007456297413755381,0.0033854747143826484
2015-12-11,-0.02694354397376853,-0.038132008899013636,-0.022349488646894896,-0.01696240816522475,-0.021038379441837687,-0.011053911914086214,-0.005360695015872035,-0.00286744317172608,-0.014825769427220305,-0.02304769565769982
2015-12-14,-0.013287656271281744,0.005278667004631588,0.00212976441138719,0.003604821040106996,0.007680529307777978,0.009854184542831702,0.00308113456263887,0.005012610799185365,0.006522085179919119,0.005111495649787944
2015-12-15,0.005519651561103042,0.024860930288054025,0.02313474282819633,0.0001893816763571602,0.004395416620215395,0.00638321536587736,0.01147844885268342,0.007826750426505144,0.012918181756674496,0.005465705151734793
2015-12-16,0.010268315202288285,-0.0066014696396569485,0.01608552081695857,0.01764311081273618,0.013528041384293353,0.019104519504054798,0.017825610253211176,0.02496306419687277,0.012890471883995775,0.01659353866019046
2015-12-17,-0.020180074581334702,-0.024862183804480978,-0.01442375580120656,-0.016696740038957544,-0.015838785132138232,-0.012959172469113064,-0.001285703121639904,0.002071657761214423,-0.01080033662123782,-0.016593538660190425
2015-12-18,-0.013604661599312874,-0.017669523287682398,-0.027097149694929865,-0.015362499651006042,-0.019584027305869472,-0.017877434137083526,-0.01309367523152272,-0.01250699606710778,-0.014604333996888647,-0.01584441794673
2015-12-21,0.008949938107920387,0.0010202066852228037,0.009822703836063505,0.0077010694638846655,0.010144802526370419,0.011286277616021745,0.0016462050870946886,-0.0007059981318884158,0.009038245569084676,0.005030530144368717
2015-12-22,0.01258150760080191,0.011656720857619767,0.009305984534825342,0.013714456716562592,0.00725055277170191,0.012941733949173041,0.009168435684021353,0.008438949644548001,0.006725902212609835,0.007307457370693746
2015-12-23,0.02334232870690726,0.04258047837901425,0.01172052716371981,0.011660924788362032,0.008354899509050369,0.00729277989090483,0.009730917071183882,0.015288847651967662,0.010695066646690113,0.005095911952291478
2015-12-24,-0.0022647313061090347,-0.009054147349789595,-0.0008326950509917422,-0.00037427290706637615,-0.00046225744906429263,-0.0009825734062078,0.0009676681235161389,-0.0006898033641477106,0.0009668236568725981,-0.0026720559153700853
2015-12-28,-0.007052264812244419,-0.01835838329897573,-0.0008335075225762177,-0.0022469567616422753,-0.0006938859809907827,-0.0013766941531817745,-0.002680046897416341,0.0018387225840481494,-0.0047039478401688685,0.002544925403935755
2015-12-29,0.009316996118353448,0.006923902096824992,0.01036689465103068,0.009515846823800161,0.013558854755935308,0.008623765810939056,0.016451162570316064,0.005495607009730725,0.012129649077866138,0.01149966590401191
2015-12-30,-0.009316996118353457,-0.013562888319310396,-0.007037379236188082,-0.008391865655660304,-0.008481634534555102,-0.00351888884071479,0.0,-0.0009140510552525796,-0.004256396220740215,-0.008073664970291914
2015-12-31,-0.008714029484510988,0.0044863352569017925,-0.010021094144110846,-0.007330112824355045,-0.014141528584415298,-0.011226011219049778,-0.008175294403327487,-0.010800789226281445,-0.008983627166937699,-0.010056544438765847
2016-01-04,-0.0157848328516817,-0.0003318901922129235,-0.019492056256612572,-0.013484261580230803,-0.013161783400722696,-0.012756880427487384,-0.02349103769874463,-0.002081621308145071,-0.018212609730964932,-0.017293241144313038
2016-01-05,-0.00046821389851572063,0.0038073893383770174,0.0038437078203337085,0.002673110375550812,-0.0026055561326247213,0.0063987323921022325,0.029852097596714935,0.007151935360047783,0.004795633611901763,-0.001302462769931594
2016-01-06,-0.026566818398266124,-0.03925393633765037,-0.015464340434619665,-0.015566339340194565,-0.01241028442501397,-0.0033941402516512193,-0.0097018104594385,-0.0018408382885378497,-0.008194739816213348,-0.009824099052064078
2016-01-07,-0.02753924496169001,-0.024701077004308618,-0.028541528568326816,-0.027490491558716416,-0.02998390932539951,-0.012072713896345276,-0.018510199927298653,-0.006701153737041106,-0.020494933022923018,-0.020747817556104952
2016-01-08,-0.010182884351209287,-0.012940072208266849,-0.015713154082303383,-0.010205334226108387,-0.00795053513754049,-0.0077220091411219745,-0.013197177519195602,-0.0004640066276790909,-0.015174234258641348,-0.010809875202382895
2016-01-11,-0.017119695751960783,-0.021642029816666523,0.0013563785819149952,0.0006033404891897507,0.006464325387837451,0.009340231353400036,0.005960301133758491,0.005321170948528052,-0.011979345225210731,0.007848396410824474
2016-01-12,0.0015217850009875212,0.0023673881529902175,0.007652394258927184,0.008008429979727278,0.011826088222291054,0.005441945328569965,-0.010954470508373532,-0.003930286009805828,0.01271418030935064,0.01099268576461589
2016-01-13,-0.023343184745087314,-0.024301809143702967,-0.026353065943791047,-0.024423665665408174,-0.027311140887629974,-0.018460823043289148,-0.01040095412326287,-0.00046314810614169193,-0.030124058053518272,-0.03431110929987373
2016-01-14,0.013405918270632495,0.04214820532747515,0.00870958693873331,0.011781525577384202,0.018701453876873473,0.004697976431661512,0.003366875144562803,0.014951094938583206,0.026444671001768585,0.007148887089597836
2016-01-15,-0.020699796333292046,-0.029371536515823856,-0.022618086467454297,-0.01772484606222605,-0.028566049240699484,-0.01581602130485947,-0.01694944783220628,-0.008943854901064361,-0.01410641359244767,-0.020761926205297647
2016-01-19,-0.012363088691956802,-0.021761896863484925,-0.00046666155491357814,-0.00020583899181523114,0.0010163381729246294,0.011936760444099805,0.006814163035867674,0.01486215152517334,-0.00014960115689689252,0.0037685588861135783
2016-01-20,-0.0074389623281756415,-0.026871867027161555,-0.019812347854818724,-0.013036803771540293,-0.007903170450915084,-0.012558005541112516,-0.02719149270295485,-0.02272554272010815,0.0019422611020450328,-0.00881633609557405
2016-01-21,0.008761368053613806,0.030625438404595657,-0.004296854025175059,0.004364639082136998,0.0056154448599321,0.003928394432554817,0.0076468016471447995,-0.0009287859492221393,-0.002989622156220434,0.012710539066605376
2016-01-22,0.01781535641563769,0.043262153404972796,0.018018358537006163,0.008672164689403435,0.02736415176715217,0.016982516026692526,0.020562882186487337,0.017736032045221315,0.0157457617455431,0.017336269220275626
2016-01-25,-0.03246090929163606,-0.047768458110926136,-0.02041372894835769,-0.01241188543287838,-0.01170768724574518,-0.008966571051042418,0.0,-0.00848341923245576,-0.009328693574355052,-0.011523663159655322
2016-01-26,0.017022040603735192,0.037126879999605476,0.016647128429076452,0.018765435538255448,0.009724497028204408,0.009169138865579787,0.008848335245996477,0.006884054508643928,0.007558441947618819,0.01452029070546295
2016-01-27,-0.007943066097097294,-0.004725328008213144,-0.0037807068382220677,-0.011299549951688097,-0.020810515505027518,-0.0010144704487236498,-0.0088483352459965,0.0022839728109289737,-0.01143368419488818,-0.015763478518146683
2016-01-28,0.0015937928251467438,0.029970691106966454,0.0004736062518952682,0.005768257183695077,0.012838295552451936,0.010101105188439033,-0.010914401623834287,0.015844817454200088,-0.023573187306073665,0.012766850972339207
2016-01-29,0.02851728823135905,0.028755512350114122,0.02753970553223037,0.026554522367437473,0.03102991674792638,0.0200981104151013,0.0010282194058612094,0.019789252722428968,0.01622831692587294,0.010853989048488102
2016-02-01,0.004118119031140887,-0.01680466655141472,-0.0041525320575380815,-0.0024031141974467612,0.0036301484954254486,0.0033435052405867793,0.02101811851892676,0.009422768629977983,0.0015033630575602484,0.006053264232253979
2016-02-02,-0.006701096401059268,-0.03393754668198655,-0.028131061710830213,-0.020255943981747213,-0.018040290240589455,-0.012844749759037946,-0.012829099172025484,0.004352343421436952,-0.014525724877017015,-0.019638618175352247
2016-02-03,0.03306555655407891,0.03498536490190866,0.0009505662070507307,0.016036110922603933,-0.0012307057981394173,-0.0021901792895013886,0.0010185146295644456,0.012302040270043663,0.006532515513339481,-0.002602589050443435
2016-02-04,0.027392189478470174,-0.0005239731408591273,0.008514745042771657,0.017169375200093793,0.0009843912597508444,-0.009211180005357568,0.005990350162202347,-0.004299127978534237,-0.005466396354173515,-0.0057762827620348196
2016-02-05,-0.011507447043190636,-0.023496988697944407,-0.013276705543878617,-0.009546520379948418,-0.028451969616870694,-0.0016102243574854893,-0.018353937698984513,0.0032260207519337614,-0.019680568567138214,-0.03280775204117207
2016-02-08,-0.02670116925514091,-0.005197247166916397,-0.025623685228249142,-0.008428602802299059,-0.014535480762201477,-0.0026230808519929773,-0.054449590898726606,-0.0034412695537999476,-0.013759025069636692,-0.019574733850352716
2016-02-09,0.012316116176945472,-0.02437416684582576,-0.0014704655069414667,0.006027527156261634,-0.004634210524298101,0.006644544729636281,-0.007869076096602385,0.0034412695537998726,0.0073719357252784385,-0.0016003289150992724
2016-02-10,-0.009537813597441647,-0.004058737611687478,-0.005409137268647581,-0.00522177917410791,0.0015467571290399198,-0.0012048930007520237,0.02099209650047497,-0.001074373594049193,0.008868192658378833,-0.0017486432595262722
2016-02-11,-0.021928972804089873,-0.004261239113160425,-0.031049354159638567,-0.019726468191813878,-0.002063058908133635,-0.008069326777998613,-0.025391374318354944,-0.017783665875362883,-0.016240128383657477,-0.0005833334947661784
2016-02-12,0.029215705074570174,0.0260226424835695,0.04135126443603301,0.01992798771963217,0.013846447914468372,0.014079026176215759,0.009870140389193436,-0.003068571057536088,0.01329286413533222,0.018219221693356866
2016-02-16,0.015157764162482419,0.009900517848189861,0.015976787734562806,0.01993265085921859,0.017668253041895992,0.00795676360013752,0.0,0.006345334062068139,0.01862332439327119,0.023926805769283892
2016-02-17,0.019536517960537354,0.03225214978944084,0.01335878456204825,0.015276674400838722,0.02030764214170809,0.010250667332698358,0.03080533211384683,-0.0019646536033243564,0.012576571138628284,0.021315337372680224
2016-02-18,-0.002906353094970318,-0.012565791943452033,-0.005703142590746847,-0.0005833102220256036,-0.003929808735807159,-0.004520873037148447,0.012269991241158004,0.01625665676799735,-0.006192833457347287,-0.006595056059850064
2016-02-19,-0.011709821104977406,-0.0022855005671281606,0.0,-0.0019467987730348024,0.0007375762054259744,0.0015748996184622266,-0.0013949669863316855,-0.006687531231627193,-0.0010610159162170493,0.002753032709882769
2016-02-22,0.018959701663370247,0.025203235920922072,0.015606873952939583,0.016810215858131174,0.01319341651302834,0.004905047117152457,0.01523603850259994,0.011620386571076611,0.01415693267075267,0.019199329506941587
2016-02-23,-0.02486684119391144,-0.03475410411162668,-0.01799303165943182,-0.010013335063157434,-0.015902177959468366,-0.00019546991426691191,-0.0051679542459622035,0.0008554340267233478,-0.007505633228692388,-0.005545102692620394
2016-02-24,0.010314135231613977,0.010078981407244402,-0.0023915927472099407,0.0005800470095264692,0.007615813678467892,0.003127147465849171,0.0008285685972840306,0.00469202000835728,0.0033094047968331057,0.005814303838988111
2016-02-25,0.012865690883426555,0.0008791303804448442,0.013793091771612363,0.01306732870496856,0.012404145581241637,0.011255707502423383,0.006398629355875948,0.010161100898288922,0.012387398578763635,0.009928361699809735
2016-02-26,0.014368449727283194,0.0059585635552897465,0.007060717048747155,0.001335319632759718,-0.002662832780919368,-0.014187385054005677,0.007176262209669338,-0.027978590309134462,-0.0017812832464634528,-0.0010689808580382739
2016-02-29,-0.006201370049474992,-0.011422507634606586,-0.010846454253627359,-0.006311511869108632,-0.007052866145385076,-0.003332820699967108,-0.0013630304786573949,0.0028118735574426024,-0.016026830463062715,-0.005225435715762849
2016-03-01,0.025276384533613593,0.02582151272686007,0.03311085533691504,0.019381542806153673,0.029342915934186836,0.009576832565845182,0.023586173343040046,-0.004979964013455507,0.02121387012437853,0.026119976094898516
2016-03-02,-0.003973229606175116,0.024163036826468573,0.010948706787821448,0.0007520515282874861,0.0028404562772515714,0.002913747234145136,0.010928984271327177,0.0051958383051718985,0.001624594977123772,-0.0009164950227049846
2016-03-03,0.006070291936697078,0.015017633029648593,0.006783012167430016,0.0071202597156201156,0.0,0.0050296259539825364,0.0013824712206291032,0.00602824533565945,-0.0028078150727594404,0.005877292636091836
2016-03-04,0.011571331668696441,0.009560176657439468,0.004047436555508469,0.004099196940892028,0.002596229390365125,0.004236545098862365,0.002890330698758582,0.01109916417776359,-0.0023707827517675042,-0.0009117357316877368
2016-03-07,0.011439179056078844,0.02318715364676857,-0.0004487084550505821,0.0029706382116102908,-0.006148011488065519,-0.006167897355028057,-0.0006563379202068453,0.00550344570668795,0.007978617722832272,-0.004310593088782284
2016-03-08,-0.01975673163510693,-0.04290127088643004,-0.016297383482916743,-0.014190094868122298,-0.006185941452389039,0.002895534793380761,-0.0015105820311039745,0.009873210900659336,-0.012290115835916968,-0.007885774701793271
2016-03-09,0.006244641221247692,0.016098751057212205,0.0013683275590999756,0.003191807922667399,0.008555028725434542,0.0074911309107509915,-0.003061687505961691,0.004588296180216017,0.0017861910458706715,0.001977505433325046
2016-03-10,0.005289424360326313,0.0008225166664809449,-0.0009121183924237956,-0.0015007280240781076,-0.0009470425062382007,0.0003822686810631044,-0.004725315333717663,0.0008321682670980691,0.0005947559678158066,0.0024984343206053967
2016-03-11,0.018182520221500124,0.02549888038459121,0.025671414996474684,0.014351171391637406,0.01527855580122868,0.0032467407215518757,0.022987777037805468,0.001038771107194378,0.019284017757303974,0.015251646739011348
2016-03-14,-0.006780079920840246,-0.00659666523612376,-0.0031176831461593923,0.0009248355920405602,0.0011655769105929175,-0.0005723630963913214,0.003232025970252059,0.0012454971870244638,-0.0042371005151307485,0.0037447201796519405
2016-03-15,0.002265561726607921,-0.0019386420197853855,-0.0004462231433253352,-0.0005547480112692736,0.003721218985597859,0.002477051228731236,0.006593066282580384,0.0018646856692589129,-0.015641673209989184,-0.0002578825377993822
2016-03-16,0.00833569951834172,0.017157366412256857,-0.002233408002645515,0.0035084703877945526,0.011538685179682194,0.002281265884727974,-0.007561708926718122,0.015204820324889857,-0.0023820279792195905,0.008089127540325673
2016-03-17,0.018230971756766003,0.013579833670239351,0.01200254067594687,0.021698329928255967,0.0036651632183011397,0.006056983349128069,0.03291471499558989,0.005490915645452955,-0.011696115143281201,0.0014052496543179255
2016-03-18,0.004125380868454778,0.0028710676720981685,0.008838068970889222,0.0085389689842514,0.0016072588774750079,-0.0013098394225772103,-0.00706104310474054,-0.006395329826804529,0.01169254053381333,0.0012943842227495091
2016-03-21,0.004613161173527891,-0.0034713612181980673,-0.0017611513729402213,0.005914486643802476,0.0034350351790676014,0.0005695992600233245,-0.005097215213735096,-0.0010286047734424768,0.00581809654906398,0.0005121194846061605
2016-03-22,-0.011461233800788092,-0.005547150301247316,-0.0030896857344243542,-0.005734856248173789,0.00022877778654854393,-0.005901848611923612,-0.0017579871433894105,-0.0032990098733442935,0.009916548848977065,-0.0016649676913126255
2016-03-23,-0.012492234557517237,-0.022176757687364004,-0.007543552078878665,-0.006491219925022032,-0.005730707673373244,0.0001907273580097092,-0.0036864349444846517,0.007407525999834402,-0.00709439658728001,-0.007076605572160113
2016-03-24,0.0,0.004862920584979997,-0.006256265798312129,-0.002898466485212898,0.0027547488426995993,-0.0011457676436598826,0.0016046025106292844,0.002661083189923122,-0.0004449541236633197,0.0012903760481979445
2016-03-28,0.004255629626202827,-0.005350673975974166,0.003133120356599666,0.0003625517250903561,-0.002525002272685267,0.005337520257229433,0.006391760338562407,-0.003686738425665173,-0.00282347712842354,0.004503411944276537
2016-03-29,0.005572618514650995,0.004703994968458904,0.0017852084574810799,0.006507812253447341,0.015507824454821774,0.00738696597686446,0.02143167978423083,0.014667262820504214,0.01154033836307212,0.010089840167325143
2016-03-30,0.004435802024906786,0.0019393383023564039,0.0057822275770438095,0.001800198471941749,0.0058666526812514224,0.006583318297668557,-0.002185284757467102,-0.002429564380702596,0.00014694218706780504,0.006334312955385667
2016-03-31,-0.008444979526636526,-0.00048438962955625516,-0.0022197077841723052,-0.002341119965021333,-0.0020269603493339697,-0.005263182866113731,0.004987580297392333,0.005861418132218953,-0.0030937213920030977,-0.0011372535163615505
2016-04-01,0.009550501596602045,-0.013501688335107306,0.008849607795343476,0.004676608790108022,0.0076354360042021055,0.010498530717501994,0.002081202100253805,0.0038217274836075195,0.01129656453122029,0.0041631591289134125
2016-04-04,-0.013127201955397943,-0.0073969652444051915,-0.0048574489451299425,-0.011368899452985968,-0.0038105260485582024,0.0003731788462708455,-0.001459479185690021,-0.004225193832593728,0.011891068030039694,-0.007836453578421563
2016-04-05,-0.006290699958052958,-0.006787596110382929,-0.014267406989410461,-0.0061899763744916545,-0.00970350122577353,-0.0067341288775562965,-0.008989697116851625,-0.018927805171935777,-0.013058781808229602,-0.008537885235425577
2016-04-06,0.011428504713335667,0.021364854802261066,0.005374263093477663,0.004918722180066592,0.009703501225773509,0.007852087968884909,0.0027555920700534273,-0.0012335671509075814,0.026518042738863924,0.00942568603408882
2016-04-07,-0.014589020646222018,-0.005870944915964456,-0.018936819899366394,-0.009677785871754671,-0.014476773517969504,-0.010859589870618618,-0.008163392457481785,-0.0004114195137021506,-0.011011516354967837,-0.011346861333891792
2016-04-08,0.006535173800058449,0.019918228090107033,0.003634842171689778,0.003845977405534746,0.0,0.005444489534889824,0.009413192427115358,0.0053362621441192665,-0.0027359329303928872,-0.0015396892352198244
2016-04-11,0.004482631419935922,-0.004177353092444499,0.004073466803141265,0.0003653511753491711,-0.0027376821962187365,-0.007140274972528609,-0.0006249981347914358,-0.004307545412733882,-0.007671996916667969,-0.003731205763099571
2016-04-12,0.013768717004826122,0.029350632760827004,0.012566976177383208,0.0058297669500439,0.006830686192778855,0.0062034663436418,0.0043656375297859125,0.0069654641976103285,0.008104313286432432,0.007576318387820332
2016-04-13,0.009876216597295748,0.0046796241126444,0.02249315265447775,0.014785619150737197,0.010159190583285582,-0.007713175912344613,-0.0038343055678178987,-0.00614353215637642,0.009325135944463355,0.013973624087655432
2016-04-14,0.0006547896219639935,0.002331625513122593,0.0021781278494846295,0.0017884498213918223,-0.00022501161341175445,-0.004542946976364886,-0.003974728057535285,-0.0012334211772463812,0.000570828137157635,0.0
2016-04-15,0.004572574729575857,-0.0135991566124821,-0.003487297798829307,0.0014280712668378085,-0.0038263455105140708,0.006241386296655133,0.006875310056574614,0.005537756917667745,-0.000713940202936796,0.0027714878942615324
2016-04-18,0.00455196314395462,0.016389808229562482,0.007396049030816588,0.0008917530539706282,0.004275936062049536,0.005640159767682555,0.003730173988124465,0.003878895355583569,0.00924029678979142,0.009390613577639317
2016-04-19,0.021183953259856975,0.01977520149727235,0.012492214666246405,0.007104896740687409,-0.00562994805436491,-0.0005626427174235774,-0.003419030786613688,0.001628256952993252,0.0035313141535368597,-0.005498017604811291
2016-04-20,-0.00296874895096159,0.008915728585965812,0.007675727885089352,-0.0015942385399020343,0.002030522819922881,-0.011318903346913978,-0.010012508318444384,-0.025338212264189544,0.005344136154738986,0.0012521871507144293
2016-04-21,-0.004469515416389613,-0.0058846331896944635,-0.008960965701233312,-0.0024847292519573705,-0.003613005145613359,-0.017994077910291117,-0.023416653712479252,-0.021084616411946436,0.005873419859300496,-0.0035111051936268286
2016-04-22,0.007014753043303283,0.014423369537848113,0.009385879428772262,0.002484729251957349,-0.017570017285643558,0.0036633010158898358,0.012667328268869363,0.008909571408639785,0.0020889861104950573,-0.0020110105999707555
2016-04-25,-0.003394959650715334,-0.011250179495849161,-0.0021254730905866446,-0.0047979412099076885,0.0002302596422588261,0.006904518426976389,0.00699994539786568,0.0018991784033151272,-0.003903598661413666,0.0011317843007766816
2016-04-26,0.008044043450196384,0.01586373702620249,0.006362614973873704,0.00886696749377151,-0.004844949561723796,-0.0040220393056301755,0.0028054996688731968,0.0014744774471196376,-0.0037784363432035186,0.0023854195054950397
2016-04-27,0.008398342913776747,0.01882662871457741,0.0016898425565620662,0.007037317155050186,-0.004636182868666745,0.004786220648833283,-0.0037842864056632235,0.014418643799359131,-0.0011223354962370073,-0.0010035928698132269
2016-04-28,-0.009452891004284742,-0.01497365841795578,-0.010608942542430767,-0.009689081299509931,-0.012625650605885153,0.000954311088465656,0.001010623149113475,-0.0014531367665403892,-0.004783679119786199,-0.010854600042349338
2016-04-29,-0.005927158544018402,-0.0016283696825825672,-0.005561584188133232,-0.005858752017614727,-0.008743856202959314,-0.0021010881342162883,-0.009577865943121325,0.006007228412043894,-0.015780047215602243,0.005062974822982256
2016-05-02,0.00360261910117574,-0.0010375481004540345,0.008969041322729403,0.005150372026888204,0.007331182162880075,0.011407038600097456,0.010461345289116688,0.008022135245015254,0.0057153150863576505,0.01391836868365673
2016-05-03,-0.016638809801348315,-0.023862606721856357,-0.012837714131564438,-0.008181993276734753,-0.009232157434554914,-0.001892207045032328,0.005032656665622824,-0.0008200647397119287,-0.00313975716719586,-0.009257283694490323
2016-05-04,-0.010161149285983136,-0.014533761563207459,-0.007781738547833736,-0.012400760757814109,-0.003096660802570212,0.003025796214165468,0.014330803608962075,0.011620409421173475,-0.0096211141072678,-0.004534557493299039
2016-05-05,-0.005009806610102478,0.008134393749592926,-0.0004341984920543986,-0.0005423029511759076,0.00047726018467961087,0.00018879097413121044,0.0009275385291985381,-0.003858841106124892,0.004175440527569628,-0.006459180657279348
2016-05-06,0.008047780043756357,-0.0022951488995300666,0.004332728960639133,0.006672102466230879,0.007364073537703288,0.0050844918261052415,0.0052392030316556525,-0.0065321528212825275,-0.005908739666206849,0.00734271405209036
2016-05-09,-0.012206130969085502,-0.014662056310778045,-0.002597433100075845,-0.004503176110501828,0.0,0.005431784947050421,0.010032805759052722,0.005717976720234538,0.011354413245905024,0.0027709253375866024
2016-05-10,0.016529541711674752,0.01741555108125797,0.014202714935518536,0.017005695922636826,0.012934344445785713,0.009852456207401486,0.0037061741746294164,0.0010174032528948056,0.008397177655138366,0.01274899664382997
2016-05-11,-0.0034572117611048935,0.0030512409753779128,-0.010741008655923421,-0.008377379784304145,-0.007269693220929809,-0.007985750334198924,-0.018360632940279405,0.0036556139542781247,-0.012119754719005121,-0.020324567018600522
2016-05-12,0.00431957499131842,0.0027381880593190266,0.0004316427575974153,-0.00215019111069019,-0.002828113816794616,0.005392853971211272,0.0033917065216304745,0.005859704086723359,-0.005898537043401197,0.001899145558347067
2016-05-13,-0.0097458468909253,-0.012842438894191047,-0.012163172423594413,-0.012635428040047057,-0.0037837735111216,-0.012691344791464347,-0.01454049373972739,-0.004847254031185259,-0.0023118641935431024,-0.01196242759404133
2016-05-16,0.017046562022978464,0.016784024759232095,0.0052312304688532955,0.012276843988237755,0.01388158054884601,0.006365526940984738,0.013554851147316766,0.0012142036025818152,0.013503928324849207,0.006253920549628678
2016-05-17,-0.005147754125774696,0.004679719419890384,-0.005668589769825831,-0.004856707845074866,-0.010097807037724347,-0.019791294090825973,-0.01671407899449338,-0.01713298492031325,-0.010470904423268864,-0.011388382090628925
2016-05-18,-0.015386515022837544,-0.00968518809794863,0.017339021855279683,-0.0034317594864871326,0.0018864312159987597,-0.011680036550759589,-0.02496437800382965,-0.01889787556033463,0.004172825127404364,-0.005807230212129319
2016-05-19,0.0034877071256336216,0.00015192827552778398,-0.009499417693341507,-0.009453091879601984,-0.005432933795096637,0.009774488877355136,-0.0020257616759941045,0.010012497708649364,-0.00850825800385756,-0.0009059853176419247
2016-05-20,0.007156220659529727,0.005912373586046315,0.0069176315526823145,0.0051014055637530545,0.012007061394918903,-0.005163056398100361,0.006800271328395839,0.0022806380666306313,0.009226221689171575,0.006584900254600098
2016-05-23,0.01160042065288067,-0.0025728296183999493,-0.0008616108628951493,-0.0018191099960075717,-0.0018740586624236169,0.000957873235663837,0.00312798929874322,-0.008944521799504685,-0.004026018148344097,-0.0034809341743632445
2016-05-24,0.006599579796549873,0.004988238709116228,0.01497950038698514,0.010323576346389996,0.018583904029638557,0.008392472756313062,0.0066697156984552855,0.009979409207725401,0.014304294608590246,0.011939291767668569
2016-05-25,0.012231260361053563,0.015708575237624204,0.010563994023304825,0.006823239989344326,0.006880722384415717,0.0015184000327385788,0.006751376094395741,-0.0029003879329532723,0.006229672078873446,0.0054722323320009056
2016-05-26,-0.010747340914538012,-0.0041651293760125,-0.005901938412478822,-0.0028668113855172027,0.0031946921210547754,0.0039749359611028585,-0.0007549212093667498,0.011345985020378216,0.00014099025829028867,0.002028954077951309
2016-05-27,-0.00042368172935359675,0.0005960451431227755,0.006742898483733369,0.003761845057396804,0.004773272292196097,0.0011323565737824998,0.003925737925962745,0.0016395926241946747,0.004505404506171729,0.004675701114941598
2016-05-31,-0.005100119626670878,-0.003880573482283211,-0.002523097932803144,-0.00017934901394539717,0.002038898938212098,-0.006435790096077492,0.00046997054323784083,0.006532152821282474,0.002385703717277636,-0.0010093371486575966
2016-06-01,0.0012777930247636305,0.00029921855580205864,0.002102765764325336,0.0008939876336414335,-0.0024925848545995157,0.010202296227516953,-0.00376646947614283,0.002641503591750979,0.0036376090444638215,-0.0006308448885262228
2016-06-02,0.005516569643978737,-0.0013468036257534171,0.0020983534169762524,0.0012497549446443116,-0.0009076034853635285,0.0003763117381957994,0.003139764959158447,0.0004055538376166499,0.012765425829465228,0.00554067784546379
2016-06-03,0.008428032527519114,-0.0038996101917044305,-0.014358018324545172,-0.0008923835511077393,-0.0022734903183987782,0.006367724008022028,0.004504032894838349,0.01569783129100595,-0.0033148394684718837,-0.0065518870345695306
2016-06-06,0.010228818853099772,0.021851505965972687,0.005937098592313322,0.009421288942961698,0.0018191862432209642,0.0011196283003192626,0.0004990586992999799,-0.0013989674904305107,0.00538076892943799,0.0025247185386703943
2016-06-07,0.0004152450780303497,0.022391408016119926,-0.0021162967872224705,0.004765759405648217,0.0040808444944466634,-0.0011196283003191948,0.0008105336186012603,-0.0007996449385954402,-0.006210574420710577,0.0012601331126463095
2016-06-08,0.005795879746484206,-0.002303434161879758,0.0008472479755415061,0.006319087327711814,0.0020337140465757158,0.0059568864768695575,0.004788466675968302,0.005985407667081724,0.0034551766521232906,0.0011329236834101866
2016-06-09,-0.007250380359945768,-0.007667212543432737,-0.007223566512915957,-0.00017520197082218902,0.00022593715404067163,0.003889892499086607,0.00210684683211178,0.008517531981322284,-0.0016569401449256997,-0.0022663841084372698
2016-06-10,-0.0075125644468705365,-0.021875414299951275,-0.012444033800372645,-0.011794768187561656,-0.007704744340645805,0.0007395526780549374,-0.004902344946545661,-0.0025672178928792316,-0.008048000158609892,-0.010519562435198368
2016-06-13,-0.011163670960840824,-0.002973479342912362,-0.006931941954741231,-0.010860958946362074,-0.011208777917726018,-0.008348048640317955,-0.0003112700477199731,-0.0011871921615742203,-0.007972555881535092,-0.005493423045254867
2016-06-14,-0.007441327450859945,-0.000595604889977294,-0.014893353374284775,0.00017897221349599384,0.0022974570676050966,0.003904356140866462,-0.00467786386790947,0.005330680915644082,0.0015435520968795967,-0.0025649813978569588
2016-06-15,0.004471715390950792,-0.002386144261831382,0.0013230893534186732,0.00035792967710612756,-0.002527415055783371,-0.002973593642057511,0.01026271737854923,-0.0063212933424743566,-0.006894270294913272,0.0028213895254119658
2016-06-16,0.00339312338395696,-0.004789952965769354,0.002640814143055949,0.001787891537822028,0.0020686973015142537,0.005198000482334112,0.005123137945209372,0.006321293342474334,0.003523541234283375,0.0031966982631517708
2016-06-17,0.0043528025538964385,0.010157634906652427,-0.0008398763949265868,0.0008437241894993213,-0.006690598616156564,-0.004050312875237632,-0.0015531096007944303,0.0036072136716822144,-0.01043644821696655,-0.0015769069693321765
2016-06-20,0.005703775984662031,0.00863358476780919,0.0057330186134642285,0.009109645286462327,0.0041722051211805665,0.003174445619769554,0.0009317916351009124,-0.0037657411735664693,0.006260829751140422,0.008942251995092866
2016-06-21,-0.0027419476067010807,0.011787337616198256,0.005700399932883092,-0.0007115678222516116,0.006915872137609002,0.00260632454873803,0.00804225992209559,0.0013890232874294356,-0.003410172734492121,-0.0022918837731907182
2016-06-22,0.0010551838571276086,-0.005581827916849154,-0.0008745785313365954,-0.0028511841065915716,-0.003452054990966669,0.0005580758456515128,-0.000924324526656335,-0.004770760460281841,0.00284255386505596,-0.0014031499240854815
2016-06-23,0.015286777550683032,0.01636285271507237,0.020788805046887984,0.011531938264399272,0.013509175875544926,0.0061136987108123654,0.004307394361418923,0.0027860275044914035,0.012972520009315015,0.009780846939351684
2016-06-24,-0.04462200616315353,-0.03284746918920944,-0.055067685269206613,-0.04160109004361834,-0.039193398239036524,-0.019396395855454808,-0.012667966797180187,0.001588183917522744,-0.029428464629485954,-0.03787134912350245
2016-06-27,-0.03426089791229358,-0.03257056978604024,-0.028947526545343095,-0.023819660123864564,-0.020308759737994404,-0.002073591981364201,-0.0015559266251001585,0.012224254021519932,-0.013509035980388209,-0.018551261844724998
2016-06-28,0.008508912136808466,0.027465909291827757,0.025318224730582005,0.016807382181502743,0.0195987300942216,0.006208199785057715,0.01820734466801929,0.0037163896157814537,0.019263288923848442,0.019731939508541067
2016-06-29,0.016803550377442134,0.018786929476002565,0.022472420729547905,0.017621357927835573,0.01526751918539908,0.01156074335932656,0.018782932301380676,0.002729469547696427,0.018899848841349865,0.01600019187334998
2016-06-30,0.015878345826052135,0.00794455905608427,0.01587357725357553,0.018924639183966887,0.010896438321021917,0.022184690390784717,0.008070362778531766,0.02138161942128649,0.009386860150719484,0.007328832623096183
2016-07-01,0.0004315164887733212,0.005261606385233905,-0.005263637347590056,0.0032084646355509793,0.0023029961154042646,-0.004725526784406678,-0.0005954940074341838,0.00019080716892175774,0.006255542182444567,0.010323637774753704
2016-07-05,-0.018285752542097765,-0.020321684991254876,-0.015064519014702675,-0.009117709831097918,-0.007388530846768787,0.0056315513435307935,0.007271581433559557,0.007403877658748344,-0.0009704597602379034,-0.008147959271429627
2016-07-06,0.003946767027942636,0.0043049599863532765,0.0026751655562048922,0.005016193012288109,0.006928453145516402,0.0009052941029479133,-0.0013314360377748263,0.002078281884641199,0.011173274300827731,0.00852794784421501
2016-07-07,0.0026225843847607184,-0.010273155928673167,0.0013349664584620432,0.002676928581883497,0.0,-0.0019929995341006882,-0.012515048664940017,-0.018670717949311307,-0.0015097500192786067,0.004299923331225892
2016-07-08,0.02457556798287785,0.01323133270882329,0.018938691182346742,0.019764021768582003,0.015528553217509731,0.0099253351626635,0.017182827305605382,0.01033085553369202,0.012288150824207296,0.017265964135505376
2016-07-11,0.004885727378532867,0.0019180491007473903,0.00565606468111121,0.006270757167218718,0.005874642833611699,0.00017926401184195049,0.007692266304304605,-0.000761386417591908,-0.002717728137138041,0.0058122697631408276
2016-07-12,0.018060064597089063,0.024462427658847447,0.012503188375733896,0.009161208125561824,0.0080772870274968,-0.005400266559316028,0.0020454171674378296,-0.01380894420406844,0.0048869456607171305,0.003938427365664473
2016-07-13,0.0027023538792153336,-0.008667917941840264,0.0,0.0024053587504546457,0.00022338261903739426,0.005580032086313531,0.0046592239299480896,0.007886866411214317,-0.00040688701985189523,-0.004925045455191791
2016-07-14,0.008884951532625213,0.005065473319210065,0.009381264663732842,0.007524330051764025,0.006458081656052355,-0.00017976552699760812,-0.005564499904363414,-0.0065359098756261995,0.004325883208407614,0.004064877861037732
2016-07-15,0.003490878605773789,-0.0005776236514080652,-0.0016992874767951798,-0.0001701789894350557,-0.000888355760519708,0.0,-0.0014615754181678262,0.002888518552380361,-0.0008094819790957485,-0.004435801925160736
2016-07-18,0.006538900555616792,0.000721977446643295,0.0033959905255322997,-0.0008524086992775008,0.00664290421908798,-0.001077758422205471,0.00032143422514541175,0.0028804982532802804,0.00040473201903019033,0.003821447999025264
2016-07-19,-0.0059237738403782846,-0.005645131386294244,0.000423666705645452,0.0005112704812682631,-0.0022093706934036375,-0.0007190029411506178,0.0028625847326790342,-0.0017271632136010673,-0.002161356641519341,-0.001847203825433126
2016-07-20,0.0004094942261790359,-0.0014525771382785046,0.0016928741659259913,0.0018731684981723347,0.012965792164389252,-0.003603505195959996,-0.0014012455874484043,-0.005779219300178728,0.009019383257884171,0.004181568441295859
2016-07-21,-0.006162863426332746,-0.009934614488010536,-0.00508736395596336,-0.010260118888201808,-0.0052537456404110824,-0.002891967558835917,0.002916752175709311,0.005971429089963177,0.0029439986886358664,-0.002703802828665485
2016-07-22,0.0026754706899456355,0.0030786213068061045,0.006354547044412049,0.0018892399998586345,0.005908665863840167,0.004695387950819127,0.007542887321717442,0.013163985342574458,0.0020023494386894316,0.004175302964101947
2016-07-25,-0.0016456696897980756,-0.020107174897104004,-0.0021133810929295184,-0.0053325991954293805,-0.001310084695960576,-0.001081644034509596,-0.0014462767365331938,-0.0017070785033843497,-0.0010675326155950575,0.001591943868761899
2016-07-26,0.007587650247266618,0.005807540097188497,0.0008461980044808795,0.008244600346365642,0.0021824604352129913,-0.007786465312953551,-0.005659969996536628,-0.008772232739400067,-0.0017366644284737126,-0.0012244586652221067
2016-07-27,0.0012249435401573143,-0.009847993976291627,-0.0004230690453309752,-0.003942173161436584,0.008250289581509996,-0.015018506488796258,-0.007450270675192233,-0.011558437226688466,0.0045358232410045015,-0.0030670993083715455
2016-07-28,-0.0014296418457682468,0.00015002316010678552,0.002112844535794817,-0.000343367820601917,0.0006485499546505082,0.0044189028023721875,0.006139388805626097,0.0038676755809807593,-0.0009319632564340004,0.0018417612550811447
2016-07-29,-0.005121115761209866,0.010143395160276016,-0.0016897754904639261,-0.0029246814815848026,0.0036662813172111774,0.004948183494055435,0.010668676176782372,0.00596568455489323,0.001996811981130383,0.0011030995146183616
2016-08-01,-0.005561226758859538,-0.03350256044995209,-0.0025402081197170964,-0.0012069822222599926,0.0019359348895579805,0.0010965405754034807,0.0032244650770025854,0.0005753564148412504,0.006362601260500493,0.00159176050013239
2016-08-02,-0.0026876945925235836,0.009013812257168036,-0.008514508408708491,-0.009358623120721598,-0.007548854381355032,-0.0014618381774164923,-0.015351574126368513,-0.006541040969734523,-0.0038389173266373026,-0.015036361624945564
2016-08-03,0.0024817139155432926,0.019131534511800084,0.01020851852394461,0.004863475635852093,0.0034579223942084484,-0.005501642571503951,-0.0076177977071963335,-0.006001386646687599,-0.0027896554534285276,0.002852043776881178
2016-08-04,0.004122934134388085,-0.0014934772771979278,-0.002542241831726457,0.00034657716249949133,0.005379082648657128,0.0022040359620130183,-0.0017663637656454257,-0.0005822161180302234,-0.0014640493865245969,-0.0004954646254080258
2016-08-05,0.003286132861310622,0.009074420555535359,0.018911503633943335,0.009996437915544013,0.009610263607011118,0.0016500264319466217,0.0,-0.014482101429693158,0.002394401707917116,0.010475258583955465
2016-08-08,0.002048232253304626,0.013239273865563542,0.0012488472688561903,0.0013711087860179402,-0.00021232914443923963,-0.0010995030368182255,-0.000294632192493615,-0.00039410096088542655,-0.008540853373854148,-0.0033155093941899232
2016-08-09,-0.0030743999993839933,-0.005274795063170656,0.0008313093272242433,-0.0003425042014246504,0.002123420333840706,0.003112380816375391,0.006755920712884245,-0.00019736521604730132,0.0024093264396006847,-0.0029565731141821937
2016-08-10,0.00020533685411506738,-0.010930551841052984,-0.00792548072652191,-0.0005140538298967314,-0.0031871840416799867,0.0036498070539337933,-0.0020515666427162746,0.00019736521604736098,-0.0033484456055163214,0.0020950335437319
2016-08-11,0.00430008709331529,0.014596553897131093,0.0020918680208208123,0.0064923148194653505,0.0036117045268596933,0.0,-0.009431022517240588,0.0023634050061779373,0.0057522207024363345,0.009922439956759134
2016-08-12,-0.010682342520069426,0.005546544538685135,-0.0029296768230828896,-0.0027285030864782657,-0.0010612350059835615,0.0034548685065390566,0.003252439539976495,0.0013761885191867986,-0.002537300930194351,-0.000487629375910154
2016-08-15,0.010069324388287912,0.007974197443187886,0.006683132932703613,0.006637844252911968,0.004870344359121322,-0.0025444492863860597,-0.0011817676027858035,-0.015442693787551701,0.00173666442847381,0.0019489896001403993
2016-08-16,-0.005329896325856025,0.0015871224954632545,-0.002500855547768649,-0.004420022190642404,-0.007420813879997309,-0.004377174669281601,-0.01218979131470397,-0.011842001347436439,-0.008983885817242594,-0.005736459816035036
2016-08-17,-0.0008224746050239912,0.00302264981500274,0.003333554621584018,0.002892029453974709,-0.00042551614519886614,0.0027380576492709997,0.004178973981728622,0.014830385316416915,0.002018153060231789,-0.002328770707552779
2016-08-18,0.006356625585439439,0.020346664235388643,-0.0008326990738152274,0.003053730827231124,0.0004255161451988862,0.00345693259479201,-0.002087184885460388,0.012257681362325492,0.0004034077843856202,-0.0006136658534283851
2016-08-19,0.001430510106343793,-0.00834459036015453,-0.00041631654257832663,-0.0003391155670424779,0.0006383399955667121,-0.0023640398134067825,-0.007791692527331927,-0.012257681362325516,-0.0008066764635599425,0.0006136658534283426
2016-08-22,-0.0014305101063438244,-0.011570614879060989,0.0,-0.000847487608661825,0.0,0.0014559054384251562,0.004801773940208412,0.00258274929176796,0.0020148396247941093,-0.0009822744907315643
2016-08-23,0.008548951320117366,0.0070155585801982496,0.001249015616393481,0.0008474876086617995,0.003608955453942314,-0.00200197685360549,-0.0005986435043274881,-0.0043744590380088546,0.000939497132799501,0.00502307234589319
2016-08-24,-0.01161944404424638,-0.004002582701792183,-0.00041585278239594304,-0.0030544608967407808,-0.005524567843432471,-0.0016412715400485676,-0.0027002176451558315,-0.000399354485905167,-0.015812336342317043,-0.004777594796414683
2016-08-25,0.004908898047119334,-0.0027253310545645414,0.0020787059586163717,-0.00016969724293463485,0.0021283018694578993,-0.003839536859789951,0.004196990640338658,0.0005979356058049337,-0.008481455683463427,-0.0033207074830646625
2016-08-26,-0.005729728939083453,-0.0034538511550145055,0.0012448023113378556,-0.0028939678770552473,0.0004250633767440722,-0.005142270663163299,-0.009920774765946536,-0.02093875765074513,0.0038389337079519493,-0.0028376176147588985
2016-08-29,0.008988896789802654,0.006751845258950982,0.008672465500401101,0.0071342863899070295,0.003818626692229232,0.005874843510886819,0.00992077476594649,0.008105409163822337,0.0021874193032092562,0.003453607866629463
2016-08-30,-0.0024436869964901556,-0.0034418878442925597,0.009005507577474477,-0.002711854435001763,-0.00339329430664106,-0.0058748435108868105,-0.0029958695029227104,-0.010549909180700956,-0.0034196525392642405,-0.005556155719929042
2016-08-31,-0.01003977222831717,-0.01592852360584687,0.0008146023329395715,-0.005616340987274067,-0.0017014252378667772,0.00128820826920372,0.0014990965077399925,0.004071099753441046,-0.0030193905398361053,-0.0026034263928871493
2016-09-01,0.004109939453756961,-0.0029235830985057647,-0.004080354332841999,0.0008529816356586211,0.003187184041680046,0.00036740358995731925,-0.00029973524674036016,-0.005091204154493672,-0.0026142839711542267,0.0019843170085465252
2016-09-02,0.009999553026330916,0.011209041464376216,0.004487349497555741,0.004933104226550635,0.004444881790311428,0.007691145495829681,0.006570976231085911,0.01318338813468092,0.0011016883608618302,0.001980387291074585
2016-09-06,-0.0022363717855250803,0.014942888039215323,-0.0016294345851299464,-0.002889050385486973,0.005055904192017056,0.0021863653276715644,0.008301465723638601,0.010821631832058944,0.0035721895363251205,0.0018529275887390856
2016-09-07,-0.0014252898613253881,0.005688439717554239,-0.0004076590126049821,0.001190841432702065,0.0025184428393492065,-0.00877483552053148,0.0049739976852679925,0.0001997609820371015,0.0,0.0004930483926279936
2016-09-08,-0.0042887638136457455,0.018544788658848704,-0.0008162765951325875,-0.0008504562943250833,-0.008208057922414273,-0.005524020548290175,-0.012780782211420894,0.0033817878306891674,0.0008227128286930795,-0.008671630444331746
2016-09-09,-0.02949351274508518,-0.03024087299848747,-0.01895385587021976,-0.02864737607500847,-0.024819253130666213,-0.027516993259963648,-0.03873009370003998,-0.0382600142640878,-0.0202111585780109,-0.024434180975055585
2016-09-12,0.00944113812579636,0.009850753096194181,0.01116859377388088,0.012699277011739698,0.016543625795799235,0.01861485295639246,0.004033956094939878,0.017591535959256766,0.014714567852130796,0.013927255691442396
2016-09-13,-0.01875897084019254,-0.028970811349516245,-0.017846616978137535,-0.014802238919049068,-0.007271278100637468,-0.012371321293947598,-0.017810074413744527,-0.013884053718907144,-0.013457333460014256,-0.01431049151550526
2016-09-14,-0.0023437556292988312,-0.011916248934483212,-0.002515416923549667,-0.0008775344306405429,0.004710833957343072,-0.0030223557548585823,0.0018895242751699112,0.00389875234449325,0.0,0.0001277975102991604
2016-09-15,0.006377924525916957,0.012354965375930622,0.005859885506222505,0.007870460788837342,0.01631576697033252,0.008102167653038315,0.0075237523396596995,0.007548816242924694,0.010282519087068781,0.007243044593509999
2016-09-16,-0.0040124473923675965,-0.008106773936066158,-0.009522003628483338,-0.00840837284413893,-0.0036791369292308853,-0.0032529748760183547,-0.003441243759324768,0.009709894804990996,0.0006799081697207339,-0.002162607557642131
2016-09-19,0.0014957723623216827,-0.0005927510816444547,0.0063559048698816935,0.004406693111183135,-0.0019080797794754855,-0.002086110004976443,0.010288571451535137,0.00989801104024872,-0.0036120045129775426,-0.0007648582553950985
2016-09-20,-0.0029943786980677987,-0.007295749709442337,0.0005177170901993046,0.0008788077639734671,-0.0006369558629919611,0.0026540403645641856,-0.0018628678063068295,-0.001810710766609294,0.0030569069746282525,0.0007648582553949656
2016-09-21,0.015092849323641909,0.022897823797449295,0.006191905519667663,0.01291913540772916,0.011192231579191246,0.0054754680857541805,0.011432001409571308,0.02013443778947517,0.009940797517521211,0.009633482349467325
2016-09-22,0.003159526799544019,0.0011679685012868015,0.002055321980211196,0.007086816419441033,0.006071268311829614,0.00881051825469037,0.019471281599466414,0.0060993686588721695,0.00752794275277335,0.007290157929050571
2016-09-23,-0.005060143246296355,-0.013364068432829172,-0.005146658468769711,-0.005873189708219688,-0.008804968505520582,-0.004489441922156043,0.003909331709853472,-0.0007846373418399915,-0.0031410407803974592,-0.002257013707991827
2016-09-26,-0.0046611722316968985,-0.004445078810056914,-0.016125069518262647,-0.004340736622717407,-0.005913495743032721,-0.00847225415099986,0.002098528753675628,-0.00255552425340368,-0.011694422525843308,-0.011106783186964734
2016-09-27,0.002968491096812518,-0.0067049713232507245,0.007834991630757232,0.006935728139665682,0.010954572095088249,0.00415117781846544,-0.0087231784690814,-0.01307466055150535,0.007032941147410004,0.010102157756644296
2016-09-28,0.011368620761168922,0.04229819860705756,0.004671791766197048,0.007746432304958115,0.0018838050834543774,0.001692758351771024,0.006924607201838263,-0.0013969112980317558,-0.0015128285586535522,0.002760637757670189
2016-09-29,-0.0077753231795322855,-0.0017212231349993624,-0.014081127379763938,-0.007918968604914376,-0.00608290575071575,-0.009822266802089478,-0.0123775430675391,-0.015089434027374317,-0.01777314929562916,-0.005150424182789656
2016-09-30,0.007356663721754682,0.013545415016603559,0.013562906235603897,0.00894696835863373,0.0052461265371176935,0.010010616473115306,-0.004566897372638256,-0.0069160082574971785,0.010174857281168292,0.008028180980884973
2016-10-03,-0.0012575150944707525,-0.000708520934208954,-0.004674337578041587,0.0008563215304647558,-0.002934651814583331,-0.0064102759803041425,-0.01941200181335963,-0.01418474026597972,-0.0008323583977479488,-0.0006250141546908124
2016-10-04,-0.013723385069875417,-0.0102564118235464,0.004156083747947656,-0.00842158237298766,-0.003574437853702919,-0.008547891257596356,-0.015363167879925739,-0.021132696099955564,-0.0019447852093334287,-0.0035064509202888733
2016-10-05,0.006779519873000139,0.015204671967712888,0.015942973278252552,0.006365670824349193,0.003574437853702897,-0.0009542394851844538,-0.018817557956926925,-0.0021167732893134154,0.003886105353813947,0.004131465074979616
2016-10-06,0.008201380291346027,0.0015496830257155864,0.0015291650510594191,0.0,0.002306497232253961,0.001907756968605245,0.0019300621916308446,-0.00021182559640673412,-0.0037472265409653122,0.0007490393757742629
2016-10-07,-0.018814829612550547,-0.005789422235673163,-0.00050919120197091,-0.012945480490184194,-0.0027262474458915505,-0.002671861173602427,-0.002574102847776603,-0.0012728817829897926,-0.0006954582763200102,-0.0045043641158889584
2016-10-10,0.005957599441999635,0.015597713200857722,0.005083514153199792,0.0010415658584955443,0.006906041865551188,0.0,0.003858631308712196,0.008242582737256853,0.004580963068660004,0.0016290812952980771
2016-10-11,-0.01366914417653562,-0.01149919804021962,-0.009169666524857255,-0.010467482098176073,-0.011325734277576641,-0.005172913243930338,-0.007731952563478434,-0.011430850674959346,-0.02538903046029967,-0.012218915913700291
2016-10-12,-0.0019378357417534932,-0.004240099151174911,-0.001024152283639439,0.0019273192376711276,0.0016859922183344398,0.005554803161442112,0.014129876233956213,0.00974587594176811,-0.004699163177146811,0.004678246012013347
2016-10-13,-0.005184562960766282,-0.005539482233148083,-0.009781118968710473,-0.000350281458389951,-0.00633715924909807,0.0001909373071150799,0.003183803172818759,0.012362619134067164,0.00042802328957150103,-0.0036649463686292652
2016-10-14,0.003243662415954415,-0.0058565699330767025,0.004645033753136391,0.0020988295566913623,0.003807148250719421,0.00019127698037048313,-0.001272439906519192,-0.005638392264148856,-0.006727694423975335,-0.0011402476960914868
2016-10-17,0.0008630765061788228,-0.004883463732979051,-0.004645033753136508,-0.002624442532631297,-0.0021132134161039053,-0.004785470890110943,0.0009545658401954143,0.00542969121260887,-0.0033094760033434726,-0.008273691069003474
2016-10-18,0.009018550113880594,0.00402322598267188,0.008243329961939952,0.0021002462097381444,0.00548520009927685,0.0030651085234868853,0.0050741506488120435,0.008503865554923697,0.011890503322081586,0.006624249132657107
2016-10-19,0.0072419000847282625,0.014095719519633553,0.008684462486419403,0.0031418475227203307,0.0018917245088967785,-0.005754653000048086,0.003789350651292584,-0.002274193870690372,-0.003709339829109383,0.00443432754881571
2016-10-20,-0.0008492481273435535,-0.0011315500551642003,0.0,-0.005417254447193407,-0.0046306970281898745,-0.0005772055707120662,-0.003472582991358348,-0.0006209779796155565,0.004706053418180356,-0.0018979731744387146
2016-10-21,-0.0004249927789204716,-0.0065324049574771986,-0.0005087614963976677,-0.0014027068484202868,0.0027389725192928853,0.005375156518654749,-0.0006327981719858395,-0.005816578758575971,-0.008286050053814291,0.00794680041742839
2016-10-24,0.00233468997539085,-0.0029963751808679295,0.0030486936321398026,0.0019282544253273904,0.009631492322522792,0.006488571055979268,0.0012650288712271933,0.0037428279876702253,-0.0018665830791457106,0.007136332649582452
2016-10-25,-0.009157476089524757,-0.004582930435659059,-0.0010153144409429636,-0.0026301885207934005,-0.003548586571807004,0.0036077671869439486,-0.0012650288712272916,0.0062075443542778,-0.0028785265886025983,-0.011795513801123168
2016-10-26,-0.001498753296688321,0.002293928749858034,0.006075906492363815,0.003505382961563783,-0.0056622722530970185,-0.0013279291620532947,-0.01305978551111827,0.0024722259192349575,-0.006071908035311217,-0.004301282475795101
2016-10-27,-0.0012865350022640508,-0.003730737491346681,0.002521068565652426,-0.0068472654385457,-0.0012626091824128373,-0.004564791702980548,-0.024011406662309862,-0.005985041522991513,0.004629402429489901,-0.008402349206131803
2016-10-28,0.002570922976552946,-0.002734895896627698,-0.004542233274872323,0.0059720709977751805,-0.0010533342293906434,0.004185459950477266,0.002623739682349029,0.0031003959351542363,-0.021889022657641,-0.002303777408906908
2016-10-31,0.00042809217733048844,-0.01087054471632062,-0.0015186742199183088,0.0019247005617394949,-0.0004217867771323388,0.0024650467756524744,0.013663521263797357,0.01981847411654908,-0.0062160852756503685,0.0007683360556000894
2016-11-01,-0.0057920829569493,0.00014566903305091733,-0.004060685258024912,-0.008601788653829788,-0.008683825948011679,-0.004365553048039952,-0.01990608217059426,-0.018374898631756557,-0.0053584957275835685,-0.007067030415086712
2016-11-02,-0.005393118143885787,-0.011135515847288497,-0.006634291397194798,-0.0037092182623488117,-0.006402073804595524,-0.0024757510482940797,-0.01561264280766833,-0.01264907206862449,-0.005237637419169143,-0.006078929605975868
2016-11-03,0.00021598456618108738,0.003969924237963301,0.0010229293258751076,-0.0015941140266094785,-0.009680668274316026,-0.006888808344298658,-0.00436158114257955,0.003748526720126115,-0.009497289258564212,-0.002598625180142231
2016-11-04,0.0034545977470854788,-0.005444738555811324,-0.003073100415099703,0.0008857380280735251,-0.0017307686631433054,-0.00906533568999116,0.0067022962410308124,-0.003123423076203331,0.006943501856142236,-0.001952751928770513
2016-11-07,0.01518557652670594,0.02131505058457342,0.024830221471629024,0.02431688907686646,0.02142331002342723,0.01671636452074126,0.018203609477540215,0.017366939304348173,0.025250103413411273,0.02280579703315871
2016-11-08,0.003179141764166421,0.0012991279904292392,0.0005001328457515133,0.006031012726127286,0.004863155454827618,0.004183447727138599,0.006212118088098707,0.0077583170767098935,0.002782981583904633,0.00406838167810053
2016-11-09,0.020938571847427385,0.016169431484306326,0.041642080885559665,0.02477208195444339,-0.0012664289916702288,-0.013756439169217862,-0.022747060682152095,-0.03750592937230815,0.034642271500679854,0.00202794744612321
2016-11-10,0.011537265620583687,0.00424950820442951,0.03628207317129356,0.021060365024927842,-0.016180551472032297,-0.027105082108297658,-0.015118752193801922,-0.024365310052742877,0.010959627793994816,0.0036649463686293077
2016-11-11,-0.013818972423111881,-0.018401892650353295,0.002772563950457896,0.0018033081790448506,0.003000329005582146,-0.0009889693482033849,0.0010150174639999622,-0.004119196691931268,-0.0150653589017925,0.005660879295658341
2016-11-14,0.0022817068025283095,0.005599453550656265,0.024163493912719998,0.00424993530997058,-0.015310364033313487,-0.0017819300168318206,0.01942460569520119,-0.0006516347081807753,-0.0031258510409797333,0.0001254152931659105
2016-11-15,0.004135994023796684,0.027812925905474795,-0.0009010753503015066,0.0037446395613802757,0.014025585064372053,0.006125418921958579,-0.006655281196943539,0.015958722012802795,0.002842565081901295,0.0038806187576793266
2016-11-16,-0.0018590997706026994,-0.006986620567680011,-0.014532796916175669,-0.005703881423947383,0.009171016310646207,0.00019701462283735642,-0.0006682713677861448,-0.0068700301914971845,-0.004266660350571457,0.005481713622045036
2016-11-17,0.0004133896704011913,-0.006752630887833803,0.013630498015595802,0.0021222900069249317,0.0063494095002515115,-0.001773850333857814,-0.009399157680783126,0.00021529331353027873,0.00398240529811546,0.011980883356182092
2016-11-18,-0.0014477076587989818,0.004085394357593216,0.0,-0.0003260495468022256,-0.0008442859693133127,-0.003558435967482731,0.0020214856764277983,-0.0030198923415084506,-0.010703235964568012,-0.003074113395443243
2016-11-21,0.011727202657592082,0.023481334255476372,0.0036038092489253325,0.005368786816522763,0.010084247362521009,0.0067103997779109845,-0.002696253119559044,0.010529743165351595,0.003580638420843843,0.006506094794459999
2016-11-22,0.006117599728664662,-0.0005497262102997737,0.00044932137215597615,0.004533109590510273,0.0031305034486079127,0.0051009183921650525,0.017066053254572857,0.0038405820826497247,-0.014543886930135875,0.011798410843734073
2016-11-23,0.004462529519579711,0.004113898159953233,0.005825727733157953,0.00740269626672754,-0.003967020929873697,-0.00549444365697319,-0.00699212813065833,-0.010059201752820601,0.00390849975836052,0.0009666603656913547
2016-11-25,0.0030312856671915554,-0.004938199721394096,0.0013398504384828974,0.005436286077363576,0.004175168219511061,0.007840269737398655,0.0043339535318672184,0.014308837167422112,0.0038937978319612894,0.0024131285106197297
2016-11-28,-0.004043447824616882,-0.013986723547951675,-0.011669958197146585,-0.006880588362172135,0.0008330336123157173,0.0021451253749279076,0.0036529080529519656,0.019112064845610812,-0.007512271442149482,-0.007985328877865036
2016-11-29,0.0010121621574252062,-0.012347420691981744,0.00270475454786653,0.0008027197955719375,0.0006243639681508596,0.0013625136242855333,0.006936349402638881,0.004152458712525453,0.006504189830214824,0.0026690035767617595
2016-11-30,0.010669434369153916,0.04957664543408525,0.013416832704939647,0.001282681587588481,-0.011928496855903798,-0.016081746768422063,-0.012253682759616854,-0.031996145850879815,-0.009554350857657616,-0.00839478485243788
2016-12-01,0.00040067348803595127,0.0024155339282470423,0.017177758828681333,0.006547784228403582,-0.020847307544353932,-0.0065456637872722614,-0.015446995910801436,-0.007945710002331179,-0.00729929962196223,0.000488517685481411
2016-12-02,0.0004001435248364446,0.002944518036533753,-0.010977036468906227,-0.0001591546145352511,0.0036477517791970344,0.006347714292178506,0.009430903854263723,0.009014452819713635,0.002341787005322086,-0.005510148688523279
2016-12-05,0.0077725695030747425,0.008781064255969757,0.011849892853513212,-0.00079651137260097,0.009591846372487448,0.0011860397511205241,0.008013351885327815,0.0012816898649240418,-0.0017559569220022477,0.01086876447355493
2016-12-06,0.0011906472130990687,-0.0018561539271790524,0.008688293196903627,0.001910348060349672,0.0029658212365056918,0.002958232354832221,0.004313818470927873,-0.0019224897214537996,0.0027783749255326858,0.0023051419444880274
2016-12-07,0.0141762899212828,0.007931098285498256,0.015450986042704956,0.01843606602451949,0.018856098491098244,0.014273333212546126,0.020646469676933055,0.012958417232378729,-0.008652901851563642,0.019203960461978652
2016-12-08,0.006625142187408771,0.0053838358689517266,0.009325780506411214,-0.005636699564962932,0.002487791594296424,-0.004085131565753417,0.005176356715689013,0.0016867508603107533,0.0019130042331134873,0.0
2016-12-09,0.00019410192886635467,0.003137804943213892,0.0021078044463755117,0.004543150380838491,0.007219917723974425,0.014321969975391095,-0.0006455811511551215,0.010479911754310314,0.012128740142685982,0.002256145127177958
2016-12-12,-0.004475885176093506,0.004689094369490937,-0.009731603619602,-0.0036016440508305865,-0.0030874475958116853,0.0040271582209401025,0.010279278242086624,0.010371753412974931,0.004781549374486757,-0.008337599794786843
2016-12-13,-0.0015615688610174435,0.011240914935418535,0.002547890776756715,-0.0014125215041759537,0.012498936827704532,0.004582694930619648,0.0025537315330596212,0.010264546109814691,0.008062117314369753,0.008930198850916837
2016-12-14,-0.011988379626644568,-0.020247321236381368,-0.00467613565179026,-0.010104250252219126,-0.0034678602400814696,-0.010918483827746522,-0.01768824196675833,-0.02084493904972394,-0.005175345537228401,-0.0067797311005651836
2016-12-15,0.006503423737406573,0.0022267827526514087,0.00848584098706128,0.001110055777528417,0.00448513617324664,0.004228284884776966,-0.00814460696580203,0.007066125733952691,0.00646507174360013,-0.00238987332497372
2016-12-16,-0.003089406672676036,0.006188286685641986,-0.008652769370856126,-0.0020114965809376615,-0.007258833136818873,0.005703050331495199,0.013927117414660075,0.012115926583379334,0.00079058706164484,-0.004921499413247099
2016-12-19,-0.001985011814291093,-0.00458528974852398,0.00042807999794854156,0.00557734117470832,0.0071770295056181824,0.001919337585780388,0.008830585890930194,0.0037115176878549103,-0.004176274376236423,0.0026568978143925765
2016-12-20,0.0007946597681039246,-0.002234529978632547,0.012332779831475458,0.005704547552942942,0.0036715642217014393,-0.001919337585780416,0.0006509851529918613,0.0012336976965548999,-0.0007219265084563392,0.007928799813312721
2016-12-21,0.0003970932028820802,0.0015779377057339378,-0.0025393892791935736,-0.0037996026153117807,-0.0020383027034151266,-0.00019215531167104144,-0.012772271379581137,-0.0041191721098121905,-0.00564851967766239,-0.0004788814574526345
2016-12-22,-0.004177318242787057,0.004064851943535143,-0.002545565413430147,-0.001904944937631153,-0.0020421227220377433,-0.001538290980873919,-0.0013194039422808389,0.003502355925576337,0.0013063045034737,-0.010832669888703714
2016-12-23,0.001991397331303761,-0.0009167211052947264,0.0016978594924927993,0.0009533161809347095,0.0010217968916137008,0.0019226585781310643,0.000989480486069827,-0.00020561991771896027,0.007514313461041628,-0.0021812350938777187
2016-12-27,0.005356458191794611,0.0022242264424371327,0.0012715294964892674,0.002061485757440908,0.004075669217821267,-0.00019221228558601863,0.002634464745600933,0.0008224361019548202,0.002013742183009798,0.0038737379769890673
2016-12-28,-0.010142215930183707,-0.010906067007276843,-0.010217214127833898,-0.010511408588834209,-0.008988586820298941,-0.006166885902830151,-0.007592289837369722,-0.009500372820218714,-0.0076441931854991756,-0.006910116659516809
2016-12-29,0.0,-0.0019838439913953242,-0.0073008375301158585,-0.00032051030092559405,0.00020503325274593478,0.004628608552490874,0.009235120857264176,0.01339820433730344,0.0017360977355768373,-0.0013391938808803212
2016-12-30,-0.006618096847983095,-0.002916740726385095,0.002152912594480385,-0.003529465899925301,-0.007826870149275302,-0.00501542864339837,0.009475460717300172,-0.005543591011495119,-0.0036199601941290225,-0.008440546067259826
2017-01-03,0.005818468455098,0.011222330570627822,0.01112034050466958,0.00592907975147768,0.00885226645923363,0.0036678688371642966,0.0032468118492464527,-0.00247341261540173,0.012970168313202168,0.005878986651498006
2017-01-04,0.014497063334669573,-0.0021029591526787726,0.008049428176326468,0.0058943457546981465,0.0034781607399840854,0.0,0.012562863507432786,0.0037079335724364126,0.007844264402471763,0.013224622818785073
2017-01-05,-0.0029618040672837838,-0.0025023265489137227,-0.010178313731897514,-0.002863191591896618,0.0016326804113037726,0.0032700370443869706,0.005108537951835938,0.0010278843512157557,0.005101522432221319,-0.0007235042128939383
2017-01-06,0.0009884544547533022,0.0009223109707106712,0.0034042951253886954,0.005717784153377768,0.007314040544997296,0.000959854423537704,0.0,0.0030764920894885074,0.0028228551951720196,0.00493287494105281
2017-01-09,-0.0001977214915293904,-0.014600626140643015,-0.006820315995423368,-0.007790659950226534,-0.00020229368481514668,-0.00809080102697621,-0.006389823034793004,-0.01319351072354729,0.004219147835993895,-0.0008407593448815208
2017-01-10,0.0005925038115322958,-0.00913387437386503,0.002136646099682023,0.004141250608385877,0.0002022936848151805,-0.005041970697980741,-0.012578903461885827,-0.003117095535803568,0.0035029904732981772,0.003597172011838373
2017-01-11,0.00806391129655771,0.01073725986520173,0.006381529388234338,0.005232062708886244,0.004645047244039427,0.0019420759216882244,-0.005532867142277871,0.010354086859138762,-0.010121421805822066,0.0021523483412046523
2017-01-12,-0.001960760695882844,-0.004146808638085352,-0.008518175487916287,-0.0041198790956776185,-0.002420648613743189,-0.0009704715736904969,0.003908713732443079,0.0008235164088138159,0.000988851962544667,-0.0009556606319796396
2017-01-13,-0.001571525625493905,-0.002953697588975777,0.005544906425605672,0.0038033932657398017,0.003024896320931629,0.0005826046787876623,-0.002278374093879164,-0.00144204658572095,0.000987686727437673,0.003698893337526394
2017-01-17,-0.004531624975180998,0.006165372778910415,-0.024107500359111158,-0.00778069223739724,-0.0038333658416834756,0.014069693855651084,0.008112988802169154,0.010866820123967499,-0.005089324835960451,0.0016662120152734358
2017-01-18,0.006299192763869265,-0.002273911384575722,0.008244442669673002,0.003818592669609444,0.0026246743122374187,0.003439117225322923,0.0022599014296972,-0.0012246099532768789,-0.0012759778519417406,-0.0017852053200971478
2017-01-19,-0.0062991927638692356,-0.005506130085775528,-0.004330908209055605,0.007278489945757386,-0.0014123844678189685,-0.0036303497927743754,-0.009721396339984492,-0.00881755318676761,-0.006406524647430201,-0.003102405443193688
2017-01-20,0.008847122402277256,0.003763437279588208,0.004763155170072211,0.00015734416603604596,0.0054363057415431635,0.006487242439346509,0.006167777888589187,0.0018519716056119317,-0.002574069887985457,0.0028637782124816655
2017-01-23,0.0019554826453256425,-0.010654862428749143,-0.006500744622760111,-0.0055320274201901025,0.0018058907374682704,-0.0003804725753253337,0.006130053070917846,-0.005153209958754374,-0.004160822586080329,0.0007146151350386606
2017-01-24,0.02545932531514006,0.010923294353612315,0.012530038782652174,0.00993619685681459,0.0061942845468432465,0.0066370905891315795,0.00032194324281683027,-0.00020701963429767476,-0.006925483268569758,0.00818172601012845
2017-01-25,0.006643156771878242,0.005216921754758575,0.01660700863552518,0.010459854003692539,0.009516402325199439,-0.0001893088721251383,-0.006128410114755334,0.0,0.009366762472641534,0.006122123438669759
2017-01-26,0.0026449549355318336,0.0008003027108118144,0.002530247346693737,0.0023271658513503977,-0.0027661121926984573,-0.004357064484423018,-0.0006471930070014245,0.0004134687420540834,-0.007775294218887843,0.0015245208283612569
2017-01-27,-0.003590895057323042,-0.010452941358156323,-0.0037983986721458474,-0.0007754205722205644,0.003949144251558482,-0.005521500322211778,-0.00845269719174924,-0.00020644910775640473,0.00820576060658007,-0.0031689083089116916
2017-01-30,-0.01027852858147801,-0.01849160302504605,-0.008066226297114404,-0.008564936306577474,-0.008113128915476983,-0.0007634369895381486,-0.0055653878061227464,0.0008263845893331421,-0.0048866804234319215,-0.0011761498662353552
2017-01-31,-0.005948126235755589,0.000411768946755455,-0.006414179843545834,-0.008796467356034326,-0.004979770636460389,0.004764502894087731,0.008173913917304624,0.015366994367169326,0.015865429530468593,-0.0015316576140505709
2017-02-01,0.00499159134714173,-0.0074351114139873985,0.0012856655137627297,-0.0017374611367887288,0.0075594875489299485,-0.007826340782411744,-0.011132853039469875,-0.01743413202359622,0.00861281954157425,-0.0018880088157810825
2017-02-02,-0.0044142125856021005,0.005650300184460243,-0.003862940619315508,-0.0018984562010266699,-0.001983787445577922,0.009156603617678333,0.011783838192461772,0.010497077627188468,-0.000281138501321052,-0.000827051898924567
2017-02-03,0.00172934618564181,0.00862015258793488,0.020013088693584716,0.007415140145665463,0.006531229639346633,0.006435855036760914,0.006487405425894811,0.0012277003996814069,0.004349413184993017,-0.0013009799659591218
2017-02-06,-0.002691829408213858,-0.008483126501785005,-0.004647949630115344,0.0014137886515898585,0.0005916985342468826,-0.005486656827317564,-0.006161944883463352,-0.0020469357129194628,0.001120014001190895,-0.0029632539878559068
2017-02-07,-0.00792500938201624,-0.01425297134335441,-0.0025445816183935566,0.0017248416267321694,0.003935570091539414,0.008124506167802007,-0.001953676351518264,0.0024560084868419513,0.0009785876239241412,-0.0009504686356629612
2017-02-08,0.002326040394229537,0.0023662649226793213,-0.006817409393739117,-0.001410999943961792,0.0017658754132763171,0.004131668511679238,0.00843872556638237,0.009764568568532068,-0.0015384066623736735,0.006159834826350203
2017-02-09,-0.00038723864429201604,0.011199996948815082,0.013588656247986356,0.007659209054949751,0.003131618656899987,0.004114485589370047,0.0041928912637426334,-0.008538874762320695,0.0036319924750111976,0.006239371077010448
2017-02-10,0.00906201842653594,0.007533438205963274,0.002947747997337708,0.007910052727368607,0.002927237235386904,0.0007460491137991808,0.006736149139118696,0.006309066874953698,0.0019501618076687036,0.006084062166583454
2017-02-13,0.00821948208397533,0.001908691930369628,0.011290190039630967,0.009991520042437467,0.004471490192378361,0.0,0.004784223612977791,0.0048575536054048865,0.006104173484534637,0.001165592697767072
2017-02-14,-0.00019018234772199137,0.003263515008061979,0.011575049526390865,0.00045884133940606747,0.0032927331756606748,0.00018676712586469514,-0.005103981610088275,-0.0072947920618136545,0.007853041347716657,0.0056931076615892055
2017-02-15,-0.0013338641404987556,-0.0039443894854825695,0.0077790027016379605,0.005336676563093738,0.0032812796454532254,0.009095211644919839,-0.002882098944429922,-0.0024436096519796476,0.010782869860335966,0.005199490045172319
2017-02-16,0.0,-0.013723526279961753,-0.0024500301518849688,0.00030419534385014546,0.0023099930736918436,0.0012926794921023581,0.004160600923436632,0.009940099585708633,-0.0013585054949781421,-0.005083569783062695
2017-02-17,-0.002863972382128981,-0.005542816533373381,0.0004086473994852618,0.0016708120753849453,0.0034547337540088183,0.004969916456014393,0.0028704808134661676,0.0006053648621273422,0.0013585054949781627,0.003237715382164393
2017-02-21,0.0032449832861154767,0.006785520061000001,0.004892261967328402,0.0049955491563543775,0.005160424703530356,0.00895712626081472,0.013601111079768118,0.010435621068409933,0.004469970789797063,0.005756574287681872
2017-02-22,0.0026647628888522867,-0.015296922022654454,0.0008128095691377861,-0.00272184312533021,0.0011426741542591486,0.00018215809540754208,-0.0037773158858206693,0.004183631774641962,-0.0014876306539432728,0.0
2017-02-23,-0.005527555049065067,0.0041948268164099705,0.0,-0.006532383805717032,-0.00018995543376601755,0.0023624675955407886,0.0066009687249890085,0.010284845475754072,0.007282153047382464,-0.006795997956423774
2017-02-24,0.002100362693800869,-0.009393701737293378,-0.007750258888271986,0.004258677774692813,0.0022826689521503055,0.003442685680919645,0.004999981788411591,0.0150382659038161,0.004825930145053585,0.004612611445126833
2017-02-27,-0.0024825538197034325,0.008556441252556335,0.005309014803809572,0.0036354523052222884,-0.0005706177486613363,-0.004532307193670294,0.004975186905907343,-0.0056371510601152044,0.004802693088436566,0.0011496438092336056
2017-02-28,-0.0009566879255674401,-0.0030778041025378484,-0.0004069461929835117,-0.004090950215508235,-0.004763951607459035,0.001270961874022723,-0.0031066101493859417,0.009119795587515842,-0.0019982603447179265,-0.00749777523010956
2017-03-01,0.01933366390947922,0.019835791672526585,0.028125373470114158,0.016713352418380727,0.014036345467310326,0.004707581946550647,-0.002492158346444815,-0.008924857117464349,0.009951726647524332,0.011168353612950271
2017-03-02,-0.010757810634694479,-0.009521925550876673,-0.01557228252916606,-0.010809215627267384,-0.006614069482306231,-0.0001806652353169218,-0.003124160711168223,0.007185149792186912,-0.0031740827616735206,-0.0024074948646270722
2017-03-03,-0.0007594488645342044,-0.001804132142753109,0.00481699492625404,0.0010559401145750827,0.0022725671179126337,-0.0038011747625696537,-0.0031337885450949655,-0.003100592281081956,0.003966208004246243,-0.0014930027412284846
2017-03-06,-0.006477525358780435,0.0022201043919163285,-0.007637730108658564,-0.0024152178484901417,-0.0015144442560792598,-0.004361928131766283,-0.004088711535119995,-0.0019432353515450044,-0.0038335074890024547,-0.0032235637517731273
2017-03-07,-0.005558014368483689,-0.008909909014168597,-0.0028290810552630587,-0.002876006892565438,0.0,-0.0012758621360519984,-0.0034726771175180057,-0.0005835785073475298,-0.0070436088140398865,-0.003234182318438406
2017-03-08,0.0,-0.026354428601805435,0.0004046055034692688,-0.003492649580397415,0.0011361474353120179,-0.0021910503799786,-0.014975817974237022,-0.014504281844655015,0.0039933032614253485,0.004156509232001158
2017-03-09,-0.003080043373257831,0.00658253172059296,0.0036341929355701544,-0.004573826029331973,-0.00018936096450207807,0.0016437153874093724,-0.012924221542802086,-0.002174314765778158,0.00543084883419584,-0.0009223269135628176
2017-03-10,0.004616470841537035,-0.0014274539457187006,-0.0008063461013774306,0.006093797625733826,0.005286071120981451,0.004551642156180305,-0.0009762127469577723,0.00827579518697638,0.00382440991958703,0.001498012362760728
2017-03-13,0.002874136220504623,0.00014266853366932126,0.0024173639000052483,-0.0006074534086461818,0.0009407485160816028,0.0007264007942712715,0.0013015461489597178,0.002939049829138134,-0.0007898963108978771,0.002644719108100071
2017-03-14,-0.008647841133107272,-0.011346177386643263,-0.0028207351824043694,-0.009467237218062384,-0.0022599654829333483,-0.002908685517151274,-0.0013015461489596608,-0.0009783903515775904,-0.003694847606301571,-0.00022976078793621803
2017-03-15,0.015893007037241894,0.02200087366422448,-0.0016154805540169064,0.011288966000255708,0.006764553000324317,0.007436598010911838,0.019023945242007026,0.015931965606215695,0.01248157124048141,0.005269849701609782
2017-03-16,-0.006862243602146384,-0.0070904223471488954,0.00161548055401686,-0.004561240528386197,0.0005616788349692321,0.001444228125528577,-0.00223805713836994,-0.011047567312531967,-0.009709097748834319,-0.00011415282838937057
2017-03-17,0.004288717693350674,-0.0007305394573116783,-0.009849355740623832,0.005450344096381508,0.0021584530418225674,-0.0027245317692813583,0.001866460900798009,0.006010665358241835,-0.005520067274617714,0.001271293802068358
2017-03-20,0.005525537219243141,-0.0014335003104474435,-0.008213682508800788,-0.0018287918339784893,0.000936938546857594,0.0019987507729292624,0.0009639883685214199,-0.006659246690274382,-0.0014639512655326,-0.0024065518129836676
2017-03-21,-0.016861818336798364,-0.0070550107403674674,-0.028441832567412666,-0.015370724029405052,-0.01471732327112072,-0.0009081001402611323,-0.0016073024122996821,0.014049049950514526,-0.00789276694719653,-0.012702476343240962
2017-03-22,0.002894197414334668,-0.0014458100756308398,-0.002123399593841702,0.003556231401349286,0.006252946878192443,-0.0020004799615402093,0.00224983232369645,0.004832377687500868,0.0002684750437116182,0.0011615756315838128
2017-03-23,0.004229862700109397,-0.004059992731723015,0.002123399593841675,-0.0013899584522188261,-0.0026477541062599704,-0.0021868672669204427,0.007356445244820174,-0.0030900068397946225,-0.003092540448173336,0.002318821490108782
2017-03-24,-0.008864820185234509,-0.0039304012570230695,-0.001273383517297525,-0.0026311888452489034,0.0007570472733319547,-0.0020093271227629543,-0.0009565516526214428,0.0036684315559759157,0.000538097310617647,0.002428917191599305
2017-03-27,0.0021270372797926357,-0.00467833403406745,-0.0038304863144336737,-0.003570585933413128,0.0,-0.0009141330586691038,-0.008006411872116766,-0.003861813083621818,0.0026888323317230383,-0.0003468062151434783
2017-03-28,0.011523053211887851,0.014114538098444275,0.01355333007557572,0.01052008775013812,0.007165825469133068,0.001827786482425487,0.005771030870798577,-0.000774096589981168,0.0006707227860835895,0.007598167960810467
2017-03-29,0.0007637006680418222,0.013633087634961757,-0.006330081950566433,-0.00015408326324480753,0.0016897344221809402,0.0018250723118418237,0.0035105251361239372,-0.002714263561253315,0.0002685440642664519,0.0059467951013370945
2017-03-30,0.00019059421533153132,-0.00028500145401863676,0.013039186545940794,0.0055256270651556525,0.0018741313656418974,-0.0020073276259281072,0.002227391946679274,-0.007796108670343804,0.0001340069864155008,0.00261898921972161
2017-03-31,-0.00019059421533158618,-0.0034281268016547956,-0.008393009369712004,-0.004141235603882471,-0.0018741313656419837,-0.002927204021003319,0.004440363702084043,0.0039059481281208453,-0.0028201325696716813,0.00011382499419443
2017-04-03,-0.0038236485561490823,-0.0017177598304555515,-0.002109066994676172,-0.0021540679588292044,-0.0009383452218544453,-0.0016501805452888852,0.0012649806710854446,-0.000194950313236993,0.0008067088308537414,-0.003987604362066547
2017-04-04,0.00363258174054964,0.0072818177631695305,-0.0012679414217024905,0.002614992325365664,0.0007506681687288483,0.002931853397952912,-0.0028487670244356877,0.0031138654119481704,-0.0005377534565534324,-0.0015996763840927927
2017-04-05,-0.0007636720153409779,-0.003134714318306491,-0.0076401532795027215,-0.003231352280989234,-0.004135862671761288,-0.0018316682193705715,0.001583786353350181,0.005619726049609024,-0.003097123428173384,-0.0024038926485512885
2017-04-06,0.005333236825212791,0.007960336273754257,0.006370984519652586,0.0027704279144529116,0.00018806106810963577,0.0,0.005679975868964715,-0.002515232085993656,0.0017518018048058117,0.0030896318277628637
2017-04-07,-0.0009500440347792089,-0.0038302808748267524,-0.004242777887119803,0.0010754330473994663,-0.0005649196553624214,0.0027458012780395015,0.0012579016386424667,-0.004271254772781689,0.0017487383610068686,-0.0029750979027942976
2017-04-10,0.0001899419526588505,0.007504628128083281,-0.0025542957643534085,0.0024533798916234095,-0.0018866630357296165,0.0029213246612894333,0.006889994223015563,0.0017496803385116555,-0.0018835672699270378,0.003660748163997177
2017-04-11,-0.002665003506259985,0.0001408456645568921,-0.0029882974409648285,0.0013775429894998634,-0.0037837213084558883,0.0003644776558523761,0.004670830976552892,-0.00038847676976527915,-0.0013470764286496511,-0.0007996532721116485
2017-04-12,-0.012468127457184177,-0.004239959170223056,-0.008156077688863547,-0.01386123051304146,-0.00341709255723149,0.003818972174343102,-0.001554413713805594,0.007355668589946273,0.0,-0.004007790548637253
2017-04-13,-0.009697127265756472,-0.018440747192584726,-0.013015644787682112,-0.007159602960987777,-0.004001967563832302,-0.004548503700970458,-0.002180455789736922,-0.0032838265939706904,-0.0025648931062460917,-0.0070230961321095095
2017-04-17,0.007185198175791279,0.0021614010396403655,0.017316332791436132,0.010874803773378315,0.009123672720694772,0.007086700076786504,0.011471139114194425,0.004440173978767723,0.003643093783448693,0.010230593451501579
2017-04-18,-0.0011618309476763232,-0.00940167665724754,-0.009486654409489639,-0.003249924520602082,-0.00018938983461974217,0.0045161932656394435,0.00246321297825448,0.0023091782277260076,-0.01096934114658718,0.0001142850602622999
2017-04-19,0.0013551171413058655,-0.014787086202294067,-0.003037474667710073,0.0009296969996157039,-0.0007570472733319649,-0.0037922514422508193,-0.002154869916220578,-0.006943200981316106,0.002991133503560588,0.0009142871073913825
2017-04-20,0.010967034927614264,0.004855688119728938,0.01680688280711438,0.012007513900820612,0.009049391839839906,-0.0019919702560347047,-0.00030834306203388637,-0.003877993221153094,0.006225458412608109,0.0104559290140624
2017-04-21,-0.001148666453962533,-0.005003138933219539,-0.010309045681101647,0.0009175482759602886,-0.002066609213121823,-0.002905236320441596,-0.0033964660127229203,0.0050384646684527,-0.005953706580104045,-0.0022638943413770558
2017-04-24,0.011428411163402511,0.005883188128486331,0.02220416291028727,0.014117796709890143,0.011779465572108561,0.009049951005986665,-0.00994731154297801,0.005205666594802648,0.009858898831896973,0.006438217309360284
2017-04-25,0.015970454131830514,0.008469589362733197,0.008828873606539122,0.00481211833135713,0.005190935197351777,0.003955996806926611,0.0021845383597478936,-0.0013465400920080512,0.004291096048003899,0.007850473824846103
2017-04-26,-0.00018665035788782027,-0.003349948374705344,-0.0008372740304417231,0.00015017715227954624,-0.001109999712927517,-0.00810874123643678,-0.008452223303754362,-0.0030860305167344764,0.0054714349413810676,0.0046804445588775655
2017-04-27,-0.0022391942423474593,-0.011002829116514127,-0.004619338243848462,-0.0002999764765144647,0.004064426190521496,-0.0012674625494256539,0.0006283931906133699,0.0034710667732156157,0.0021269759945764647,0.005322747729866365
2017-04-28,-0.008444008788501713,0.0007372838445721551,-0.009727338927571537,-0.004662319007122328,0.002577242351611944,-0.0003622763575625984,-0.005670865845203819,-0.004824083064915966,0.002652697053249584,-0.003989518133598123
2017-05-01,0.0005655134941615715,-0.002804459557490251,0.006355077595322503,-0.003018989049382997,0.007511445557237586,-0.0038130851017495067,0.006299188725200697,-0.006014159636288236,0.0022491381204293977,0.0013316394682336516
2017-05-02,0.0016934207731457503,-0.005038644617140523,-0.0012679414217024905,0.00482629835120439,0.002187849869592565,-0.006753547420065564,0.0003139729286768649,0.0011668890002407232,0.0027715531449260394,0.0011085005832569374
2017-05-03,-0.009824567443436679,0.002818854289199478,0.008001793137431289,0.000751982267221365,-0.0018228120925211405,0.0009153256794447796,-0.012316697949526532,-0.0035042654694320344,-0.004888470117359883,-0.005887989472612296
2017-05-04,0.0011382489444333543,-0.01854125962557727,0.0016762361195111158,0.0010519997585631063,-0.0007301325256551042,0.007655907716279988,0.0009528239703899095,0.0035042654694320023,0.006599840500375047,-0.0015611395496496834
2017-05-05,0.014123708348644393,0.015722405336377886,-0.0016762361195110287,0.005093735388789636,0.0036449630815224353,0.002720084807677584,0.007905225984378173,0.0054271909416878815,-0.0005262097164019982,0.006230173336116557
2017-05-08,-0.008073051210890789,0.007105820330058688,-0.0008396942573810092,-0.0026935216374547265,0.004356717784322955,-0.00036240932402457866,-0.005368682617241019,-0.00038647813196670937,-0.00620585193196869,0.0018830973458272185
2017-05-09,-0.007568668385419108,-0.008295131390906688,-0.0037850904636716146,0.0013476344252869984,0.0012670003466055642,-0.0036297440270507838,-0.0038072319074922735,-0.007375854031023705,0.0011914745967586792,0.005739481750027203
2017-05-10,0.003223824671789778,0.013151533802738272,0.003365642602219396,-0.002096690740063585,0.0037916236994342254,0.0007269682370106096,0.0053891879574362546,0.0015576294856986417,-0.0029145326026768924,-0.0034174399597352214
2017-05-11,-0.0015158555043040692,-0.0020574794911539687,-0.006319602545271301,-0.00030015328052759757,-0.001262353295636623,0.0014526175862806733,-0.004753723888923979,0.0013602490749723302,0.0005302797817938194,-0.005981496262745881
2017-05-12,-0.0024679267062087235,-0.0033891086393521034,-0.004235684880943729,-0.005565458506423086,0.002523039819893737,-0.0029069944566956886,-0.0038189381270365723,0.004844453602319569,-0.0017253519953317471,-0.0014453387890523025
2017-05-15,0.008705353018084614,0.0077923654386554755,0.0076108869236113435,0.004664925130020376,0.005564089516759552,0.0032694887068407752,0.004454162598879413,0.004244162759275582,0.006487718018985688,0.00022272423945200983
2017-05-16,0.0001887410174332143,-0.004991710212842838,0.0029444005026036074,-0.0010515925620389246,0.004642765007311035,-0.0009070116961644738,-0.0050923884778671285,-0.007341554361715884,-0.0038349055361187887,-0.0034542743606358127
2017-05-17,-0.021325922706840104,-0.009910602431965594,-0.032006199776956394,-0.02019028586379277,-0.027636698028477118,-0.0014532325714973838,0.00636162817125727,0.002517471296799848,-0.013202399679655377,-0.016317316538800433
2017-05-18,0.0005767111772014057,-0.0002976627020085264,0.003895241159436557,0.0013793679096854208,0.005843666919675681,0.0007269244344788214,0.001900435468338876,0.003475660489876019,0.00442070920778749,0.005769687960699352
2017-05-19,0.008618577716377605,0.012266379936177654,0.008602386122180556,0.013084048570577171,0.005809868134492427,0.005434671754680089,0.005679975868964715,0.0038476970654365175,0.002802166508457688,0.006745142214741011
2017-05-22,0.0011434124549017796,-0.002205672998099412,0.0025659271520540035,0.007678995321971888,0.007933569343348634,0.005585182549480706,0.002514222948442776,0.008603157168081592,0.0026623483237562516,0.005029421865878923
2017-05-23,0.0007616363073145358,0.002352824047768135,0.007659852536099508,0.002097585787392012,0.001794731354442723,0.0010773332684990843,0.0012545830412667308,0.002661533814171113,0.0033171756396538016,-0.0037972548407212924
2017-05-24,0.006639451115387643,-0.005301227108025086,-0.00042411265833639265,0.0011966954488001607,0.004114467432864706,0.003940582385118204,0.005626951263200323,0.005679817975387362,0.002514455857018577,0.0035742199487874926
2017-05-25,-0.001135409128052386,-0.018327212268830023,0.0016950856870738967,0.006556711730428123,0.0071164603946153445,0.006237170303070315,0.0037333861572044318,0.008085254201163843,0.004746274741340093,0.008770335287361675
2017-05-26,0.001891604188780056,0.0016527659628391127,-0.00042347821577408905,0.0011877222578054122,-0.000531884958301265,0.0037240927449870074,-0.006230345244348404,0.0,-0.0018432795163993833,0.002980106181405061
2017-05-30,-0.0001889303657275524,-0.013451601292688829,-0.00679976990923517,-0.0002973428224273526,0.004247696274805945,-0.0003542835508759067,-0.0028165112683250846,0.0031784127655517095,-0.0014505612935835366,0.0007711998070830615
2017-05-31,0.0030188692406570646,-0.004269524530477149,-0.008565350434713962,0.001927461080012053,-0.0015907262268775222,0.002829129061870971,-0.0015680639489981843,0.005027500085713538,0.003951099088940898,0.00263955513129008
2017-06-01,0.011984647685926535,0.006245718272810341,0.012395836749147699,0.006201056734647918,0.002473411838751381,0.008088474594869095,0.003133672922504409,0.007033199925459483,0.01098067171388371,0.009400904159274007
2017-06-02,0.0024175046882702884,-0.011608622705833675,-0.0038304863144336737,0.00396596923916359,0.009134037438776776,0.0029726027365337727,0.008723152624652149,0.001105830222086941,0.006479135108998832,0.003584120871059637
2017-06-05,-0.0031622347699684157,0.0018421036850317888,0.0017038975996349255,-0.003524644783493399,0.0008741110798862558,0.0010471475269150164,-0.002484792329014671,-0.0031367731201238287,-0.002845773105917637,-0.002714090230838496
2017-06-06,0.0005589187707190405,0.011738815122654695,-0.004266020567063783,-0.006790799395410754,-0.0019236441596470718,-0.0024450237697453397,-0.004675037273422734,-0.002219844595849774,-0.0024639853751013746,-0.008624972581984343
2017-06-07,0.0013025051561593518,-0.01419533599050762,0.007665992799159935,-0.0011855669164176912,0.0031456651833001534,-0.0003494981802996188,0.005296754239650812,0.0033281088993927298,0.0027235074995546043,0.0017525598437490735
2017-06-08,0.0029704966842081537,-0.002925349551839057,0.011390340190559654,0.0032574095194252933,0.0022658564107364454,-0.007549992345392301,-0.004672366701018718,-0.008341793507707982,-0.0028534987817940543,-0.006478558678822292
2017-06-09,0.012711120332944942,0.023767140751137367,0.018699690687045023,0.003835982042525764,-0.025032385985257796,-0.0012345195202074382,0.004672366701018659,-0.0009313648991686247,0.00673071473540935,-0.004416626903241543
2017-06-12,-0.003851705156696344,0.007051510582376457,0.002056620592566051,0.0036745815697145573,-0.005907990253637487,-0.00017625147819277852,0.006504518084818871,-0.0018648630098022474,-0.001290964972151029,-0.0005531753685236536
2017-06-13,0.012418085878093616,0.007447078746277388,0.005326468869566059,0.004099551476951221,0.007156980836544792,0.0015870310644565593,0.0024670902742141773,0.0024237860357059246,0.002064744748554375,0.006180889274265742
2017-06-14,-0.010582202018595119,-0.018269450232434183,0.0016338526845454848,-0.0010231344603573625,-0.004825438161196299,0.006323567703713962,0.003074971418538636,0.005386126481580142,0.004757659991894087,-0.0005503456693414713
2017-06-15,-0.008842923966683059,-0.00758507540356163,-0.004088676647113586,0.00597858460053299,-0.004488640989225723,-0.002278819916120149,0.004900386982063638,0.0057251740480321585,-0.0010268255201594603,-0.00419242561341461
2017-06-16,0.004304081213968759,0.01640835692298606,-0.0011109968719874967,0.003266926313215233,-0.0017542663361488622,-0.010560932976517499,-0.0005547410752811115,0.0045751310769708425,0.001649013948828097,-0.00027699667342962386
2017-06-19,0.007928440675787197,-0.0063550506574909255,0.010240101626567471,0.006096451836459764,0.01473284036956351,0.00481449675933929,0.0006163599806751509,-0.0033321737499851603,0.010371920472045989,0.0076244258445062486
2017-06-20,-0.00552495511004649,-0.012832303923478656,-0.008594592843693053,-0.010766670726664093,-0.008058337584696281,-0.003920840841848124,-0.001849904648569252,0.0005562271222326424,0.0033068416562219006,-0.012628908796035936
2017-06-21,-0.01058212631732374,-0.01627557728456723,-0.008254196009690754,-0.00675195679773459,0.005558047325430212,-0.002861615943103659,-0.0021629258711477087,-0.005947881680615298,0.012616645458858846,0.001559465017485329
2017-06-22,0.0011190576806769704,-0.0006253070675628994,-0.006235996590383111,-0.002063945562583224,0.00035780118418890153,-0.0066481719617614565,0.0006185355033335505,-0.004671726943839979,0.01035222024385955,-0.0023402496315634035
2017-06-23,0.003907418731754607,0.006701129608104816,-0.003759935521754553,0.0036828291876390674,0.006236115522871482,0.00036049520864385833,0.004318202082616306,-0.0033770918308571127,-0.001489996474112038,-0.001227782119321108
2017-06-26,0.002966814491626959,-0.0021764873152128722,0.005426886241519304,0.0002940906893661072,-0.005342878615794579,0.003957067002707305,0.004605989879700949,0.006743005026490251,-0.0009942359426264571,0.0035680317508844945
2017-06-27,-0.0061286072956039574,-0.0015579965095107741,0.004983312588348772,-0.007524987728181741,-0.01656509889585041,-0.008653235076266445,-0.003990814556417198,-0.011263355259669596,-0.009122480052929966,-0.007934562453482752
2017-06-28,0.009086729838090536,0.005441841749755258,0.015619055383865996,0.008993820364157018,0.012449347655131041,0.003614466441928307,0.0012296098717306764,-0.009675042167193735,0.00525858926087704,0.010047301454711284
2017-06-29,-0.012071894878696232,0.0021687466359107577,0.006908859494216527,-0.008549680162718967,-0.018093560881610602,-0.010700946416577869,-0.010189727623929914,-0.008038203682199499,-0.009157847319725795,-0.00971042101567242
2017-06-30,0.005404109437931929,0.004477057232871157,-0.0008101461836827716,0.008256281160490792,-0.0009129257193656299,0.001821499012057231,-0.0006211910458361998,-0.001538752697642134,-0.0013870186638688653,0.005257432382880372
2017-07-03,0.008696388659928498,0.01907127815929451,0.01448719490093985,0.006147314049354319,-0.006968917283056752,-0.0009100271030919805,0.009273650244601602,-0.004629640817810766,0.0017653474985028336,-0.0010044706282180496
2017-07-05,-0.00332183142061942,-0.02045867807412346,0.0015965397456759684,0.00291399583693218,0.009888594997011654,-0.0007289175185772257,-0.012072160128054465,-0.004845382246329752,0.005903485763312339,-0.0024601976483385754
2017-07-06,-0.004446061798343653,-0.011168178977710282,-0.0076077246095141325,-0.008767910884058193,-0.009152882633245712,-0.005668193700788766,-0.018228351186571404,-0.00038852943564995966,-0.012983427563889038,-0.01024016764561952
2017-07-07,0.005185266125795802,-0.0015608984752837679,0.006809683559915806,0.007749190710871196,0.011518547696960998,-0.0005501695314861298,0.005692703361676528,0.000777396283449005,0.0050620196908160555,0.008895686189242018
2017-07-10,0.006260311712944917,0.0032751811251539964,-0.0011982120259605683,0.0029086148276962747,0.007244943324328998,-0.006995526752597544,-0.007915295837577895,-0.0007773962834491494,-0.001895116102058242,0.0021278818233638423
2017-07-11,-0.0014693842800074454,0.00543525381671455,-0.008831728977899881,-0.0008717608296465681,0.00216349695512471,-0.0027749458044451078,-0.001590735715312617,-0.000583370725068096,-0.0011391988554420019,-0.0020154463477831683
2017-07-12,0.01151430314328022,0.0027838563000207282,0.0032202574439444817,0.005508210967807379,0.012882784314942145,0.005542034801016274,0.01296887634418764,0.008520437596252813,0.006813917833249903,0.007593531699423569
2017-07-13,-0.0010906931094040897,0.004007237008823121,0.006011184863838137,-0.00072299980652908,0.001953338374214233,0.00018425989461326125,0.0018838335368980626,-0.003476704153629019,0.0008799555701408491,0.00011138741080289479
2017-07-14,0.005080660155763788,0.005981288636353846,-0.004404395008153959,0.004329923604717027,0.008832527346827934,0.007889375994797497,0.009987479380152427,0.0046332151703943995,0.006762310973857255,0.003220331222924717
2017-07-17,0.001988988319252085,-0.0012239328382741483,-0.003215441214483161,-0.0005761474974478871,0.00017588066871508258,0.001095640953740236,0.002171728622052521,0.004611847450773878,-0.0036259975240226215,0.0024365865304615516
2017-07-18,-0.004163360210047468,-0.004757355798079695,-0.001611606085145538,-0.002308298845294203,0.004561708754918799,0.0,-0.0012402853427962335,0.0028716050973173293,0.0007514308248748371,0.004524546997728107
2017-07-19,0.009567473055229588,0.014507718054941141,0.00040289575859961266,0.0010105923235452802,0.005062947112347935,0.003644193042630752,0.007418820715754612,0.004196807951187732,0.008102390892574057,0.0048329301614474
2017-07-20,-0.0073931011644343125,-0.0030368144967388875,-0.0004028957585995489,-0.005643686171765427,0.0020878420708930878,0.0001820896534625609,-0.0027756811004491628,0.007207949921407634,0.006557712532087353,-0.002084325216992549
2017-07-21,0.00018094325015958026,-0.009933570214779213,0.0,-0.0018883933880312806,-0.0012171727835092693,0.0016352140882765034,0.0018512835332821938,0.007156366964972939,-0.0011103966543663485,0.0006588455360625865
2017-07-24,-0.0009055383914803401,-0.0018447764179702758,0.00442547893868559,-0.002183336009523903,0.002433154961047378,-0.003273106481867917,-0.0006166611222546439,-0.00942651765952784,-0.00037047916784097414,-0.003407450480517398
2017-07-25,0.010629884263537755,0.012538246627069632,0.012368354867225888,-0.0013118929875498401,-0.0019115659941309811,0.006897661523737113,0.0,-0.005699319872449365,-0.007189891602974051,0.007022134609092729
2017-07-26,-0.006111765026289014,0.0010630424382789944,-0.006763892802051,0.0013118929875499685,0.003819052046757061,-0.00018078512558653036,0.008293754472383171,0.009480425895809217,-0.00336453817716332,-0.0004377487560342662
2017-07-27,-0.0036125808457684234,0.010119116130335047,-0.0056044620651747885,-0.0056988117041814135,-0.0038190520467570755,0.009722670091159092,-0.0009180167393321618,0.0024501832976003926,-0.006889428260929147,0.007302190070027854
2017-07-28,-0.0036261748238748752,-0.0012032707282437364,0.0,0.0023420717436816894,-0.0010439575579477217,-0.008456900920815717,-0.0006128196841875503,-0.0015065913009337858,0.005015165411068189,-0.007630104179851182
2017-07-31,-0.007657014081696116,0.0022539986771065263,0.0072000871046033355,-0.0013166957894005084,-0.004886701236353011,-0.0003615596393024311,-0.0015328691558433416,0.0033874236148635196,-0.000875660478424621,-0.00032865888948373917
2017-08-01,0.0007314853207371724,-0.00014978647541113053,0.007148527211970518,-0.0029318731387270613,0.005060951056527925,-0.0010851146631196157,0.004286548822748949,0.005620988625471167,-0.00225560582539793,0.001749904265497074
2017-08-02,0.0009143947676095164,-0.0037602512786111993,0.001581744455276088,0.004394624894742771,0.002781273731903778,-0.0007240353532681753,-0.004900449357603544,0.004288406029687829,-0.0022609273678850326,-0.0027352538403263085
2017-08-03,-0.007519702500975291,-0.014113573357752294,-0.0035620039046242247,0.00495750219572707,-0.002259213449220792,-0.0009061099834884808,-0.0024592201890031714,0.005010602418243972,0.0016332073126270434,-0.0027430300918668904
2017-08-04,0.004775006549788497,0.003204130254991882,0.006717918206187018,0.0018892813731622158,0.0022592134492207404,-0.0027223896197914226,0.003073120723857837,-0.00445241961048417,-0.002261903808738337,0.00011000465886313218
2017-08-07,0.0005495588559501186,-0.007646468606177498,-0.00157666781118641,0.0,0.006056824345200992,0.007424089559314332,-0.0006139005348545169,0.003155983565637712,0.0021361793323753453,0.0023041166294134516
2017-08-08,-0.007904952658916716,-0.0023051836815863426,-0.0027654091925913,-0.0030531224450687754,-0.0013813445232190118,-0.003795589956034407,-0.004616148358165618,0.004069489810018486,-0.0046560402885114935,0.0005480301533691326
2017-08-09,0.0009224093426881491,0.000922728297424253,0.0,0.0002909422805609882,-0.0005185235191681167,0.0016285828780693613,0.001233021102929631,-0.005182179986638326,0.0011346675891230592,-0.00582240482273142
2017-08-10,-0.011498558737601203,-0.010663950012507388,-0.01796074966284303,-0.012746577314193748,-0.019902658577524407,-0.004167412309005208,-0.008974378870797382,0.0031494586641599843,-0.012551932459753947,-0.015097920825577912
2017-08-11,-0.0024278943508886787,-0.006547325753896477,-0.004035750963130533,0.0005899378158976782,0.006853452757188742,0.0007263129186586909,-0.006549190139355904,-0.005936753146346958,0.002803277861267479,0.00513183726406429
2017-08-14,0.009305368539816197,-0.0029760268488690108,0.013654807671111597,0.010408036274090749,0.015811132203240926,0.004886466643579865,0.016447476076386084,0.005751535340702462,0.006720194787899208,0.007097441866462199
2017-08-15,0.00018562146828797287,-0.0037714588525940263,0.0007975839898303116,-0.0021898361462777223,0.0015504080896172313,0.005041963596100259,-0.0018483526541908377,0.005535188794213394,0.0,-0.009213904185572682
2017-08-16,0.009768673361934443,-0.009651337969686792,-0.0019945701125346563,0.0027730006757337687,0.00292185548840462,0.003407334323422884,0.0030784038179972307,0.004039785009311247,0.002776298927489895,0.0051167024373341115
2017-08-17,-0.01534091776364719,-0.014250465006404606,-0.01732186375194789,-0.017496651731780617,-0.01975791762452028,-0.009171894761029276,-0.007095270303055399,-0.0071723199913031385,-0.012554553920998187,-0.016105938793273367
2017-08-18,0.00037253524219297543,0.004987028590923216,0.0004063711410513352,-0.004012580280766978,-0.0010510137072397604,-0.0027137861771501224,-0.007457933180683883,0.005888959051273808,-0.004605149906225934,-0.004973419161941074
2017-08-21,0.0009302234866891444,-0.005148399024531593,-0.0028475222560950574,0.0016366209884238452,-0.00035041322045408884,0.0036167764798435234,0.01024047933984263,0.003662778691389894,0.004477001094596989,0.0018115160663714552
2017-08-22,0.01293692333647757,0.006591370414416467,0.01093819195114618,0.011383387786001986,0.01478921114642642,0.00018027384429489908,-0.0006178506350497038,0.0021915199965663787,0.012052579513499598,0.010688299008667055
2017-08-23,-0.0018377013871207827,0.004316905762737648,-0.003228417061367002,-0.009452425382543282,-0.002420953914890251,-0.0028916946144491337,0.010143142209451603,0.0032778896179542116,-0.007594971092996153,-0.008541611901608022
2017-08-24,-0.0018414202301218889,0.0006378842463063547,0.0,-0.003120732889550298,-0.000865935386330313,-0.013851065560658073,-0.0018366287146104874,-0.0007275834322018439,0.002918109894252549,-0.0021466871070590543
2017-08-25,0.0031281322715331814,0.004454009010210073,0.002825139805057675,0.004751858149141664,-0.00017339255565949614,0.003297870514116561,0.0048900442348266005,0.0032698278713898174,0.0002532785703816023,0.0024853008025632587
2017-08-28,0.0014689925833073474,-0.004454009010210142,-0.0064694514044743995,-0.0005926914659540177,0.0019047302098728358,-0.0029308930782248176,-0.005196320271026816,0.0018119920861037254,0.005305866730586706,0.0005639764427602861
2017-08-29,-0.004781654834859515,-0.001276441429941031,-0.003250900840446242,0.007237044393299656,0.004315024172848256,0.003479541135150009,-0.0006131477595519214,-0.002174748342553245,0.0018878487175256538,-0.0009025901382645247
2017-08-30,0.007346690284790914,0.00047864618093880257,0.004061703893163728,0.004112068891634963,0.007207762172705886,-0.00018279042334943087,0.004589079685355623,-0.0029070716149402777,0.005142982451820232,0.007197733219494846
2017-08-31,0.007655616701805509,0.004775753971453369,0.0012153830813427153,0.0033657374376724284,0.005967271496715685,0.00036563563559644495,0.004872331489774786,0.0001819683629831807,0.01687168634734732,0.0046953242396645875
2017-09-01,0.006515970462788305,0.009640573179474145,0.0028298900875446758,0.0008758299526407897,-0.0008501081981796746,0.004741225190167071,0.0,-0.003097240400313698,-0.0007380332223686001,0.004562123988171193
2017-09-05,-0.011430735094948356,0.005490075239452661,-0.02162932235999715,-0.010120973176219907,-0.008885990607183104,0.0014540376703865135,-0.0009117556986424265,0.002551327472767787,-0.004318251269020407,-0.004116248018135582
2017-09-06,0.002551396172937505,0.016136474307708686,0.002472424683459567,0.001031309775456002,0.0008579782929890627,0.004169241705412912,0.0015190535804997627,-0.004561024089319171,0.004810188919263736,0.006223505644078074
2017-09-07,0.0016368174187971491,0.0018450883302432222,-0.017435039959890087,0.002059824583009616,0.0034241438139178144,0.0014463258463407,0.007560769478177409,0.007468969846099081,0.011013379116361494,-0.008679495624327281
2017-09-08,-0.0003634322067732345,-0.010657020426888724,0.009170424869508042,0.0033749247602733222,-0.008237829047966222,-0.00488894664287863,0.00030141775737716663,0.004707847838842793,0.004492649659775098,-0.003470020929733008
2017-09-11,0.013003424110938987,0.009427339878787489,0.01727752628749838,0.008604863145681636,0.014031689229032387,0.006152485141638941,0.007202691772199381,0.008454017295377305,0.007724079105547999,0.0052568440478076755
2017-09-12,0.00839852501352229,0.006134270413111644,0.011757361662290437,0.004781051371400597,0.0023760258677130246,0.002162321310550454,-0.010823624786462788,-0.016798280819626542,0.002161399192506718,0.0044524003672752254
2017-09-13,-0.00035594565883403153,0.012458154039358333,0.001611138462907556,-0.0014466337689894183,-0.0013568559531446798,0.0005403063256622694,-0.00424125422129129,-0.0049299967991964,-0.003725864181746577,0.007193169233851137
2017-09-14,0.003376015967877158,0.0048205376686663625,-0.0020140342215070346,0.004764918693382119,-0.0034007838081638706,-0.0019814212132256274,0.006958356124990299,0.008385056028174187,0.0013239618465813946,-0.005417818743140885
2017-09-15,3.584355837151371e-05,0.002356701405484198,0.0029514392779214954,0.00413020898941174,0.0040768991335883315,0.0017403948635204291,0.0035158842942424754,0.0014073647650206568,-0.0032038952331542177,-0.0028076981028595147
2017-09-18,0.005513221111994314,0.00424377360572162,0.011639592836446975,0.005604637457350868,0.0008509769043666665,0.0014473685024621768,-0.005765655672985638,-0.010280672494017158,-0.00024165302731490092,-0.00346458702272149
2017-09-19,0.005130816027744362,0.0040751182325136515,0.007553258964339362,0.0010029270655549124,0.004412699249978137,-0.003078861849899641,-0.010093551646776564,-0.002032076485002355,-0.007902990524510014,-0.0008958381997534983
2017-09-20,0.003522638711819899,0.006754930168934638,0.00592317075656179,0.007274895081826959,-0.004072525259804698,-0.00965975928128957,-0.002770097666446916,-0.007424433756245207,0.0009758579636516083,0.0033559805307682568
2017-09-21,-0.0021122852240614705,0.00029939204956760387,0.0023590924660282834,0.002979715745316125,-0.005456293440324608,-0.009569538837711047,-0.001542492095266921,-0.00018595396763132935,-0.005135368663887849,-0.0016768142132025413
2017-09-22,-0.003530420724718694,0.005072330427566171,-0.0011788505685175652,0.0025474303181125422,0.0005127985035203134,-0.0029631703516922003,-0.008682329328676134,-0.008232054533702295,0.0,0.0016768142132026008
2017-09-25,0.0017668881965619296,0.014331508574979565,-0.001180241897510714,0.0,-0.011860693811843785,0.007206928989025072,0.003730052298788253,0.00916352255718604,-0.0029463031386862243,-0.0021242358918527014
2017-09-26,-0.004422766848552517,-0.00044048911317415507,-0.0003938413496553673,0.0,0.0036245514904638385,0.0023908722301062956,0.0009305796283365331,-0.0018636183439252696,-0.0015997584920733109,0.00011222196440470122
2017-09-27,0.0,0.004247073946481247,0.012135522996656888,0.001130229082716386,0.010114109734945928,-0.007744724479734114,-0.008404649623982604,-0.013518606426551692,-0.00036909648734506265,0.005468379445900289
2017-09-28,0.007067259346739839,0.0008762533595187075,0.0015550240961566565,-0.0005646125026182073,0.0011933136396594284,0.0,0.007163815775648858,0.0035851494473607137,0.0008620610732102521,-0.0012252550978656103
2017-09-29,0.0,-0.00014572229898477188,0.0046511358411105135,0.0029619533313811636,0.006791250439318352,-0.0007407476152974158,0.000620727685055931,-0.0007537058539080294,0.0058905555950125995,0.003781675587348724
2017-10-02,0.010856284264705647,-0.00029230840328395974,0.008471428613536528,0.006877625004049275,0.0015218187538218104,-0.0018545401792718946,-0.003729208886200287,0.0016953452384214408,0.01010366091487225,0.0018854883777777811
2017-10-03,0.004171056152728077,-0.0010230319955728303,0.003445102984767395,0.004326924046880408,0.0023623846598152223,0.0011129767617247541,-0.00031131687764670565,-0.0028269231373967973,-0.00024184747692647247,0.004201094895536808
2017-10-04,0.00034652277305488317,-0.0007311723455162581,-0.004596084537700315,-0.000278421814158843,-0.0006746376859129295,0.0031464136679392376,0.008682329328676167,0.009952109060547797,0.004834047118594657,0.00517311392132563
2017-10-05,0.006049900405445681,0.0045260148743425845,0.010311621673494678,0.0023652205669716,0.00956804146357795,0.004425909829738717,0.0030824520498674156,-0.0009345774147948997,0.0007234618472910658,0.005582524248879453
2017-10-06,-0.0022427706705233073,-0.00848486559027388,0.0011390107523614594,-0.00013829849025573105,0.0015021657271308902,-0.009984939688696081,-0.002773904491281316,-0.0007486275667167617,-0.0013265343061674977,0.0011999883005204305
2017-10-09,-0.00017254890782097984,0.0020546223070759986,-0.003802384398850159,-0.0027842440620497616,0.002498928112501061,-0.0027915487164584247,0.0021581893954881397,0.0013094041963743464,-0.006292838657727317,-0.0031668569741094598
2017-10-10,0.0006904077412005089,0.000879319079257695,0.004561146365900538,0.0015316433669964984,0.0009977426040656658,0.008720751436545276,0.0015386947842276355,0.009672587056272788,0.0023037114749355596,-0.0009848415913054074
2017-10-11,0.0005178250791083695,0.0023408910134364207,-0.0018977727194119398,-0.0005567790879316962,0.0033190497315462664,0.002029792001491545,0.005519748605563583,0.00424862551134611,0.0019364032429727905,0.0005474050891165229
2017-10-12,0.0018961413174113076,-0.0036599589104409115,-0.007627741444796877,0.005277720148189971,-0.0024878060638120142,0.004231619752080023,0.007009356840703427,0.005148185148812994,-0.0010886388414732165,-0.0066972589538313145
2017-10-13,0.004810210821274181,-0.0005871150360403073,0.00038249346504108173,-0.00180206989826493,0.0048045213629886825,0.0018341189517413578,0.0027290881947424454,-0.006993304268272987,-0.002544597568970696,0.004835493718725579
2017-10-16,-0.0006857468866436286,0.0021991442899115844,0.006485214481945081,0.0011093268588926735,0.0036299678218010187,0.00036643802404366524,-0.004857483970821072,-0.0022183876303748405,-0.004377702258562493,0.0013143601459892637
2017-10-17,-0.002576000068935742,0.0005857455210304171,-0.004955503637983755,-0.002637298835576887,0.0,-0.0036705249181033656,0.0,0.005905319496085078,0.013315814587813474,0.0005474050891165229
2017-10-18,-0.002409836773855754,-0.007049755444571269,0.005335635162617341,0.0004171682711726884,0.002467141170444041,-0.0012877099860020154,-0.001827453405195356,-0.0018418127462502625,0.001441730902189549,-0.0027393903957318184
2017-10-19,0.003784705379327575,-0.003099904464323927,0.0007598298237907398,0.002774485479686137,-0.0029613553514368945,-0.005352952495410192,-0.0006100491574588023,0.010452361893431515,0.006105323448610972,0.0
2017-10-20,0.008548477716665578,0.0019201790116570485,0.011704548122435958,0.010748706066730495,0.006732893859929344,-0.002409125752331367,-0.001526248114097415,0.0007294703700869565,0.0010736809665554193,0.0024107111717209598
2017-10-23,-0.001874570355838868,-0.005177817226296885,-0.0007509007354998176,-0.006324956030321677,-0.004757705619851072,-0.0007423975348295185,-0.0036732762424061885,0.0005465719435643228,-0.00250663016052469,-0.006809331718090833
2017-10-24,0.005612817996338522,0.0019262762561197742,0.007111937904932029,0.005639224676730465,0.002791697530129421,-0.0035338899314132388,-0.0064605669307464635,0.0009104110091884047,-0.006715581663091761,0.0024217810198808223
2017-10-25,-0.005271718529655121,-0.006982094015776321,-0.005985588008958548,-0.009924586589048958,-0.005426400604850152,-0.0027987519892720665,-0.0024721516543042064,-0.004378062639974801,-0.001445000148309637,-0.0038554080294786615
2017-10-26,0.01321156317600764,0.0020848319907954987,0.005612797748965606,0.0013844137957600311,0.004113555220396848,0.0007472015554979159,-0.005584906976603583,0.00018281767518330173,-0.010051368074686016,0.003525539316967726
2017-10-27,-0.005229841858511015,0.0017836504619531993,-0.0007466668529750299,0.0004153893777457505,0.026573387230975992,-0.008625312023949384,0.0015543232350158237,0.0061956352922184835,-0.00024356109596400762,0.016036951061848843
2017-10-30,-0.004747412291642158,0.005183952765770401,-0.004115907165337384,-0.006938176774554152,0.0022360497724705566,-0.008511176683438022,0.00619418783730595,0.0001814741214907488,-0.010770859567753007,-0.004555532725343099
2017-10-31,0.002715522304176475,0.0032449076898441007,-0.002628207058863663,-0.004045874106989347,0.00429826116291181,0.008322697851098383,0.0033900501357632187,0.0010891496176014695,-0.0018479876399041908,0.00010838269914613935
2017-11-01,0.004903300883458181,0.01127472905870915,0.0015025341677368555,-0.000559516966604823,0.0001589601950412572,0.0031968880049130367,-0.0009233131816890924,-0.005639918157064255,0.002462936573344977,0.000325888169738871
2017-11-02,-0.007279171608739231,-0.0029162408878075008,0.009340699249258438,0.005718790821664801,0.000476333827699652,-0.002443907738588309,0.008586401527702677,0.0036420704980460617,-0.004561190934263917,-0.0075265126450663735
2017-11-03,-0.0005096745193233233,0.0029162408878076283,-0.004099119192794191,-0.0009741953082732233,0.007906458472439606,0.00018842721269564196,0.0,0.0036292155094411736,0.008243719601891672,0.004042896464024713
2017-11-06,-0.0042585276900138505,0.0226018618096594,-0.0011206279634619093,0.0005568079977820097,0.002202628605864007,-0.010784561136265542,0.01515176765998038,-0.0038108546260422526,-0.003067632937716893,0.007279881801070209
2017-11-07,0.0010234362523069845,-0.0012813980912074832,-0.01392853260527426,0.0015294875596925485,0.00047138458243210627,0.011160407075973714,0.009280334344232217,0.0119285486293117,0.0020870009069951616,-0.005971764723941659
2017-11-08,0.0010228525638090837,-0.004857967595483366,-0.00494026910726627,-0.001668553184850168,0.005482958089983724,0.010851561761081721,0.007421564988755194,0.0007183759295304689,0.002327634878520644,0.001088341151383847
2017-11-09,-0.008554252058833065,0.003003338701816762,-0.0034342434394096736,-0.012603471458098599,-0.007999297654577717,-0.00018641254291823256,0.0,0.0012561635160209094,0.0001228448674533857,0.0015220504950071397
2017-11-10,-0.0015475543612658222,-0.0052976513907704035,-0.0030630230346634178,0.0014085175366292623,0.0,0.010184472509324131,0.0,-0.004673122180105576,-0.006506175689047438,0.00336137307755085
2017-11-13,0.005149176416927776,-0.005758759204895043,0.0015328986757648787,-0.003383519705407617,-0.00031530675344089545,0.005695066761936203,0.0029534070387394326,0.011819777896803408,0.0009847236393543768,0.003350559181000716
2017-11-14,-0.009115100344913718,-0.016303270123942813,-0.00038306877667962824,-0.0026865208239131755,-0.0020499232536471726,0.003474174121768171,-0.0008849790122210717,0.012385116889000994,-0.004068304215143837,0.0008630486493912705
2017-11-15,-0.006065469871118181,-0.011364347981967528,0.0026774637909995,-0.005679231636373168,-0.007446701798132699,-0.01064391607777481,-0.0074063997783743105,-0.008653493469820367,-0.002845211865287884,-0.00432163438277763
2017-11-16,0.01209390511281982,-0.004016046916227645,0.00038187363372583024,0.009353958682870396,0.01389773353327757,0.013742855560714267,0.0038578778231711324,-0.00319770642103983,0.01035243257655728,0.008301794234474856
2017-11-17,0.0013733725308082293,0.0049060810395889776,-0.0011461442891473395,-0.005516948101116488,-0.006451031735144881,-0.0034638437193259372,-0.0059414710600702225,-0.006963792179864111,-0.00393148231171116,0.004393366133219487
2017-11-20,0.0013707912873884617,-0.0023754040827321634,0.004576716292214807,0.0045287418785325715,0.0037810871290472224,-0.0010963012695914937,-0.002387054909225932,-0.003050925795451749,-0.004193314145533539,0.0019226325782572419
2017-11-21,0.005295131288186262,0.0022273096287451165,0.0030393220059042243,0.007175982214751119,0.010481357865253236,0.003285392127616061,0.005362203067565314,0.002692197214759535,0.008737484295559516,0.006169498376390998
2017-11-22,-0.00272949707383942,0.00399661745886289,-0.004943770681888273,0.0011206114882579498,-0.0018691740994288082,-0.0012764674155856244,-0.003273483857320057,0.0,-0.00036761083486582387,0.000953942820492159
2017-11-24,0.005111758888165003,0.002802893094875455,-0.0003813766118868714,0.0,0.00559700907779228,-0.0007297169349535503,0.00357046710789539,0.0016122391346791451,0.002326317783479319,0.002539582689127371
2017-11-27,-0.005966213319279895,-0.010216723055153634,-0.0007628478609035608,0.001679059004456704,0.0,0.000547293865252547,-0.002974339148820334,0.004285720781843949,0.000855951295227096,0.0007395640008708302
2017-11-28,0.011051974963834083,0.0077093820730685545,0.025622984913340086,0.015123506346142465,0.003250598926887145,0.008178005729508433,-0.002385963697325523,0.004622267265072994,0.00730443044202294,0.011026332068724888
2017-11-29,0.0015206984681933968,0.005449563001263995,0.016967977613459098,0.008774158322930707,-0.022346421708882173,0.005235320604894401,-0.002391746244465981,0.0005321942696594776,0.004961188566104462,0.004272887387805504
2017-11-30,0.005555660659949929,0.01487129864712579,0.006562417083543038,0.016918553883255583,0.008810568142682872,0.009140709705790147,0.0011964361477319319,0.003362091970314691,0.007455548408294409,0.005082405030381784
2017-12-01,-0.008260853171566794,0.008358444236758175,0.0021779641282643476,-0.01242430158583998,-0.005182603855360857,0.002494764069303314,0.0017921262676352174,-0.0033620919703147146,-0.002039079476348034,-0.000413891813595179
2017-12-04,0.01027373414411383,-0.00043039102167698255,0.015113719028325605,0.008389938653453147,-0.016190659858078004,0.009387782393957133,-0.013217175110881583,-0.005689139875657272,-0.012320323185019131,0.011526400099225032
2017-12-05,-0.005039476776019306,-0.0043170513390298326,-0.0053716816834285,-0.008525693850931467,0.0003197037934434296,-0.0015880594826483065,-0.00393868434344571,-0.012739006385711755,-0.001703041032210851,-0.005746337045280478
2017-12-06,-0.005911642983037406,-0.01306235438881319,-0.003597299650731742,0.0014937296632951034,0.00637870654807561,0.006337162171658743,0.0015166023861981732,0.003784754858474679,-0.0008522874661615436,-0.006504657425659796
2017-12-07,0.00675337216396537,0.002917836742296803,0.0032380307630681844,0.009185926208666737,0.006180457246884542,-0.009697650025577832,0.003932573628954065,0.001797186470947726,0.00024333962509932126,0.0025861880875475037
2017-12-08,0.0,0.00913485831343109,0.0060879268474787265,0.004293347187036817,0.004727818419212286,0.0026542310827031793,0.0024128934549660103,0.0032270330911383692,0.011145049917460821,0.004741228621992265
2017-12-11,0.0013452034542054108,0.0071912131992657655,-0.002502396044427259,-0.0020102854925511575,0.008610769796304407,-0.0001768540283071625,0.0024067033936656197,0.006067032180262694,0.004207492903666207,0.0021570487350059983
2017-12-12,0.0001682323996143389,-0.0027267064812047906,0.009971436456821399,0.0010729700980660329,-0.00031185268463996884,0.00017685402830713124,0.004497149363765234,-0.017226157441526394,0.00395091858253142,0.00041053774176308427
2017-12-13,0.002684311741271616,-0.0014380300595398833,-0.01247986908022717,0.003878482376445462,0.0003118526846399718,0.005638580384639882,-0.0002994199673411737,0.0027110841970073244,0.003459186040218596,0.0008198907821067739
2017-12-14,-0.0111204420172171,-0.0036037924661355848,-0.006479574844328418,-0.00683145102586792,-0.0012480594330728104,-0.004402408092919155,0.0008972309264841735,-0.0012642880820801017,-0.01017305151680036,0.0030696756835721464
2017-12-15,0.005907761703357005,-0.0009018329583319378,0.00895746153862042,0.007029668189594099,0.01134039061563692,0.011279847051771133,0.0031689166032562873,0.003660117528495536,0.010942360982913058,0.00431667879497408
2017-12-18,0.01461856541810198,0.0076827995551399025,0.008949771584158498,0.007086651306547184,0.008790477895595478,-0.0005277377353884571,0.0033087581020124464,-0.011149094525683193,0.0003582988762184794,0.008942461204585705
2017-12-19,-0.0011687931417077742,0.0014426514873487827,-0.0042859431854334485,0.0002670722630851274,-0.006160390491188708,0.0012305648658412088,-0.019100290797828438,-0.018362796772997556,-0.0011947243014302994,-0.0013160646330513735
2017-12-20,0.00033423071029441625,0.014032931802320597,-0.0017911454654001135,0.0033245436151066437,-0.00030918725481511914,-0.0017583299521195315,-0.010771077610861443,-0.007893039053792175,-0.0032335032388393792,-0.0019265097767002751
2017-12-21,0.0034996970804443456,0.0209639942983187,0.008568388805079692,0.0007960392265210114,-0.0020109945799660113,-0.0007042321086023693,-0.003409257457462649,-0.011957945423785204,-0.0022813840285884485,0.006474501939075747
2017-12-22,0.0038189116677019527,0.0020864759152683186,-0.002847900419979599,0.00026520565365536103,-0.0006193307910566083,0.0015839927853861584,0.006498697757343741,0.0015262602602975225,-0.0032510966221361718,-0.0019175926461775768
2017-12-26,-0.0008288675171914618,0.008715683649074466,-0.0028559544106706086,0.0010607004765725593,-0.006685126020230867,0.002283160888115167,0.005230026242945613,-0.005927776977073486,0.00024118477695142664,0.002220196708810348
2017-12-27,0.0013260524473115206,-0.003311237937098897,0.0010718394304491256,0.0023817463835623257,0.0010913083936191896,-0.00017528862226728182,0.003981052021886428,0.004210593897076024,0.0016865610456625497,-0.0020182023370165663
2017-12-28,0.004462387128840084,0.0015191495144953953,0.003920780467408863,0.001980734269005298,0.0017124371162743983,-0.001580571160019901,0.005789840529899831,0.005523048948627637,0.0014432427197888272,0.002723728453248624
2017-12-29,-0.0018156946776956922,-0.0029018988410977175,-0.007140070994996246,-0.001848671303972109,-0.005302544360210907,-0.00017568036658982677,0.0009112693940203254,0.0005696936473539734,-0.006149120807263283,-0.005859695875976011
2018-01-02,0.014107847051003325,0.01633389887099777,0.00035798934018184354,0.005929230160028731,0.012277580265588069,-0.0061711161378886804,-0.005784781924727589,-0.009344683242994362,0.01118538887718289,0.015084379263334611
2018-01-03,0.006980091298469449,0.014865059989892404,0.0053581718541969615,0.005371907765252779,0.008306732165173272,-0.0003540503629627125,0.00030520499128439685,-0.007887379944308322,0.009522607179159023,0.004581036447731567
2018-01-04,0.008697060422463695,0.0060180672164998434,0.009219731071913454,0.0072905636055468955,0.005042400511651355,0.0028268838685339905,-0.017241726327294538,-0.008339210834222083,0.0014206591490779261,0.0032728632982182496
2018-01-05,0.00798604251900484,-0.00040011355225083904,0.002820107272262918,0.006851773076264143,0.010461896104692574,0.004401069810701277,0.002171679734483364,-0.000389373020464145,0.00848193319721263,0.007891457357581833
2018-01-08,0.001430733264343829,0.005984597754546668,-0.001409020214991272,0.004114036556515799,0.0037633708612027903,0.0024558311582469714,0.006794161744581655,0.009307751266433758,-0.0036434358904941515,0.0011784548441570273
2018-01-09,-0.0015900370976147137,-0.002522470965299752,0.007724962445577344,0.006394977844439526,-0.002557695029572073,-0.0014023668100214236,-0.011453438021277674,-0.009892239790590038,0.011704415175642545,0.00196057909785694
2018-01-10,-0.006064352192261785,-0.001196858090423303,0.008359549543833179,-0.0001273990129864254,-0.0034709153072497185,-0.004925298005420896,-0.015688989398429772,-0.010976068418499404,-0.001746947666524653,-0.0006858019565193863
2018-01-11,0.013040856610421661,0.020287711370990707,0.004844126768516468,0.012669612938069013,0.004073270774317207,-0.0014118632772627236,-0.006345203206634638,-0.003751712551473179,0.00430358226645157,0.016138951272932432
2018-01-12,0.0015787783540230683,0.009604324492843869,0.00893480939165125,0.00927303408467758,0.005854524003670618,0.00035319475015389796,-0.007347058785659027,-0.005753449101638247,0.007630715862352772,0.012840097552756936
2018-01-16,-0.011742602299661783,-0.012738959100629674,-0.00274088511629617,-0.009021790485474895,-0.0038991844411660932,0.0045790448809293165,0.004797709318419722,-0.002191000778347822,0.0049410214192428786,-0.0071663340571263305
2018-01-17,0.004618352133132149,0.008727016074633541,0.007518956744000495,0.005523079107677417,0.014914840332554264,0.011356834381382732,0.005727063552099127,0.00616237237667737,0.009581300443387912,0.004783494218145069
2018-01-18,-0.0006356980296327885,-0.008203822996629567,-0.0013627810252137644,-0.005397315507336588,0.0017746036117895984,-0.0029577551318992483,-0.009563677801062636,-0.006361649074904765,0.00022680482675771396,-0.0008594698084072666
2018-01-19,0.00602309076803836,-0.0013085675368503416,0.007134291073504987,0.0028908458898151148,0.001919133146967412,0.011089986313615892,0.0070221068953118596,-0.002996200551903621,0.0037383432839476786,0.008654635034396046
2018-01-22,-0.0023730481058896217,0.021372652498306343,0.008091869479199288,0.0,0.009687658620327153,0.007553755583420642,0.009496993412291132,0.001399271731409933,0.006536595137572581,0.01101870227191099
2018-01-23,-0.0001584797308918378,-0.00153911261600567,0.001006876516032817,0.000501774778976671,0.004372515062789098,-0.0032546883069543074,0.015319771636233074,0.009542662230976912,-0.0048416510923405785,0.0083940877338106
2018-01-24,0.004268385264905584,-0.002699422962989431,0.006686725841923284,-0.0008783536878464022,-0.007737978324988624,0.0020566016322108582,-0.0027962752338958827,-0.006152883627477425,0.0029304302332121127,0.004263079733097899
2018-01-25,0.006603840913146016,-0.007881574888983136,-0.002001252705455782,0.0010038954579127497,-0.0017599651058294587,0.0005136531295443811,-0.00218023848854285,0.01540965908295746,0.008517647083884613,-0.0017584784469342415
2018-01-26,0.004378432779447347,0.0054335633855831416,0.0073187737407650775,0.01147141685594844,0.015732024702663824,0.004780577892858881,0.0028022916861690024,0.000588004170181411,0.021308773826336155,0.009772260302714504
2018-01-29,-0.011455766390910182,-0.015209698654081784,-0.003985598846905775,-0.006717612743944425,-0.009147026253119138,-0.003925210868936892,-0.011571488803441509,-0.01281723222131362,-0.002734844398826561,-0.002756140382638179
2018-01-30,-0.007286455497845797,-0.020379353102707748,-0.013063349687828418,-0.007893998728331453,-0.009084281047624335,-0.0066915112420668724,-0.004097675341610564,0.001784747090953644,-0.021255960569897956,-0.004980185035860293
2018-01-31,0.0007947025215941441,0.000668063684107171,0.002693594211462927,0.0030146528462610123,0.007478340818691327,-0.004658347033568074,0.020322659051078495,0.011032485130360061,-0.014312729487212896,-0.0032411788129085572
2018-02-01,-0.013755887439164342,0.010234749563040952,0.009370850210014997,-0.001757809954596081,0.0008764516488748179,-0.004333343647868536,-0.018429490085590958,-0.01579805455638747,0.0003405474983433721,-0.011193006384333614
2018-02-02,-0.0266030277181505,-0.04268586077004615,-0.022230614920491932,-0.020307612253631153,-0.030078368096050724,-0.019292007347954995,-0.011414033407551014,-0.007191605599971098,-0.014169971599211436,-0.009613781664616601
2018-02-05,-0.03895586958966461,-0.0428599613599728,-0.051723660237482004,-0.04645272233200844,-0.04271680091515472,-0.036977883553291443,-0.02616859103249418,-0.016575824930532064,-0.04532095837847845,-0.034296733526939724
2018-02-06,0.03215137468488664,0.00789168259545249,0.018127789724968445,0.018102485042741916,0.02832305680254757,0.010965126103822309,-0.0019659919013907817,-0.014991721029584059,0.01101860172205178,0.025258936571913956
2018-02-07,-0.009033135237041575,-0.016862754121646478,0.0007039870632144952,0.0018445675637943641,-0.012900961959938922,-0.004371719860456802,-0.004602429146941721,-0.004770533137852231,-0.001192114540675701,-0.0030625629115429882
2018-02-08,-0.035751470564802754,-0.03069898328534498,-0.04499604456076483,-0.039341776372138294,-0.04231100675839533,-0.021776039767771666,-0.03180161598555499,-0.011289858675768105,-0.03531708826248508,-0.04069408155488843
2018-02-09,0.017265507835772728,-0.0007498257237062446,0.018964839210336124,0.01076100427776914,0.024216500307640866,0.002050243918435929,0.023198248706450233,0.020808173153359175,0.014106633096099075,0.006666770530391367
2018-02-12,0.019997175740832384,0.016217035887283883,0.013991367006252253,0.015994215019417654,0.017785255798913147,0.010187935370011449,0.002654947522166943,0.007590416024773978,0.00933486635215912,0.013495791333921732
2018-02-13,-0.0025197565615147793,-0.004140736689026173,0.0042658985221412215,0.0022638141144364766,0.002471012740618624,0.004596820379699357,0.007265609687543863,0.0044859053066053246,0.0007241522978852625,0.005172333671287129
2018-02-14,0.01336692056233788,0.014418380206220006,0.023489314596857363,0.01255873425277703,0.018189084524192878,-0.0005505145239960541,-0.006271537751644017,-0.011253332142766147,0.011270879277305777,0.015838137284290114
2018-02-15,0.0074411470019133084,-0.00248633891761045,0.005528672812645019,0.014994647926259904,0.018905388330056276,0.01638492613488105,0.009228763050516729,0.02197903278498403,0.011027555967985088,0.00887096435110099
2018-02-16,-0.0036310179468308115,-0.002492216706720512,-0.0013791513863483575,0.0002587196973674304,-0.0014871130038421906,0.003964635656077452,0.0065401683323287095,0.008817723936403682,0.007167511992474074,-0.0048545504102008455
2018-02-20,-0.004474143800430144,-0.0054466908271044575,-0.003110564305160393,-0.010142978223110728,0.0008923979119581593,-0.02292246921194091,-0.010155440479420269,-0.013053849246848688,-0.011066634443793718,-0.0030585665831681257
2018-02-21,-0.003494174204411777,-0.01696978689694919,0.0013838303855481244,0.00026151836473598835,-0.006415578454475137,-0.012033954089212527,-0.018611701916623962,-0.013226002184273413,-0.004151996864685955,-0.001436798622733869
2018-02-22,0.006644529792441892,0.010899796959802652,-0.00833061025499759,0.006641675538600793,0.0011970960476523629,0.0026044583010415173,0.011341375530949188,0.0051077082952875235,-0.001546846083483924,0.0012455397533509816
2018-02-23,0.014627424767531871,0.02144936599315581,0.014876381673692925,0.008273234599535668,0.020713526174506485,0.009613419523049055,0.018077494624292124,0.025750552567032646,0.015828732947360504,0.013880993802703648
2018-02-26,0.004396064670478088,0.005941324947872329,0.014996892333735311,0.013680452848612877,0.015547032208625137,0.006236497195804537,0.0035768075785461723,-0.0029834891791801254,0.012577124633791388,0.008368159340439189
2018-02-27,-0.01390418255646359,-0.013088783897190455,-0.009517447070794268,-0.012651094622350485,-0.010143590237624203,-0.013252753151545872,-0.02165430220283841,-0.016064541492737835,-0.010470297586432155,-0.02138810461048034
2018-02-28,-0.017949455236414343,-0.023251947068781684,-0.01410164242776904,-0.014377507627203263,-0.007162101871287286,-0.01043053126021337,-0.0013277651014644463,-0.006906184979436073,-0.016150789437266572,-0.0045061407263505575
2018-03-01,-0.010282633316830847,-0.0014995194582259602,-0.01747075675036515,-0.019763653234588275,-0.016715399531111026,-0.0022489626498939006,-0.004994103329644827,0.00020366308432122655,-0.016054300056472428,-0.010820555131819003
2018-03-02,-0.001016921078723492,0.004641055814365088,0.0024642684309416243,-0.000265854708993576,0.009501631697275857,0.008408808271367805,-0.003343284336845959,-0.002652780516200307,0.010093858765830886,0.0009710528410339847
2018-03-05,0.013142401859406199,0.010549246720208308,0.01396681099783689,0.01190798699764214,0.010143232357065917,0.008707608846573922,0.013967610478558733,0.020227223155161456,0.00904551307508531,0.011865395839314275
2018-03-06,0.010987300891016061,0.0005910659811984368,0.004152393384732322,0.0044617287895781475,0.0021915858948996867,0.0007377817417104617,0.00395506618599883,-0.013507157734287874,-0.001422744745344903,0.006880686597312778
2018-03-07,-0.0036487871403181778,-0.007561658607367632,-0.0017282360694004294,-0.000130737627272987,0.005530548096791779,-0.009073294035120293,0.004267151726646078,-0.007537840051244781,0.0050890341111230405,-0.00678454029012002
2018-03-08,0.0008303070772555079,-0.00029789452453986856,0.0031085700068037366,0.00522489743605017,0.004344951281267226,0.009073294035120319,0.007830404459735096,0.007334903349737119,0.006706291483330869,0.0031588115682082926
2018-03-09,0.017935385344466207,0.018876727923437985,0.023851121593572513,0.02177771720986296,0.018753703201392965,0.0064309510706647985,0.006478646671883712,0.0028381736919492174,0.014319983579570173,0.015366270919556144
2018-03-12,-0.002449065648402569,-0.00029209222912415865,-0.0033726712902717873,-0.0124419196822591,0.0031147525576584005,-0.0018331110228138085,0.0048318710260459264,0.00424201456728892,-0.00428623535905535,0.0032887648580263084
2018-03-13,-0.004095300009037253,-0.007186084564565733,-0.01121136881547984,-0.004916407832503719,-0.011518280601702851,-0.000734308684894383,0.0032079762827503127,0.0022148231304892894,0.0012764207330644625,-0.007061001938807081
2018-03-14,-0.012387575744181723,-0.005905199848148302,-0.011338259025844854,-0.010954903157725935,-0.0008579416398500555,-0.010150329211815799,0.0019201470744652333,0.010204799156537325,-0.00488153287403317,-0.0012291722774291842
2018-03-15,-0.013216778573996195,-0.005195456757059911,0.00034525040703046366,0.0028806327970869253,0.0005718851757462258,-0.007073988699498927,0.0,-0.0005970953615777269,-0.001632487438353325,-0.001041159992613272
2018-03-16,-6.743772490885676e-05,0.008878883437636544,0.0008664524160129671,0.005328905428406473,-0.0010333938081654754,0.00035684590209922844,0.005227860190627353,0.008734592974131001,-1.0236330774014164e-07,-0.001045298580012405
2018-03-19,-0.014474432723139457,-0.015571517939046351,-0.0073007101400243335,-0.007734026003810143,-0.02002403409299401,-0.009813195083489538,-0.009966207504147662,-0.00618839280653667,-0.016293030981581164,-0.012532594049724363
2018-03-20,-0.0010294183671620831,0.008414762199218741,0.0024394197797160382,0.0034153578035805397,-0.0004397039236719091,-0.0028488494549863074,-0.0003231058131768971,-0.004615750185242791,0.0014272037898981872,0.005950686810458791
2018-03-21,0.01126840142487293,0.02584886496954682,-0.0003478702610496564,0.0011797422596192928,-0.006029433626896322,-0.012439091154877423,-0.009090914876163038,-0.0034257833085588386,-0.004288049704133542,-0.0007656223574304104
2018-03-22,-0.03033683446056881,-0.02062533025067492,-0.037606383545955455,-0.03356711390103619,-0.026154585619344844,-0.008314611832247935,-0.0035942236750163004,0.004430725385528149,-0.029191044579368174,-0.021491799379413506
2018-03-23,-0.01979541521420092,-0.0061215288991061404,-0.03083962392979864,-0.014738203414883872,-0.02701199210083409,-0.01250532389608143,-0.01583663646952389,-0.014167330857320326,-0.020990962490659345,-0.019865036984620575
2018-03-26,0.02032055812044572,0.017812567583689716,0.03192347189326626,0.023907220022839244,0.03725597974630101,0.014251184716157201,0.013542778037975673,0.010341840041427897,0.020498902839319953,0.029118622695906673
2018-03-27,-0.01019715057006094,-0.009460397170255,-0.01969432954365561,-0.013921589861868554,-0.03259972896050178,-0.0005815538038523093,0.0016389953499656835,0.014221474975545826,-0.011875478667804343,-0.019779272160305943
2018-03-28,-0.01280487102541437,-0.019648576429872222,0.0018400319111928675,-0.0034087647150407153,-0.006680686383417717,0.013676550971964888,0.0181764654229882,-0.0003978159216895097,0.005336811006415689,-0.012238427158118997
2018-03-29,0.018970778250144184,0.02083561137763548,0.013511275492665635,0.01450786579551959,0.019603877015379405,0.00686342349501245,-0.0003215701272173624,0.00535779040988541,0.007522008056252302,0.013918039020979702
2018-04-02,-0.02201803672631788,-0.02022989539327273,-0.022374107681169892,-0.020809864838080682,-0.024134858081627516,-0.024816143453990577,-0.012302058840003693,-0.0077480150879121745,-0.022989403352150137,-0.028641991126827925
2018-04-03,0.0140835382526961,0.02111960816672393,0.013630902398463053,0.013785458067508052,0.009817143945669002,0.013158255101140319,0.0035767748248084893,0.003384760472668589,0.01509590442888866,0.012619110967541784
2018-04-04,0.006528498592536499,-0.0013347859998318716,0.01055515095476804,0.004328738362533681,0.013858993170594741,0.015451102437533523,0.011616581613432991,0.002183861090762378,0.014139411356429108,0.01819278861766414
2018-04-05,0.018470706000895343,0.017798458121794362,0.007933403484961691,0.010071855356115916,0.0041207447517237795,0.002457328199542199,0.0009621782769941413,0.00790202576380009,-0.0007328481704920478,0.01330869690369687
2018-04-06,-0.024645077212917137,-0.018243889962650212,-0.024360090283262453,-0.028048916843239662,-0.024825908010761878,-0.010248787555934022,-0.01030944273651058,-0.007902025763800159,-0.024362929920752372,-0.021519055331438334
2018-04-09,0.00547051080562078,0.004740302859759943,0.0055055985446461906,-0.00302757881500977,0.0077760684682604215,-0.0005724334874005056,-0.0003237573370693705,0.0019811010146079376,0.009841173735161442,-0.002386373204507282
2018-04-10,0.020382237206075883,0.0325655410843159,0.014895817564704754,0.015184133979835096,0.024333712848415536,0.002287950765321449,-0.006826084340824266,-0.007749557582711225,0.016718478350710424,0.012072993143715398
2018-04-11,-0.007442527489429634,0.01038785670171581,-0.011972061810291054,-0.007357776574053609,-0.005914307243208706,-0.0019061415187044538,0.002605801847999412,-0.0013971220387988552,-0.008201067171319335,-0.0030539096414871764
2018-04-12,0.01054158368563193,-0.00014142514115130224,0.017366536670072555,0.01425751657567982,0.011943407890590743,-0.0015272079650827627,-0.01178020255076854,-0.013271754872805278,0.0067371931766918285,0.004331991093922081
2018-04-13,-0.0010318747539034313,0.010982654780194038,-0.015179154271299315,-0.0024299157667786184,-0.003311245179828564,0.0049555969824517,0.005252594422357317,0.007863426576300622,-0.0004884345918181693,-0.005615462043059449
2018-04-16,0.013333627520053983,0.010171136585610042,0.004360624089918372,0.009951763107558112,0.007660624563942616,0.010780378551863168,0.004573812105856055,0.013564996612200756,0.007907864586140876,0.007480270175768129
2018-04-17,0.011312963848160124,0.0038733745068642465,0.0,0.00839509724600959,0.018384289319443598,0.0022549367680717632,0.01327537284094555,0.010054460585387868,0.00772558393092347,0.018459675287450232
2018-04-18,0.007193731793998283,0.015619032797981415,-0.004724990602962827,0.010297120138505424,-0.0026477083375005175,-0.007535896810530571,-0.00257650924143016,-0.0037338680326978466,0.0008417731777687514,0.0047057529603823905
2018-04-19,-0.011231491988629843,0.001222935298794287,0.015184883401702135,-0.0027620688927297654,-0.011108695170331324,-0.029360208201649,-0.016911134292315392,-0.0005912721582248383,-0.008446082111132187,-0.003166578024357356
2018-04-20,-0.0054090150034324744,-0.004763489431871254,0.0003586373826414401,-0.004355371849164661,-0.013949093883996322,-0.016889526172075186,-0.008894713958382932,-0.009103528422644,-0.005345909770737488,-0.010240625947863794
2018-04-23,-0.0028855934097065904,0.006120172103802435,-0.0010765375472102927,-0.001191412061115871,-0.0036310503492641543,-0.001189089836463259,0.001983589160288831,0.0005962878504365805,0.003890910971909176,0.0021337772151940534
2018-04-24,-0.027399033511675414,-0.010769385163270449,-0.006483998161447473,-0.02834108559497602,-0.017585932351542037,-0.0063659291870926775,0.0009903622885930657,0.006733066507825349,-0.007551939994380534,-0.015920256713387457
2018-04-25,0.005401088834047087,0.007918053620315807,-0.0007233319847629952,0.002856900473000811,0.0001543386256069937,0.0017946234921562031,-0.003304863544181607,0.0001973182347717446,0.004513556786844828,0.00412636200005858
2018-04-26,0.0062359383549776635,0.014445166093359269,0.0003618920268572437,-0.0036747101345726823,0.018037674711060492,0.005958080499536076,0.01282707376534442,0.010012812563739835,0.012578865987070968,0.016048553625029726
2018-04-27,-0.0025932144413271774,-0.010645023761983667,0.0014449766589946361,-0.0020469778784522456,-0.0018197213045938693,0.0053326574972787505,0.013309686580653596,0.010106841883095914,0.0040783126274658126,0.0045245923750367725
2018-04-30,-0.01307027434530663,-0.0001355520344029729,-0.009066521776775034,-0.01334207913463852,-0.006547240522616017,-0.006322880625933105,-0.0038769704923884243,-0.0029048426438684446,-0.01544063228821326,-0.0039459957162968125
2018-05-01,-0.000877035622458506,-0.006114960661700712,0.00036436651304432103,-0.00457986628531617,0.012448770385371651,-0.008759818379725458,0.007096551036761524,-0.0031082987104106355,-0.00048656851866879264,0.0013494721271843574
2018-05-02,-0.0022850991244510854,0.004080865709493895,-0.011353302975452067,-0.008801857680004464,-0.0010568391940228206,-0.01979057174261012,-0.00451044994574543,-0.0009730533578183026,-0.01383852998030452,-0.006860981593083915
2018-05-03,0.004564831277892304,-0.002310800850726002,-0.008507550934915831,0.00238258971643048,0.002263342577984443,-0.0010202163158006226,-0.0003228971272083801,-0.0013641926460728705,-0.009043502308704708,-0.004470629151973122
2018-05-04,0.012359676654898314,0.004886701099095594,0.012917936446638162,0.011552868911389375,0.018809449206663498,0.01439112843169239,0.01124133737917666,0.004475417416360187,0.007932742618406197,0.01306297952548097
2018-05-07,-0.0003462225228225024,0.001353157277493864,0.0065785509506854365,0.006620709172116531,0.00692638245980141,-0.00625810609403185,0.0019147599283348376,-0.0052559702721134555,-0.0014827186116354925,0.003359330278978093
2018-05-08,-0.0020786888777552916,0.007812611089771724,0.0068982730491910175,0.0071230397126957395,0.0022006166046756167,-0.004058291055217143,-0.007037927187595463,-0.025297857394627622,-0.0075703356084117525,-0.004224600346906021
2018-05-09,0.014291822491492915,0.02018931976091849,0.014724466216354452,0.010725851290983274,0.012234287297395981,0.001422189566887768,0.0076753400778257624,-0.007029925153619039,0.005714111089341086,0.0034581764015097533
2018-05-10,0.007155008650110192,0.007467184376348794,0.008166452876789255,0.006729450839835688,0.01294436573153958,0.005870898572618633,0.00919609245525467,0.01401165295092317,0.013289184235993012,0.0036368276558554646
2018-05-11,-0.0003393930580113466,0.001434609474982053,-0.0007078812909651072,0.0021441240620126345,-0.001430363435558301,0.0,-0.004746176741810971,0.0013901841028739308,0.014802578823743723,0.0020996757603145666
2018-05-14,0.0038981701978102233,0.006883704777109104,-0.0007079107390759944,-0.0017417138807212615,-0.00014271250978391408,-0.00040345527205951537,-0.007002088532008669,-0.0037785187352783207,0.006602343462072097,0.0019050349872351596
2018-05-15,-0.0030494847124730986,0.0002584926508824512,-0.0017720512404536233,-0.0033575935687197253,-0.009491135798612287,-0.0038441317147066448,-0.017072198184441285,-0.008403442968964402,-0.01300623269712123,-0.00582123480776476
2018-05-16,0.0118064330606854,0.0034878292082719704,0.0017720512404536665,0.0036256210519193957,0.004468860760404286,0.007069702399578359,-0.002602492391945427,-0.007866399942451528,0.0055602982173210865,0.008292101303226022
2018-05-17,0.0023444260943134587,0.014974502190186497,-0.002126665184154849,0.0038802123819865727,-0.005191564879676692,0.003416317325339647,-0.005225555979580347,-0.008133698133768649,0.00036164119762274017,-0.003327714531058609
2018-05-18,0.0013376689106143341,-0.007779243975536916,-0.008195393601583117,0.00585765734586776,-0.0042017637455595315,-0.0062384327381519965,0.000654894306511441,0.00020412578546134943,0.002527307741094122,-0.0012386703363856662
2018-05-21,0.005331511429524185,0.0101901796027283,0.0071300074533613865,0.015020261500249054,0.008674322651106844,0.004230477514533969,0.010092996314724536,0.005089948485341095,0.0009607114518428955,0.0055153531681471505
2018-05-22,-0.008342940845004324,-0.013395907081193158,0.0067269962168591095,-0.012368559897240606,-0.0014411091541580243,-0.001810775462854116,0.0012948053508422318,0.003649069009204874,-0.0019226622342458954,-0.004467437296049273
2018-05-23,-0.002348659457187669,-0.0001283792544219325,-0.0063718465569193835,-0.0009270819054549417,0.007325102676279316,0.0036180880120268836,0.008055471737648099,0.00906439532766031,0.0032429869061761677,0.00721355379734556
2018-05-24,-0.003533326749276167,-0.0165787369854037,-0.007843134599203423,0.004891093690145316,-0.001144986385076981,-0.0008032586414892041,-0.003858512865808584,0.008187617196969348,-0.003965373445089468,0.002172872892540034
2018-05-25,-0.005407948600240034,-0.026332811612305863,-0.0032263806035197073,-0.0018477938646708977,-0.0007164748046781376,0.00160549301772324,0.004820759171471478,0.004366047666121144,-0.0014456027824525548,0.0015086085080659006
2018-05-29,-0.017436658291119195,-0.003088743467908275,-0.03396347063445693,-0.016115384437383213,-0.005463641486524097,-0.002208051637820687,0.002561899050040485,0.0,-0.01030145364767545,-0.007756218145458163
2018-05-30,0.01165802755397049,0.0298131501749079,0.018038340656634344,0.01399916651736356,0.007325102676279316,0.013967114918716658,0.013026198764356968,0.008086176020119617,0.014872796930128385,0.009074502454789656
2018-05-31,-0.00838704428666388,-0.007600257690680346,-0.008426429726855202,-0.014536391772460818,0.0002860713462103429,-0.016179385669156904,-0.0031616399897908764,0.001570026080982872,-0.010981885958219282,-0.004810460046489035
2018-06-01,0.015181895612343465,0.004724167679444453,0.010977116274005822,0.010955261513294984,0.01688106179831951,0.0,0.004108099322266203,-0.015415396137309134,0.011461612739215019,0.007348150424201509
2018-06-04,0.005739233341495276,-0.008678308334626603,0.003269831134989555,-0.0014627927620187947,0.007986102518151735,0.008221958694601066,0.009728502938721129,-0.007998609104505719,0.0037118236879643426,0.011107159576931935
2018-06-05,0.007545910292157791,-0.0023799539143566917,-0.00436237094145106,0.0011970000964824435,0.003482989608184278,-0.004603870682574231,-0.005009282700905582,-0.005233531575532228,-0.002033543171287802,0.005831109189475521
2018-06-06,0.018373503333235845,0.004754470638734652,0.018051341326555507,0.008338430116973774,0.0065147398128217815,0.0012031577766797282,0.002821160624463457,-0.024102014635351283,0.011194526039066628,0.009277799246728
2018-06-07,-0.005097497788178585,0.015037724377205491,0.0032148553369473285,0.004208715621805788,-0.008045678240396014,0.006193185753416376,0.0,0.00700413442625103,0.001301887734625071,0.002921580379999662
2018-06-08,0.002798440657297573,-0.0019490382213316214,0.0014255665370657977,0.0032761030828659943,-0.0016725098496505632,0.012272572245005501,0.0034366877539189324,-0.0004103385421023829,0.005778768415141439,0.00209440840023342
2018-06-11,0.0014786403333275275,0.00518841154801472,-0.0021393504748807852,0.0019602032656006853,0.0011154321645863903,0.008228902421257355,-0.0003119172903944758,-0.002055938740608613,0.0018792935852610059,0.003995067505573938
2018-06-12,0.0013122115824773738,-0.007662231885993606,-0.0025010713991323783,-0.0010451156965012882,0.00486542531160258,0.0019492430887139357,0.005600300042266908,0.011458673200756634,-0.0005866882285771161,0.004790886464935804
2018-06-13,-0.010878503876592397,-0.003787494548677271,-0.0035843580894221612,-0.008004611018390848,-0.005144310329278818,-0.003120874228002286,-0.022592669302379645,-0.0026479310299436414,0.0002345318675150427,0.0015318167687266833
2018-06-14,0.0014901930846046183,-0.0014405750187952595,-0.00937966545891839,-0.00382824915408233,0.0070837346043200865,0.0017567938922538918,0.009475995219524452,0.012366796431844298,0.005152980578164459,0.010390734453020113
2018-06-15,-0.007006861361219673,-0.021711933433620847,-3.615433941644134e-05,-0.0024995604016447084,-0.003826622963668849,0.012770388279850919,-0.0016184162172239182,0.007090024782725564,0.0019443435659996006,0.0016426242107224858
2018-06-18,-0.0025145036995405648,0.009927628170798338,-0.0018218087347874853,-0.004135350387560515,0.0011145378983351624,-0.01465885583797816,-0.000953127898443626,0.003224545816711753,-0.009641414983472693,-0.00169619441143797
2018-06-19,-0.01846409432106999,-0.00227222881950025,-0.0025561533774415782,-0.021345964086896495,-0.005166691863599147,0.005302038761689186,0.0012708190640588993,0.009810648675922294,0.0025959165008733118,-0.001251423545430884
2018-06-20,-0.0032538399464568084,0.004405851309488596,-0.002562866214031311,0.0006825221773065995,0.0020981736457914815,0.0009789721299498547,0.010735498260799248,0.0007969779762398618,0.00211875388980615,0.004729944517218804
2018-06-21,-0.010691326002566158,-0.01868974026523581,-0.0029367184913964414,-0.01263425307785146,-0.00771338013147394,0.001953973201994934,0.0059497244325736115,0.0033788096510967217,-0.005778801608273428,-0.0071485196615301925
2018-06-22,0.014458027971526387,0.019754811100740337,-0.0047909551141325805,0.003448926757107467,-0.0032434500274399333,0.008168723310182863,0.008703908275580154,0.006920298450099939,0.004484586649658044,-0.001705476332762658
2018-06-25,-0.015672378373443235,-0.02029764732801382,-0.010770728212458225,-0.012751462609902068,-0.020981336079633844,0.005022863114685132,-0.0024792639873690648,0.016416351225805818,-0.009226542459181851,-0.021978708328948257
2018-06-26,0.003811574786021822,0.012549753369799205,-0.0033664115074680907,0.003759185715553718,0.004030363053889674,-0.00424892539781535,0.005261031846740096,0.001162106203108969,-0.003094736809226405,0.007136969502584924
2018-06-27,-0.0031175571857641445,0.013321140406474264,-0.012441187097254593,-0.008092638135669098,-0.013741132504289317,-0.002130842028100327,-0.00278176785937105,0.004828843041755865,-0.008499465932493008,-0.013031559003989165
2018-06-28,0.003808626716862833,-0.00132405742798348,0.008687547281947063,0.0014000427497598133,0.01215960255154036,0.0,0.009855130140402067,-0.0003855404933680973,0.0013218442035754598,0.007820944090532326
2018-06-29,0.0034503556755350294,0.006208087676089977,0.0,0.0020962743544108453,-0.0004318575235145189,-0.000582159626309954,0.0024489845635314923,0.001540896574151823,0.00203866066787546,0.0017399902983923914
2018-07-02,-0.005352778504233381,-0.01485792555185549,0.004876898674250782,0.0022310678303342777,0.008885381140357165,-0.005838754064268191,-0.00582575149765075,0.0070957836555957995,0.003110864741646827,0.0013712804876048687
2018-07-03,-0.0017329102768772271,0.006261851036429438,-0.009022600842838825,-0.003208814769801546,-0.011912668561242078,0.002339575845850686,0.005825751497650786,0.002861933210471553,0.0023861734056961825,-0.0050376253751252525
2018-07-05,0.00863421605130019,-0.0010630179611692172,0.0022635436527409726,0.004879081836519319,0.014050561673087367,0.0137320574504187,0.013060138087345153,0.005321405486571242,0.010313135772750953,0.004946445271506115
2018-07-06,0.004973941945356043,0.006097439765262543,0.004886146943619565,0.0034704721643027702,0.011606333062642936,0.003068731462822709,0.004215610922804695,0.007740909353009115,0.014286427078018062,0.007827194289665603
2018-07-09,0.008857230658665763,0.014822856593816922,0.02261446471299015,0.018399338023874303,0.007570678709542142,-0.0038374105851862465,-0.00935856363670428,-0.03133036151047458,0.007297349637960943,0.011896675781764043
2018-07-10,0.008443064859079885,0.007394694724049181,-0.0036723086819098597,0.0031248421592134324,0.0023711733026735757,0.011847786048162305,0.004841135147382585,0.009464165618069537,0.003802146908389586,0.0021477144044062865
2018-07-11,-0.01695802248840666,-0.021424708244296736,-0.004794489055157765,-0.016547611495282024,-0.003908483677825289,-0.0032344965557071117,-0.003023046324271516,0.008994558624948362,-0.007965754452195072,-0.0023273467003034876
2018-07-12,0.0023914935153426685,0.0017148243509214653,0.0018468686390839461,0.011652678708706204,0.015682661875153436,-0.0013347190976675254,0.0024191377721614585,0.0007616989096194081,0.01106495945733852,0.006609133038104166
2018-07-13,-0.000511997986669834,0.005259204437437949,-0.004437867788101911,0.005166028123645435,-0.0011022855718622715,0.006467252210994632,-0.0033277314406472904,0.00019031096925262715,0.0018328629649487303,0.002223185350968099
2018-07-16,-0.00805563905237919,-0.011606765415833517,0.017634190566242627,-0.004076297986945238,-0.002346540775070264,-0.004751460650177157,-0.005469495718710825,-0.0009520098788719552,-0.006082552925205096,0.0024837470948660466
2018-07-17,0.012993930458167428,-0.003987703639327539,0.0010921010946757525,0.003940818464397064,0.007434259805183603,0.00853667148828846,-0.0067257543307796585,-0.0007622795371397666,0.005510056802621918,0.0009738907162567048
2018-07-18,-0.009386699187376224,0.0006658653996851487,0.015879073544941766,0.010924365304686217,-0.0016470749380743624,-0.008155833630567863,-0.0036878881787963096,-0.005161317372438259,0.0008010442105835884,-0.0006197182436580521
2018-07-19,0.003594036981758422,0.00026610780851353934,-0.015151855803528914,-0.00040236409569922795,-0.003578656792030342,0.0005714766432899906,0.00949915696484182,0.009157164275076192,-0.005620631182704054,-0.002305460113347313
2018-07-20,-0.004108428404671492,-0.003465725465475765,0.001816014925019033,-0.001074191393749254,0.0002760063551058782,0.006071813851227151,-0.008883614533851395,-0.00705134705873579,-0.001957503823269681,-0.004448217119043663
2018-07-23,-0.005505012719241578,-0.00441610448787062,0.013693985588239968,-0.006198653106547405,0.005086793547820453,-0.006262597619057468,-0.0027731973468632437,-0.0071009535570317256,0.002072302068485251,-0.001070467116078932
2018-07-24,0.012854744152363333,0.012528569578049606,0.0028589705383176406,0.004181648318098672,0.005470625963228371,0.0019021859071509729,-0.00278060254181934,0.003460927669824821,0.009045834236789287,-0.0029505340710791954
2018-07-25,0.007803172234592527,0.008309652523949898,0.0021391917486348454,0.015095705059921877,0.012469269563530812,0.007571437175458997,0.009852324267411885,0.0028750155937081975,0.012685598296214287,0.007314747482001061
2018-07-26,0.0057286939236622925,0.010843328286546295,-0.0003562799900438484,0.007661144241237443,-0.015474752259388587,0.00526596979429331,0.003364372823112558,0.01066084225537447,-0.0028176521310999975,-0.00525742680196789
2018-07-27,-0.0037030746255436726,-0.004297348635724739,0.0021352279539520003,0.00013156548994406768,-0.0172472604536162,0.0013124789009075937,-0.009202349689607002,-0.0032244601566745463,-0.007249979867860815,-0.002594457155433485
2018-07-30,-0.0018566545966612739,0.00818796733322092,0.0007109140457398808,-0.009916108357952659,-0.01571098606903212,-0.0011248386657098685,-0.0009250703299973847,-0.006097463476159673,0.0005688239221738947,-0.008003829306579524
2018-07-31,0.009081807440666907,-0.0018138405768085748,-0.007130245230062416,0.021817365037627788,0.002682655358202044,0.004677933555238927,0.019246233121232463,0.008943027881917219,0.010398563232458469,0.004684223583193297
2018-08-01,-0.010265009226020064,-0.013971530132958508,0.0,-0.01361284507711091,0.008983637559974214,-0.008435764373820617,0.006634257237845895,-0.006461436054860918,0.00022481235215302727,-0.004955244867810897
2018-08-02,-0.006618799041779612,-0.005538539750621621,0.0003575719942518456,-0.0013188058309446821,0.012498747858180835,0.01011428874956151,-0.004820640303372273,0.004944969335678717,0.00370368622130332,0.006840902625278224
2018-08-03,0.009490230158943395,-0.005169676424335676,0.005706191214858646,0.000923151785126406,0.003581654901106087,0.011672216704391149,0.012903448032982365,0.011131007337814329,0.005918264086793634,0.0034028716046347928
2018-08-06,-0.0003374631475596629,0.0037145780375856348,0.00532021183470469,0.0014493563029424983,0.005348599808275879,0.0009205818561032252,-0.002089392822348229,0.0007499453487860232,0.0017803634358690562,0.006682368116563577
2018-08-07,0.0033686916108124952,0.0073880163273161185,0.004587977070834994,0.007083823644136483,0.003822491697035831,-0.006091334295013555,-0.002093544852294537,-0.0015010013597571653,0.00011082275160811538,0.004607249116489638
2018-08-08,-0.004212659497855141,-0.007255782770545695,0.0024615309440087943,-0.004454415300522755,0.0027212576587235535,-0.00762016740827245,-0.0063070613044987865,-0.0052708595796715696,0.0015547720732933584,0.001060064168238522
2018-08-09,0.005388901911307998,-0.009310742116460354,-0.005988759998949367,-0.005529765412334821,0.00040790765697023353,-0.0029899565128816605,0.0018059737399131722,0.004519787293506478,-0.0011103462212560394,0.0037018697684962467
2018-08-10,-0.014549356215034523,0.006128380455073004,-0.011729390547542306,-0.008885662153800272,-0.008046550873471035,-0.003749289403903899,-0.009670622848684932,-0.004331000867065952,-0.004341819052316389,-0.008392680383631796
2018-08-13,-0.010105292300096987,-0.012832781199507162,-0.009700113777278427,-0.004807000170726474,-0.0013701363772509775,0.0,-0.00030396852333941407,0.0013200497581986438,0.00033485790976578753,-0.00506965676231325
2018-08-14,0.008399879141944809,0.0024186475065327167,0.009342353259363091,0.006935998558362322,0.0061513316188665365,0.006925783371685892,0.00394155164379664,0.0020710195371066572,0.004673471489575902,0.009672056764853906
2018-08-15,-0.01600322016595541,-0.03551787465280715,-0.007899381101295419,-0.004796752403178436,-0.009034901189150521,0.004095306872513028,0.008736197068753131,0.009173400303572018,-0.001666625366658262,-0.012261270788696686
2018-08-16,0.0060526384709109066,0.007205273043501688,0.01324972048727354,0.012608720969158679,0.004391111106426301,0.014202708111869009,0.007768160390023464,0.010751156682629598,0.00973818193031883,0.004904867209551589
2018-08-17,0.00738649935622554,0.002482236796081179,0.0021323502436563966,0.006048907378828413,0.0015042618806892151,0.0076631393441499406,0.0094784780572718,0.005148908798647012,0.0030780088172764554,0.0008890358906883019
2018-08-20,0.006992485765865446,0.006725619073169339,0.0031898283775355697,0.006663739293646972,-0.0015042618806891664,-0.0005456252095003202,0.0011789282644423299,-0.0034911468682781352,0.00328842155545588,0.007085208067834326
2018-08-21,0.003901278248375238,0.005048861142753085,0.0038849289512412873,0.007395382280150434,0.0016409926636039858,-0.007117514134649557,-0.009170530451021782,-0.0072042285648202375,0.0,0.007911517693894943
2018-08-22,-0.005091826236585604,0.011906352983166578,-0.003531043908848085,-0.009742329895185782,0.003002797419120082,-0.006246423390527348,-0.006260279242496562,-0.007443499966320222,0.000984050219106706,0.0010501172805224023
2018-08-23,-0.006829276682295381,-0.004718638371027264,-0.004609438086423826,-0.0028757137204348366,0.002178050828297397,-0.002398588222114449,-0.002395310640719899,-0.000747233707385864,-0.00032781392916242516,-0.0009624575139798517
2018-08-24,0.012936122628718443,0.0072708417668040405,0.0035474853614528854,0.0043105887043005916,0.010012246479651094,-0.0012940213409058086,0.006871029075220223,0.004289803167163441,0.004799538475277819,0.005848691059202993
2018-08-27,0.013605817415219601,0.007351723770488484,0.01336674909176328,0.012563773236251494,0.00911323217633862,0.0005546615816368187,-0.001489607554016777,-0.006160607102444996,0.00358502191517444,0.006420336065064468
2018-08-28,-0.003844394664673425,-0.004270953282487728,-0.0010488814955436773,-0.002061179431083945,0.0017322107833438677,-0.0033333777337140238,0.012149950977091135,-0.0020619074303938893,0.0005420828518776441,0.0019871821835025258
2018-08-29,0.007508002484216525,0.006133426908810051,-0.0003500781753191425,0.0007735663147629912,0.009015045800811488,0.0011125350186079338,-0.0014738005222575548,0.007291599434810376,0.006481614014625759,0.011157947239182571
2018-08-30,-0.011871891000973078,-0.002795191693178716,-0.007727196240352102,-0.006984072866985654,-0.003040022470560741,-0.0031550099480894427,-0.005323680730659184,0.0003723432602221322,-0.0007539239083487127,-0.00573525683603736
2018-08-31,-0.003032400270127284,-0.007761515564080665,-0.0010585026548371307,0.0006485823108663594,0.000794167453708515,-0.0003719664801552187,0.00384792462829503,-0.004292023260794776,-0.00021585990363182187,0.003940958701626448
2018-09-04,-0.006941654772797184,-0.0021515549513102653,0.004929370214103167,-0.0007784847087527169,-0.0038432417565731503,-0.001302361217035154,-0.008902487396045457,0.004478278722061376,-0.008007639884820034,0.0018796105804304271
2018-09-05,0.006604002323843609,-0.001347067361317877,0.0007021941778072191,0.007113975264871981,-0.01256084911258417,0.011477296803487398,0.0062400382980876325,0.013867367649268953,0.00401183520806079,-0.010811985855467075
2018-09-06,0.00202337914948356,-0.01864130007990486,-0.00457306173707333,0.003088406783924561,-0.00728689376077642,0.0027572649867506145,0.003252866517662034,0.005676125603250494,0.0,-0.0027644378392159856
2018-09-07,-0.0065905336205227035,-0.00013746862060827223,-0.0010585026548371307,-0.0030884067839245985,-0.0033922070226346654,-0.0020212564072882946,-0.012776922652657152,-0.012308614591828571,0.0015141070531382173,-8.654969435874909e-05
2018-09-10,0.0011860842662576945,-0.0004120768128486032,-0.001059389784846059,0.005141983976451384,0.003120875227408483,0.0034885974829743844,0.005368433790162278,0.004978419155107129,-0.002597206077859157,0.003713473192359629
2018-09-11,0.0020300739961622303,0.009437333795491207,0.0010593897848460026,-0.000256243597403004,0.008499261650261889,-0.0036728728508510122,0.00029741934747027,-0.0025781989081700993,-0.0008667958845906527,0.007984627364896192
2018-09-12,0.0005068940757670321,0.0051592222738451946,-0.0092200096141851,0.0030733775381251256,-0.004172966516552008,0.01152303585187345,0.0008916540093637167,-0.0009226871005597507,0.004975350194039152,0.0018795603857665343
2018-09-13,0.0038775249215871137,0.00040647004365372606,-0.0014258382703526105,0.0059914781084362675,0.011668011542426958,-0.0014558589473097655,0.006219415505660824,0.007538971915242018,0.01233039968067098,0.0017055674332354938
2018-09-14,-0.00033681846678916994,0.005265517245854335,0.007109652952143693,0.0049442510742030085,-0.0008003040399304046,-0.0027354722326760153,-0.008599051625124182,-0.0053261305847740635,-0.0033089418715527993,-0.003756306361202966
2018-09-17,0.003528738467895548,0.0016146247274911913,-0.004260006531931565,0.0003793248437172887,-0.012622813951555035,0.0036454081010837114,0.005642444651196381,0.0033093936745370502,-0.0036417149301880506,-0.012478752081036165
2018-09-18,0.0010059601831459907,0.0065663837532587525,0.004968246599923154,0.009061658197723584,0.006330882667961393,-0.004193367305690342,-0.005940085401896247,-0.0018371202795590678,0.005777786997102931,0.012649930623236912
2018-09-19,0.010832503138509588,0.003067211776566043,0.016848305920349617,-0.000877761670514286,-0.002554388671094854,-0.0018285303158534505,-0.009578144635577645,-0.021938506142856733,-0.0013875648579523934,0.0004272916617059195
2018-09-20,0.010716343158214408,0.00026635696634856284,0.008664366103828586,0.0015035163863802296,0.011777678535159725,0.012551094069538537,0.007490843105094907,0.0020656666675157313,0.009675343461956752,0.006814950389764368
2018-09-21,-0.0021607308035633196,0.006586222397307289,-0.0038895816105670835,0.0064459747984183515,-0.003959570465145319,0.001600463598799263,0.0,0.004249563516770325,0.0013476201813767347,-0.004429267332726957
2018-09-24,-0.014134883688876726,0.014540818982983362,-0.011196931561392945,-0.01727322487600737,0.004946936336755542,-0.0153848334170135,-0.019802759021954285,-0.008897234179517466,0.002013485411179104,-0.00652104078446697
2018-09-25,-0.005205411187714437,0.006409573103324772,-0.0038778774922735987,-0.00305722946844228,-0.001201436450699576,-0.005923513985136376,-0.0009235873056794619,-0.01378558978540557,-0.0030746706702652307,0.004209281372341214
2018-09-26,-0.009982187810578129,-0.009695934395214873,-0.012082548356986857,-0.0006379306572507463,-0.003745499886055767,0.0011133727327001027,-0.011149029683844352,-0.009880930338423858,0.002227502356003864,0.0023117594121259658
2018-09-27,-0.008710138642636783,0.0,-0.003581508618052494,0.0014030871428123994,0.005879893187339209,-0.00129895438948613,0.0031095347964771006,0.010266453619050578,0.0050729179313009675,0.0034155264219275488
2018-09-28,-0.0063665538325904415,-0.0027686526631597657,-0.010460121919954306,-0.0006375529482537985,0.00372369084705886,0.001484468120131569,0.012341888425958953,0.01454018819117757,0.003052795959166759,-0.0008526837690948443
2018-10-01,0.00996236355664623,0.013768003242251416,0.003980314724271085,0.008762488816721715,0.004767750583392013,-0.0007421749612977251,-0.007696020217918553,-0.0034247313801890025,0.004927099241230069,-0.0030760741731223227
2018-10-02,0.004263402082593582,0.001041192182347264,0.0,0.0022732190600858793,0.00013202047406947427,0.0057359295722961955,-0.0030949473962806084,0.013440987762497815,-0.0011508202928876994,-0.013612549104090878
2018-10-03,-0.007173225503742463,0.008033396431501711,0.009346071047816372,0.004154592953340886,0.0030338261211045616,-0.01075865653173409,-0.011535367141205921,-0.012107718057254349,-0.0018864024382733678,-0.0033888989690437866
2018-10-04,-0.0046386472834699,-0.004138258927728428,0.006774532553343051,-0.003271617666636787,-0.018207765811499046,-0.0024274709007821808,-0.004714963767611733,0.005315099791922431,-0.009803478322219254,-0.015790993190807748
2018-10-05,-0.007432657461321843,-0.00012957535356763949,-0.004987418253150309,-0.0051813026494194935,-0.012687323649727088,-0.0009352005167008332,0.00031491016414288267,0.015218702433895984,-0.001166161589386749,-0.007544489161403738
2018-10-08,-0.0005204634147130229,-0.0007782888025220642,0.006762946029626748,0.002530581197714397,-0.011338250311538435,0.013752200860009655,0.012830941185020681,0.008355945462674609,-0.0004243041202430882,0.0025804205725106517
2018-10-09,-0.033715948419820056,0.008909812314922775,-0.003909656333532268,-0.015537430333329058,0.00356585564549662,-0.002217110847483059,0.0034146185563400802,0.004059897814037148,0.0016961373453200377,-0.002937032396223997
2018-10-10,-0.026561513423974434,-0.031868732904587777,-0.03147341226773226,-0.032746909682411056,-0.04967346727417689,-0.012096578026345273,-0.015930671472333086,-0.005540442208752941,-0.02390374542832736,-0.034270083252953006
2018-10-11,-0.011682925264781473,-0.034428037105787714,-0.03022023445082034,-0.026747337943101628,-0.01274096707520859,-0.025025035987266013,-0.0297192028664318,-0.01850344747157833,-0.027383726462335164,-0.017774261955361647
2018-10-12,0.0027937195457389944,0.002743416946536681,0.0011358270669042715,0.0066526264038347036,0.031552831660889805,0.0055518305200142415,-0.0006488822332144404,-0.0011327386666494749,0.01526916910704094,0.01832728393169177
2018-10-15,-0.003353733116153193,-0.008391267356688952,-0.004550985759680455,0.001892499445421002,-0.016512932293368594,0.006090817858300517,0.006147684700689979,0.004710457408301332,-0.006941908149575366,-0.002307363100306325
2018-10-16,0.015923191415837576,0.008254289716979184,0.016585583994079653,0.01674244265961991,0.029696843424156075,0.011133190027995286,0.018537029570985592,0.010285308076864718,0.027052063043215564,0.019851542125333552
2018-10-17,-0.006449542693233244,-0.006322148955853353,0.010042919121296425,-0.007332372573694528,-0.004608846676491227,0.0046803870622825735,-0.00285423377398606,-0.0018621066781118764,0.0052600601027199025,-0.008276799809205572
2018-10-18,-0.01134165915018412,-0.004975829713859325,-0.01679478383341955,-0.01741074125730491,-0.019791454994747302,-0.0013084413230127995,0.00031764352703093516,0.0014901958508122101,-0.01141306010909375,-0.01936631864321288
2018-10-19,-0.0071307698256117096,-0.008907294810656696,0.003756745214210481,-0.0036827267684526894,-0.0004283647163810561,0.022559971879083755,0.010107442568228141,0.015512796182220892,-0.009137159546935222,-0.009825414041732348
2018-10-22,-0.007940955073611354,-0.011106092906150356,-0.02160400450345981,-0.0034217334390523025,0.008250454221438476,-0.007525014521505179,-0.014242744251512944,-0.006434830453191453,-0.008229966402628481,0.004035531105446045
2018-10-23,-0.009920012383052401,-0.026500023598238068,-0.008078701244699409,-0.016590973931090932,-0.0038319891260566365,0.004412089321639859,0.006355130948068699,-0.005548016375598445,-0.005413388929886039,0.0001872748221301459
2018-10-24,-0.03214460632884493,-0.0402839833478919,-0.025426549135444138,-0.03446399543779835,-0.04582960978511795,0.004209410416552317,0.011651845228746868,0.024004715028138116,-0.03356938450590004,-0.03032684662230871
2018-10-25,0.012786600321717021,0.012166958746570224,0.015333411639536089,0.007045415336595917,0.033812521715286196,0.002371672322248834,0.011826997424141224,-0.01569370308131575,0.012862032070735644,0.02976476345740218
2018-10-26,-0.00588115808520215,-0.007492888403416711,-0.014541227592680573,-0.009935845379030323,-0.02020911643497902,-0.019317897568467822,-0.026333748184781697,-0.018563993951173773,-0.011373957468093878,-0.031600721493078986
2018-10-29,-0.002362164654680536,-0.018828401746493965,0.0086716456923855,-0.016782364086285955,-0.01703326204987771,0.0114517366696905,0.016383604813768285,0.013955047846781397,0.0025137185449175263,-0.008838830236235006
2018-10-30,0.022604302811756176,0.022881734296907062,0.01712116295421517,0.020393723777810305,0.011141457179799927,0.019640876695294435,0.01642663522330388,0.003873206849036073,0.010668600663217679,0.014912622512917239
2018-10-31,0.013587153987721335,0.006123364534802163,0.013792954352938518,0.007613438438343079,0.023506858897106377,-0.009408739778571939,-0.013618286515028352,-0.011850087267575781,0.0013535661424037024,0.012797592388673342
2018-11-01,0.027743268379992577,0.00845137403411198,0.00455600203381751,0.01744829807200166,0.011620010401269015,0.007064777835317139,0.0037326954838790396,-0.004480249208978623,0.012547802842669879,0.020197037729332276
2018-11-02,-0.0024063693233468213,-0.0025130264867924117,-0.0007577962686873702,-0.0016889305707183091,-0.01973448488268357,-0.00524864342452484,-0.008417898245282223,-0.005628165647372279,-0.006253880483870233,0.004083569626125223
2018-11-05,0.002960529086954575,0.016587540248477178,0.015795759540219983,0.00519814822005124,-0.0010184034795206434,0.01244265473908798,0.016457393132649448,0.014012223231686185,0.008811302303431967,0.0013881924640596407
2018-11-06,0.0163113987564706,0.0046477999729671055,0.005210235272530757,0.010455684871081302,0.00624239574542844,0.006074861978104432,0.0055283961156676695,0.00665669843870547,0.005095209816520309,0.004429822839619874
2018-11-07,0.017836497241686136,0.01624197876595827,0.01290812611561368,0.016095051879527613,0.028954172209767013,0.005683792182885974,0.010965418799838852,0.011361596298441818,0.028965810464615816,0.02671177601089514
2018-11-08,-0.004294611552444506,-0.02190931272565348,0.0029271729714086766,-0.001638757577523738,-0.0008437761194896791,0.0005314119277189925,0.0021185420745855276,-0.001641277801541729,0.0005363350351519305,0.00026888807675688444
2018-11-09,-0.014087319761742179,-0.001750450157523147,-0.00917585942222795,-0.010166465853809968,-0.017458530404313936,0.005824341924403004,0.0012083717669628138,0.001459300317064493,-0.0029008644462392742,-0.013989922151576935
2018-11-12,-0.014842034887476128,-0.020947562341534234,-0.02011260995173596,-0.01994366153932652,-0.03585835120365052,-0.00529362482401975,0.0021112173463672885,-0.0005470100625112777,-0.013647959386637954,-0.02029192178314592
2018-11-13,-0.0029582024971765005,-0.023225445537136714,0.005627437159980549,0.004497531869203389,0.0011865235927071521,-0.002302610571314474,0.002106990771944629,0.004185183501834797,-0.007004554646286141,-0.000463821671658712
2018-11-14,-0.0011114623518175026,-0.0016799600617511633,-0.013559417030592304,-0.003371220685070678,-0.012079853818996402,-0.006761691565118447,-0.0003004635149945885,-0.010404277766066394,-0.00805021634278731,-0.007545034117694451
2018-11-15,0.013623179688497912,0.014565516832587777,0.01468106487521197,0.013139666718138873,0.024747211452054215,-0.0016082643519488365,-0.00785045214511056,-0.008291283236573629,0.008818688948282645,-0.001497167030083013
2018-11-16,0.010006190216080579,0.011829260212019835,0.0011203089575592372,-0.00027727342449982215,-0.00161106596841117,0.0025008222978362667,0.014146070661332784,0.015239365047793746,0.010045825216795116,-0.003940694152774252
2018-11-19,-0.014404304535948452,-0.00029771275573088304,-0.00037302277092355707,-0.01596283726459383,-0.0388629096620859,-0.0016068283698718847,0.002686266023777526,0.00436358746090182,-0.012793195321296467,-0.02474672083445531
2018-11-20,-0.018349336716016358,-0.033306187421646816,-0.022277929667801462,-0.0209662150346354,-0.021725085904689658,-0.01675558426203751,-0.013201511129755723,-0.004181116268320324,-0.009398251901270508,-0.022906755965176582
2018-11-21,0.008011324813210326,0.015580034435790077,0.000763459968906474,0.007037755916298838,0.007294200070868338,-0.00802640634802973,-0.0006044081958829374,-0.014866833207308304,-0.005681564964970046,0.010397582120629259
2018-11-23,-0.01082091045463719,-0.03187597478511883,-0.008044405730263693,-0.0020056231719991387,-0.009164936952904375,0.003473778766579419,-0.0036329503044950653,0.0005545170382559195,0.0014513881305173427,-0.0044988773446319455
2018-11-26,0.011377456112486802,0.014909694420456428,0.020179494090510782,0.007287246158534243,0.02237526053567405,0.001277023569138884,0.002120886524576625,0.005896561756665366,0.009658559214124857,0.02219859322976722
2018-11-27,-0.012315964138919618,-0.0027788469725280513,0.0007535134756530383,-0.001709682407032066,0.0019821514348029555,0.00889202291107722,0.005433132108645773,0.007504295672817068,0.010332241399330576,0.002967480090265654
2018-11-28,0.015279015124749775,0.017013579279307148,0.019026810408563483,0.023676113766316023,0.03442901400865531,0.008276469493649201,0.008094931087360965,-0.0007296073047013996,0.02377201303100951,0.029107405048190062
2018-11-29,0.007185637297130103,0.006513480750758872,-0.00853565907392735,0.0005570212197045275,-0.009758624309722222,0.0016112642497314509,0.0011935139071857772,-0.00036513534097237636,0.003304637147584352,-0.004652862555729124
2018-11-30,0.0025671923221040035,-0.001813433124202542,0.005204343218171995,0.009696547659250527,0.009464547905493548,0.0064192200919728545,0.0094984063937812,0.014678247934475192,0.020124314146373643,0.0072493071545598605
2018-12-03,0.017426006816041124,0.0219918724317677,0.0062834951116367355,0.011513318577873062,0.02183840639249872,0.0008885106994305998,0.004715836108726022,0.010023394293914913,-0.00481001687596832,0.01853252938471392
2018-12-04,-0.030141887421105264,-0.029126738721047218,-0.044451592909258576,-0.043448830197263914,-0.03861033779756709,-0.01701474321865104,-0.01331991303180904,0.0007117286876764012,-0.022577764982723663,-0.036660468829814746
2018-12-06,-0.013631022589044448,-0.018606075283136365,-0.013964508803926457,-0.005566111605383074,0.0022428027604806207,0.0010828851875135017,0.02704462347295337,0.0010675437775137585,-0.0037592841824880536,0.004797317586767585
2018-12-07,-0.024359074170615395,-0.005602970305577683,-0.019326260605533847,-0.0266875848939934,-0.03588113160562027,-0.01271088327722589,-0.015196346739466631,0.0037262162079595967,-0.025833950643947053,-0.030393390995428433
2018-12-10,0.002693370113714745,-0.01573103838695134,-0.01403650659302552,0.0024957594911181086,0.01368292459000777,0.0,-0.003835246089322089,0.0019463936217960446,0.003857572584724835,0.0007737490799788201
2018-12-11,-0.0032712149297256395,0.0003169314639641755,-0.009740373021677316,-0.0058825080163854475,0.0012208699942423374,0.008189879199733635,0.0017720918608835972,0.004057623676286922,0.003075265383002316,0.00038629407589408347
2018-12-12,0.008636289637047514,0.003955000547057319,0.005693244191623941,0.005589361661794434,0.0077479389098979385,-0.0012695897692877594,-0.019064930513381623,-0.006358329957009431,0.008517060805133465,0.010477451157734794
2018-12-13,-0.011725098494942182,0.0031525082202216435,-0.007326113635559172,-0.0027909666302623187,0.00166307677391373,0.006151799885094536,0.006893198580358221,0.008644385995645236,0.0009781042612992778,-0.0049846834776052455
2018-12-14,-0.007764282381244192,-0.023084610445423474,-0.009852426483407756,-0.013921808073900427,-0.024779319441313882,-0.017100836894271873,-0.0017937391609869045,-0.0019337342125484648,-0.0342536012648295,-0.016764731328214568
2018-12-17,-0.017295611432352552,-0.018367037997504644,-0.00994991294258532,-0.01654162841159985,-0.021445753619375937,-0.023390748325481155,-0.03812018828252409,-0.032737453155832166,-0.020097174381902765,-0.025736076686890527
2018-12-18,0.005535497394471723,-0.02390546515161228,-0.003757131771314582,0.0049910865529183375,0.007880518802422895,-0.011903754273398525,0.0098981254804819,-0.006751115075796078,-0.008754619799255528,0.0077904195468567645
2018-12-19,-0.013697490444781028,-0.01183051868984803,-0.012626524700426413,-0.019039460029888357,-0.01997874853255051,-0.009741524608142508,-0.009276666431417434,-0.0016490085468700932,-0.013160428249691294,-0.01999749090548648
2018-12-20,-0.013482293780703196,-0.02810303172149586,-0.008934245623946976,-0.018468593199597236,-0.018099864179541594,-0.018011290527304054,-0.012189439052318805,-0.000550244865769597,-0.014167993205824998,-0.022687270532303988
2018-12-21,-0.009033635300850107,-0.009754551353824975,-0.02019847231337503,-0.019062348341523063,-0.030853643110114914,-0.010427441831543205,-0.015421614769332716,-0.004283753330611066,-0.01250029510469447,-0.02292238348832935
2018-12-24,-0.026267358082401947,-0.04129746237976437,-0.021286913885372107,-0.03116332312539109,-0.027051889111732053,-0.029321679698122577,-0.03752915041530892,-0.04271303737937149,-0.02423912047749891,-0.019167224798732403
2018-12-26,0.043808633335688144,0.060362552244730486,0.04427631425305524,0.04551765446225742,0.0586421604553144,0.027526452583019355,0.03137097108560069,0.01348491938561731,0.04269400714364381,0.05756314179655666
2018-12-27,0.018231208953569045,0.005232060398603856,0.011935356911924213,0.012432529067356958,0.0071755149211358985,0.009536816301999259,0.0022734078158691893,0.008384186119479085,0.010982120012951346,0.00532290979748586
2018-12-28,-0.005374761064821711,-0.0076829341663714875,-0.000423520631441863,-0.0026624800347942305,-0.0022774387469109924,0.0,0.003561394296358113,0.0024639523200424176,0.0011736003827824495,0.00010184148652063533
2018-12-31,0.008348488520814237,0.005244681488364622,0.009702403672503952,0.009986080339595912,0.009401766518227229,0.0041441713795601865,0.0019374450912481786,0.00170188161766166,0.014671708210433421,0.010661916846098627
2019-01-02,0.005133135355067752,0.019512141244207387,0.00836141307328247,0.005110369347967587,0.0006452937468661696,-0.0059251756985970955,-0.02316968201443801,-0.017345352609805922,-0.015258690980400233,0.007546383647894447
2019-01-03,-0.028767395371706823,-0.009967314400443074,-0.02273758979337535,-0.030902023512276854,-0.05178567798458032,-0.005761672072966642,0.0046114099763962715,-0.00019224096416408564,-0.020513819218483373,-0.02188966854981507
2019-01-04,0.038565823698317826,0.033457699460689654,0.032679757330604145,0.03721498087300806,0.043365926626165056,0.021095228034876554,0.010136036397214944,0.014699180908847503,0.029394706562014147,0.03255826706819484
2019-01-07,0.003504028115239722,0.014756310666304418,0.001235691792938635,0.008102412336338388,0.008903366467890006,-0.001366556431001348,0.008422235640826736,-0.006845534547420453,0.0038316213103277608,0.022360437968076012
2019-01-08,0.010438927010960466,0.007705459653250318,0.0008230070644404206,0.013609715730460726,0.008345104901117034,0.009139622325065749,0.017269442222700597,0.012326015289927345,0.0077344792585728895,0.010995788728060937
2019-01-09,0.0003843281785333029,0.015717705375008387,0.0049240479296771885,0.006735830643242072,0.01286262372295065,-0.00933501010858779,-0.004130193406766952,-0.00604909510300621,0.004474865582453186,0.0050707631248589355
2019-01-10,0.00880390548425442,0.002889851037096742,0.00040940914306602177,0.013484922092373354,0.004408138524037359,0.005844551680552638,0.015793006892733556,0.012998004689158753,0.0019442901877892967,-0.002867115496708349
2019-01-11,-0.004009436489482303,-0.005949175811636103,0.0024519585392616568,-0.001030831238948165,-0.001886924105376738,0.0029095160071426047,0.0018786057325557222,-0.003750104478359862,0.003308128838009936,0.0009566188286957375
2019-01-14,-0.007682069796145666,-0.0024218132133654877,0.006914669709296013,-0.00014751133576594683,-0.009328770404669291,-0.00485399689593133,-0.003132871624618237,-0.022801946550157118,-0.011108174040439222,-0.006138657298523005
2019-01-15,-0.006576366737391167,0.003550147420731184,0.008878215385628432,-0.003099660462029608,0.01497870345366958,0.009877119864207723,0.01123268441321044,0.0122259602928798,0.017804712961222286,0.009003113066106846
2019-01-16,0.003873626442025422,-0.0012896287883367628,0.02107012845448726,0.0010345632304562405,0.000938432370673218,-0.005410515950439365,0.0046431568829993315,0.0036007869388153093,-0.0018114856751270329,-0.0022911105045866423
2019-01-17,0.01743838154428987,0.009151845086954309,0.005492537691639468,0.01698429415191783,0.006389855311525413,0.00425335858548343,0.004929196667542977,0.004153340483900207,0.008800827776075548,0.0067624910514115285
2019-01-18,0.016392411451908614,0.020093996335827896,0.017067793643657084,0.018839729214461684,0.01510962020074438,0.01189141664029169,0.0036809250163310947,0.001129447453914285,0.011836737869011436,0.013763208030050962
2019-01-22,-0.01392596166119707,-0.02201372580150034,-0.011605514677348328,-0.020874276970207477,-0.01697571207354137,-0.00919384810402739,-0.0018388804258551545,0.0018802105908088062,-0.006906524530094736,-0.015093042235411979
2019-01-23,-0.006845334383068703,-0.010301153500948403,0.0011665801799520246,0.0014535903462264714,0.0034183758130624593,0.011859571165298457,0.0006132863835049575,0.010091715163233055,0.001117283357273113,0.0019941660985088932
2019-01-24,-0.005356801021325968,0.005324713017880373,0.0023291704137585524,0.005071581577871704,0.008341086023950433,-0.012436869464505354,0.003977441831528702,0.005192916274509159,-0.008409872290067823,0.004164932475394327
2019-01-25,0.018812881779122017,0.01263317691583516,0.008109764083637665,0.012637978062750741,0.014052304713318408,-0.0040512508203337915,0.011536199813910892,-0.0137830579390227,0.001238019839723109,0.010991554024254353
2019-01-28,-0.0015069891206522296,-0.01006171957617945,-0.0030816075626527175,-0.00960763924066671,-0.013437265674103412,0.004243957847530112,0.009911553135519197,-0.004699776968276643,-0.011423161361243791,-0.005809280992932402
2019-01-29,0.010315884504158749,0.003045105370879596,-0.0034781022724835377,0.013738075535287228,-0.010819066504897267,0.0023071072107413346,0.00774051438297507,0.0028226595695340436,0.004878922459276302,-0.006505619201004646
2019-01-30,0.010580100208850262,0.013984088399757833,0.005789966105106029,0.015512976070609065,0.030606561197548503,0.006699054157600842,0.008269374139964612,0.00767421021544304,0.013604428817589961,0.019483415257770958
2019-01-31,-0.015068595494484622,0.006449040370024775,-0.0015405922987202548,0.0043283651367904555,-0.0010557697489514194,0.018335128681801018,0.009659224218072547,0.020851271010920734,0.012429336915688694,0.009049778940139556
2019-02-01,0.00299481518859771,0.017253987926459203,0.004231645050416659,0.001531965892057471,0.00586697125435585,-0.0031888852318128795,-0.0061362264471449025,-0.0038422862533804576,0.0008818309562878626,-0.014724373415206366
2019-02-04,-0.0016835676504127586,0.002308777085303969,0.0042137299996193615,0.012854996322161997,0.01592193385164947,0.006368324082039601,0.005844621736171136,0.0016486146235770638,-0.0028691085570659337,0.006509155040488116
2019-02-05,0.0072743654864519435,0.0015365799390134108,-0.002679386523954225,0.008615617692776264,0.00837943903919753,0.00018662003434463903,0.006679382868882364,0.002011347575392305,-0.0014377426816694064,0.009317868222026987
2019-02-06,-0.00596483506705132,-0.00739600343020653,-0.0011506418201585906,0.00027247256254553907,0.003361189174512329,0.0001866714679893131,-0.007845591788624226,-0.000548394375557973,0.0045273064477587615,-0.004140788625641526
2019-02-07,-0.013930873024404425,-0.02236414284237912,-0.010027120718306885,-0.006829824570633595,-0.013809465718197574,-0.0007467224032517424,0.00842427427360585,0.013072013514893163,-0.011078115336349044,-0.008240318575436325
2019-02-08,-0.0009485449459873753,-0.0045968860698377976,-0.005051517830180074,0.0015064087045967578,0.005752976105854959,0.004658365635942063,0.0,0.004319524413813506,0.0018918302864963878,-0.004005846223334305
2019-02-11,0.0015171231922248868,0.004755126754415807,0.0031116581185020625,0.005323415866036925,-0.0004421336930598146,0.0025994873585101414,0.0028884698942612955,-0.0003589122978694567,-0.0012234905338607592,0.0017720376948919408
2019-02-12,0.022110687207319495,0.012570891641898825,0.014649447608801849,0.015398875789121485,0.013156809053746483,0.007757482074857717,-0.006946649441441902,0.00233290057995935,0.013599456727597069,0.015257523441959969
2019-02-13,0.0012965155114098978,0.012414742765072494,0.0026753743276432783,0.00588120553952742,0.001305896992064035,0.0018381510918872635,0.006658114647442848,-0.002872240871661025,0.0021940271247941805,0.006767846249028145
2019-02-14,-0.005196096208541575,0.003540888842847012,-0.012288958822145337,-0.004674880656841297,0.001739058686349502,-0.01126601145797616,0.003743568157811394,-0.0016189940009047482,0.0022985546736499244,-0.0036524692696661637
2019-02-15,0.01349002563093862,0.016007840559445655,0.021029286532152282,0.013299518983445975,0.007931542500022482,0.009427860366088779,0.006018061452906107,0.003056188548335777,0.014974146925020974,0.006837658266740955
2019-02-19,0.006221535800049002,0.0030200025305379746,0.0015124654663104485,-0.00039663526532441316,0.00028696960414075764,0.0051386200340506165,0.0011424397771320335,0.0059060296074451004,-0.002372303400891597,0.004080265187476037
2019-02-20,0.01700183352499318,0.0042131994670555895,0.0064015318567564854,0.004747008897438439,0.0011479906806495402,-0.0018322582832159871,-0.00629816964056977,0.004451082534607425,-0.0011880321352568156,0.001988787689725558
2019-02-21,-0.003953155256095437,-0.01558653257766215,-0.00526911565612789,-0.0040861132256918755,0.00043039063317281274,0.0029298011649863207,0.00172146229983911,0.007257520613251801,-0.008793546706501601,-0.0019887876897255238
2019-02-22,0.004311730506176899,0.002893705634562193,-0.0015105869774800897,0.006582335783896538,0.012679255487558876,-0.004765337874838107,0.00571763607747581,0.006153749748212681,0.009117746365936026,0.005414584266472412
2019-02-25,0.0064331727411452,0.0016714502200251417,0.004148738803455601,0.003928636879110743,0.004801454042525405,-0.005526826918239353,-0.008301429966783317,-0.006506625720523571,0.0014037450823737724,-0.0033354140408894343
2019-02-26,-0.0057164868589673875,-0.003193129986202303,-0.0030156466624136997,-0.002748232756512271,0.002110829922139075,0.0005540336818530794,-0.0020138163701526202,-0.0012357097603387475,-0.0035670641199008995,0.0013538759715316481
2019-02-27,-0.0016137614405678591,0.0038001870854805515,0.003768057202805488,0.003924123593824846,-0.0009844995147403096,-0.0014781627876054944,-0.0031732555113412387,0.0012357097603388223,-0.004667326072578011,-0.0007222365761150155
2019-02-28,-0.012276390342781208,-0.010064076114695562,-0.0026359999317639477,-0.0034001217039924883,-0.0028180932560990506,0.004796274484443691,0.0028849966046543512,0.005805416482991071,-0.0029416418186322215,-0.0054291357344136044
2019-03-01,-0.0012725579277275132,0.01822360048782862,0.0063896661640079535,0.0009168496241003508,0.0067510888115777995,-0.0018418750360001581,-0.0011529580869726278,0.0021024053006661065,0.01408465686017342,0.008043122496175907
2019-03-04,0.0045366904933597215,0.0018040365107703387,-0.006389666164007976,-0.004459937454752538,-0.003791949421806805,-0.0016607382072232862,0.004030073362634639,0.0017490100097475407,-0.013648217491916656,-0.0031553254410021194
2019-03-05,-0.004718490497869296,-0.0033101423920082734,-0.0037781045524986102,-0.006462368619521635,-0.002959139389771015,-0.0007389446473990861,0.00286844448402233,-0.0012240776997014292,-0.00054517848832708,0.0025251885746985364
2019-03-06,0.0021805440624295533,-0.012740798052582557,-0.006455344201294643,-0.009438609807044482,-0.005235524707495148,-0.001479614968390402,-0.002581152893376337,0.0,-0.01473049473487011,-0.004694659516458459
2019-03-07,-0.008202037201157862,-0.005971153063701272,-0.010338918971419475,-0.006028301679075164,-0.009550441617247345,-0.006498954857925891,-0.0008623315894683106,0.0033185764521720326,-0.007894186498338836,-0.012199774692265066
2019-03-08,0.0016459272557589107,-0.01891233488064708,-0.0003847149415931118,-0.0020176138772962375,-0.0001433380659916039,0.0005585047160833897,0.0008623315894682919,0.003481582483655901,-0.002123012138749567,-0.006985686212197454
2019-03-11,0.014151025336641596,0.015528444149647287,0.01034279336489412,0.00844684998817591,0.0212594828163038,0.012949013388318236,0.015389152300977123,0.00709885500343063,0.0113450208218449,0.013650334134999128
2019-03-12,0.003775935623339652,0.006450441012094933,0.002284202173823323,-0.008311953234067877,0.0058725942541422715,0.00036729115208536254,0.005358927024909613,0.006877523693637705,0.0072728105416940934,0.0028168006560494053
2019-03-13,0.004833726446074703,0.01005342631890592,0.006820557763642723,0.00871238264485073,0.006530886336978194,0.0056795020039649225,0.0047706287639982655,0.001027397420718528,0.010702232598262957,0.0035325768739883504
2019-03-14,-0.007529481205868771,0.0010603185068154767,0.003769230113918341,-0.0033417446416650976,0.002075311782175912,-0.0009141641291268348,0.0025165388385147845,-0.00017090053209332064,-0.0016305972649982568,-0.0029882905973494995
2019-03-15,0.0012466729010537935,-0.00039668792890931417,0.006971137185511276,-0.0035351883329498767,0.012032427852761957,0.00564677991172128,-0.004109093612857896,0.003615075022619635,0.004587121866310859,0.006394659980424945
2019-03-18,0.002343784149075132,0.013795237199690188,0.010088252786464092,0.009683699155974789,0.004238638869467225,0.001461602184136771,-0.005088998742283695,-0.00378772321308582,-0.0015233005406899058,0.009627859810348251
2019-03-19,-0.0012615135570516497,-0.0027138079029999577,-0.007837380602613195,-0.003619961811538055,0.0020440371655825796,-0.000730492073809456,-0.0028383684419147517,-0.011450432967461042,0.007916481665512249,0.005002472960017626
2019-03-20,-0.0009019430700865352,0.008718340772671928,-0.020822124357031735,-0.006874912927488081,-0.0027266820495970533,-0.004210695508975494,0.00453748956511525,0.0026138705352115256,-0.0069368103275338645,0.0014245386294109445
2019-03-21,0.010591441464202874,0.0070089975076898054,-0.0030652780379671267,0.009557717022404743,0.024808807983358216,0.011672582665507046,0.017669850274609905,0.010559988981555862,0.00390809057389369,0.013609432751240722
2019-03-22,-0.03027521641615173,-0.027419579592390178,-0.028017336000404708,-0.022902130539721094,-0.0238534793046504,-0.0012701900583674942,-0.00473754903452737,0.007206796076543884,-0.018369419428927825,-0.020036444340669143
2019-03-25,-0.0018422710538596738,0.0004581239879145259,-0.004350419426334972,0.0023279473719270112,-0.0043741141603789516,0.00199525353734948,0.0008380189518928683,0.000854545040034454,-0.0005517551175425367,0.005893146891658752
2019-03-26,0.006066980909155466,0.014248970278448653,0.01182045703916265,0.00667866097499097,0.005464549047184575,0.00848024480062559,0.006120919521600541,0.007148898145208041,0.006821943706317457,0.004263967346869697
2019-03-27,-0.0012837139440075491,-0.007099145919415401,-0.0043179727058058484,0.001086158598727267,-0.0057384283680533355,-0.0034197159604750426,-0.0033337025147644524,-0.006978173956202278,-0.008368955289930532,-0.0020409636586566303
2019-03-28,0.009679483679717086,0.003782497039724873,0.008617210809164578,0.007301075595318505,0.004102108125555542,0.0048557144773068986,0.00831454196009101,-0.011854624170440696,0.0025403313011525134,0.006022014719930427
2019-03-29,0.008686207623628088,-0.0015112189842162544,0.002726409605714302,0.010719634694870408,0.009777668351474377,0.006616172818584613,-0.00027606711294930503,0.005343101873989492,0.011950786209743443,0.005195926960598142
2019-04-01,0.014844312091187842,0.01307179856978071,0.024208853586208497,0.02044823511137419,0.013556465492393206,-0.003392161623035594,-0.0030415119104802973,-0.006900005273167832,0.0015248658929132091,0.010919343471582221
2019-04-02,0.003367096028794329,-0.006890308998222224,-0.0007596663060275954,-0.0003916765599154159,0.003459640059702347,-0.008260131040143897,0.00854809445993641,0.0013838971177987677,-0.0022877963124045453,-0.00017375724588472217
2019-04-03,0.013008077336449321,-0.009666159652049484,0.0030348788762468463,-0.0030091936286018414,0.00807178157043353,-0.004880123472862637,-0.00109869457298423,-0.0015569266012801087,-0.0013099613101196913,0.007013901885301001
2019-04-04,0.010078117998309594,0.008312537944397838,0.006042511213064624,0.006139432577282643,-0.0042260155020305955,0.003797919892839695,-0.003028180968246792,-0.0034684576687038517,-0.0020771975367508484,0.008078548542750552
2019-04-05,-0.0003457597378415257,0.017456917815137238,0.0015048786047194536,0.002860784944055683,0.00475309416662191,0.0034236983333830718,0.007690044579678874,0.009337749809409794,0.006871274680583009,0.005888321411741117
2019-04-08,0.00034575973784152833,0.0044270483288636805,0.001126724915440328,-0.004294196556429937,0.003812368401537146,0.004128893839982748,-0.004937123705954514,-0.007081995372615135,-0.00021735519590673327,0.0035678419241548308
2019-04-09,-0.007287787486775303,-0.012297129039426225,-0.008295195548852996,-0.013655814446522916,-0.004734965231660358,-0.0012548520043970041,-0.003028882904137553,0.0024238555668643033,-0.0026128918267435074,-0.009028331409018474
2019-04-10,-0.0005228241185206611,0.0037199444663073102,0.003024140708293338,-0.00026423277195244634,0.006963319927319281,0.002865723176140705,0.007966006610092205,-0.003117360401052445,0.00032714914846925365,0.004779946049356391
2019-04-11,-0.0005226376203515831,0.0007420823887052414,0.00602220823139646,0.008558473401178868,-0.001310326979024211,0.001965662408998131,-0.00136880018829076,0.00501764101588352,-0.012389631677370134,0.0012760799719028005
2019-04-12,0.013162509553971018,0.0026680318505835597,0.018219554642394206,0.013155579912662524,0.00692388570345371,0.003208004323996852,0.005464651774978274,0.004649153977123395,-0.009199525833152724,0.0061891490871766345
2019-04-15,-0.004656539302758286,-0.005938179593334374,-0.006283827972025919,-0.00557961898758827,-0.00039019953399304654,0.005854745138711412,-0.006013106645510153,-0.00017163996074698288,0.0040005933059700256,0.002026112135701976
2019-04-16,0.004484469408965588,0.006530178997847072,0.01399175778766467,0.0060971100987435465,0.005066335260072932,0.00017674703391081556,-0.023856889014467846,-0.012448278722500788,-0.02073028178693122,0.004376355137904405
2019-04-17,-0.006214394238170327,-0.0013322590163659333,0.00255608411838516,0.0012924469261643347,0.005556880488629492,0.004940158991125274,-0.010441692880971217,-0.003834763846923471,-0.029180891065639127,0.0019298010388774818
2019-04-18,0.0012114440657979104,-0.004751321554951308,-0.0029219777264201685,0.011430258450706752,0.002830942927418002,0.0008795626461376119,0.007912232798801443,0.0005237777748256641,0.001630804878798026,-0.0003355516755845806
2019-04-22,-0.006768120052130306,0.02091391410683101,-0.0029303010763785478,-0.003069168781267475,0.0023106111721370357,0.00035159239757373627,-0.011037434426413828,-0.0008731154330251232,0.000582007981949495,-0.003780067081477861
2019-04-23,0.004517038874269542,-0.0016046156691822044,0.006216708123622258,0.008671991048540623,0.010838230563525704,-0.0031688717336769475,0.011318726338371716,0.0027912075485617017,0.015695603306753028,0.011880077817655222
2019-04-24,-0.0062597794500336215,-0.017673501116624392,-0.0010940839747355447,-0.002925113990317748,0.00038047275073160224,0.0021136425935024804,0.007009735789882006,0.006425255196380476,-0.0011459160293612637,0.000914449754157118
2019-04-25,-0.01281485890505358,-0.003125417255740917,0.0018229410524244847,-0.02032698064533238,-0.00025366675009353236,-0.006354865997945724,-0.0011181800781025393,0.004145795509023202,0.010264421728825872,-0.005248424819005619
2019-04-26,0.008269391116888965,-0.013052343588340159,0.009066289768047948,0.007509461655551315,-0.0038115024004302025,0.008990934618285332,0.006690804044390547,0.0015504671482013913,0.009936105865044325,0.007903909696847096
2019-04-29,-0.001929209885937509,-0.0009063306027680638,0.010057474233137948,0.0023195202035846186,0.0002546353231202361,0.0012276194603010175,-0.01033419158595818,-0.005869292140705906,-0.001799351339590618,-0.0034868481664893387
2019-04-30,0.00856567874810199,-0.0007560884131173227,0.0014286378281325998,0.003982136196489988,0.0016530866202972777,0.011502454455579429,0.011444584680409996,0.01631356113899468,0.0046039926232800815,-0.0014978999833013653
2019-05-01,-0.01826842174573765,-0.020168838477156743,-0.008242268799519713,-0.006559480357386039,-0.002544231945723033,-0.012379402082969499,0.0,-0.010272333647516448,-0.0017940176711658809,-0.012234005624968593
2019-05-02,-0.005154267055936876,-0.017594969500325186,0.0010788947767883565,-0.0005159578137131363,-0.005235885610973539,-0.0003506718329108185,0.0019413112590955356,-0.0022395141028024573,0.004255788893538372,0.0007584835885705694
2019-05-03,0.009752716523559676,0.00922527103756023,0.00894632531126214,0.012062324715935054,0.009430475990927199,0.00751800128776212,0.0069011727353205385,0.005504017633798681,0.007570950747745595,0.011725316617195128
2019-05-06,-0.014396180121706525,0.0009335872481746918,-0.006792099633406731,-0.00961237839375344,-0.007767549710279978,-0.001568989996519565,-0.0041351057599814485,-0.005504017633798674,0.0050889077215257586,-0.006096664133628079
2019-05-07,-0.0176996909666032,-0.008746001948406242,-0.016636539882955267,-0.02042634852178332,-0.02170921814964325,-0.00999384045491963,-0.017275144174477293,-0.0031094467313186954,-0.019388027476928495,-0.015279251487252858
2019-05-08,-0.0009116398644078737,0.0,-0.002190722264402238,0.0,-0.001176203912959632,-0.00017633595081715422,0.0,-0.013762045391380215,0.0021360054179323574,0.00034029342719974084
2019-05-09,-0.007873291502010894,0.0,-0.002195372547492344,-0.0014469111415498267,-0.006823792303336197,-0.002116917950973721,0.003366779236140503,-0.0012285835178232043,-0.0021360054179322954,-0.004089934540632715
2019-05-10,0.013511039103609072,0.004694965368511006,0.006571711351420372,0.003941129424313089,0.003155073839177877,0.012112672457603084,0.011419282598398492,0.01775507682692061,0.0003377712049355503,0.0014505622656309108
2019-05-13,-0.02274505759045552,-0.01732313478900484,-0.029544001585355553,-0.028864097938230443,-0.03840191322693938,-0.009466920873703153,0.0,0.010640083170419227,-0.01896194089496353,-0.030207335510258653
2019-05-14,0.00849830377574896,0.012157630924739862,0.00783990016840603,0.010337760494455976,0.015967823058601515,0.004744542347969562,0.003593636471080319,-0.006680009334198029,0.0050309754459846,0.010055005464192298
2019-05-15,-0.0025787857943514614,0.005165503864265108,-0.0037257566491688448,0.0013349401162480005,0.010815126709600342,0.007858366789865854,0.006600371968481278,-0.0017195428499919467,0.0029610087508368673,0.006762644506642643
2019-05-16,0.013919662239602244,0.0054492971276350055,0.01002805966182299,0.009161432689878521,0.009121505871046192,0.0077970940520500015,0.005740378424389125,0.006691061813564946,0.00781582724495958,0.009202899098015211
2019-05-17,-0.006020092986067375,-0.010144262496145983,-0.006673971119503859,-0.011164283155940436,-0.008059297360966739,-0.0032848460487866376,-0.0013636393247235647,0.005116981259785053,-0.002146232198593564,-0.007648659672357967
2019-05-20,-0.014375574931464168,0.00047039933990999894,0.0011153993242390106,-0.0025427314221263247,-0.017531665655786736,-0.0024271724087433356,-0.016234007961124095,0.0013598921085689979,-0.0004524566429125926,-0.007099913553136343
2019-05-21,0.01528989446214617,0.011535499241180533,0.010351448743767068,0.011722447432649843,0.012211037501277758,-0.0020850755945201432,0.008287448521817028,0.0018673801932002655,0.009345287524397693,0.006927090121440111
2019-05-22,-0.006971116511034068,-0.015620433505634808,-0.005902251128214316,-0.008244812052809672,-0.005215131997162569,0.004512248003263464,0.004665769276347852,0.007433486414790352,0.005699171570707195,-0.010321464187123206
2019-05-23,-0.015397846598253004,-0.03410764610921099,-0.014158012531936319,-0.015339246119981952,-0.01771889547849573,-0.0003462760749635686,0.004917157708804001,0.008547836966725739,-0.003460029623937935,-0.012457401735207766
2019-05-24,0.005592768166372803,0.003739455473124446,0.007848935112039877,0.00040665995488528957,0.0002732015609986427,-0.0036442753291120763,0.0013612800443392676,-0.0015031796543792473,0.001452292335450663,0.0013233410230927692
2019-05-28,-0.010089530767478717,-0.010440582674006,-0.011608388813227526,-0.009259220294176968,-0.0028690673056426686,-0.016477183214168224,-0.010394255336981394,-0.01651534887892864,-0.014395223878897564,-0.006633998690152775
2019-05-29,0.00018760768711466327,-0.0064159600417874,-0.0018850402281225473,-0.004524759052188266,-0.005900891352625833,-0.0072728536099625155,-0.011614925662890392,-0.013342864037114849,-0.009674898300754287,-0.008914375827765813
2019-05-30,0.0016885357510415771,-0.012789887784638996,-0.003401855010379567,0.003840436734491624,0.0061742474065865265,0.004263909206999158,0.006101017828332899,-0.0015507783588401959,0.0054748622617238046,0.006515318640016855
2019-05-31,-0.011310108745235463,-0.017708415350855915,-0.015261601868337579,-0.013783581959684061,-0.016827904613178363,-0.014283537454602075,0.00825999811513279,0.004645953305290806,-0.007192113022803208,-0.013163343139608655
2019-06-03,0.03098394482080355,0.012680974372079861,0.006514584802513523,0.006777274031188601,-0.0176822977503424,0.01250902915309926,0.003831493095508158,0.009907630089005165,0.002403188537820202,-0.0084182412580577
2019-06-04,0.02773184870968138,0.017156814931280264,0.026758449704508216,0.023569197351239586,0.032867274745735385,0.009016367139302662,-0.005478255420239827,0.0008496085126619238,0.01643774457789684,0.02672806498967847
2019-06-05,0.007302281669841231,-0.011126771681203627,0.006302303012654196,0.009647709305355984,0.012931914093493762,0.011374489885753767,0.022540009976115386,0.021173583161310773,0.007504895796680584,0.00494410320758688
2019-06-06,0.011819969007222007,0.018367336227703868,0.003688409215022032,0.001732323630152802,0.011563762043949629,0.010386164158466911,0.001878228402560522,0.006133571894733293,0.005120062331115494,0.005094585993654217
2019-06-07,0.008904481479796077,0.004580220477909057,-0.0014735870440214798,0.007955446521451918,0.018412208594261334,0.009597436272253212,0.003211304145784987,-0.007464343439667991,0.010382053333759373,0.014353681881428243
2019-06-10,0.0017368399934828182,0.0029337900229047813,0.008445275575383649,0.0013196259540763711,0.010185744231603044,0.0003410398361858616,-0.003479637444752404,-0.00685024676048512,0.002962350942773896,0.00842893565060833
2019-06-11,-0.0006943893174066799,0.0019506636893829414,0.0003653618539829168,-0.008609942430036583,0.0,0.003234207902329204,0.0018749518552678263,-0.0060534452872432,-0.0016444781894617152,0.003846491333462745
2019-06-12,0.003293701794695761,-0.014230817157170632,-0.009917555902641475,0.002126356222073184,-0.005602173137845836,0.0015286455358304138,0.0037391973968518913,0.012903692047728276,0.004816455525350465,-0.00025595446286742855
2019-06-13,0.005867278933491335,0.011628716039330201,0.003316926157739968,0.00503170982287807,0.003000350670141568,0.0022033815509749275,0.0013323536578860404,0.0019958879275591736,-0.0012018467240237484,0.008920754230808502
2019-06-14,-0.004310806779773736,-0.006534558358483907,0.0022048145763321307,-0.0039701114385710095,-0.008765686541238863,0.0005077540357503303,0.004250964135203698,0.01041411753722286,-0.00229856483577775,0.0021964388074230635
2019-06-17,-0.009200586430558703,0.008324011752934275,-0.00921985919551253,-0.0034540673263123733,0.0007881760982290475,-0.002881181778856912,0.010810472125488201,-0.0027995276346525523,0.00448307704177575,0.0004221138610883286
2019-06-18,0.007817090761564517,0.013722380122002496,0.013250312510098845,0.01924181403525474,0.01795752896759289,-0.005445585795804673,-0.0028884933077803583,-0.004131126871749013,0.008473620240080108,0.007563654774050215
2019-06-19,-0.00555228488097542,-0.001122918117916531,-0.0018300106935095197,-0.0007835346252322985,0.0036044873906297607,0.004086986452106068,0.006553487639924365,0.007588289074094528,0.008938310912703822,0.0018402970013123078
2019-06-20,0.012622232744241253,0.02190913222423092,0.004386094811894652,0.01658258433899805,0.01454272126642565,0.00879869986230137,0.00599232211775706,0.006388695764527819,0.004386291260892578,0.006912263384391214
2019-06-21,-0.0031856768698839797,0.007200026939639623,-0.002238474400264918,-0.005343667251116091,-0.004738766486258245,-0.0032471569786753657,-0.011242146509238994,0.0038604174733190473,0.004791230954603339,-0.004641113226277383
2019-06-24,0.003807551301583403,-0.009008101178164517,-0.004049468200494605,-0.0019478285256849914,0.0019133674738729051,0.0025511177821436327,-0.005042954115659757,0.00032804288613935207,-0.005241343972719406,-0.005369180463511317
2019-06-25,0.0005182479049290728,-0.007969636144904646,-0.0033252960504079943,-0.0075678321149257165,-0.01852392062245094,-0.0005098272053557199,-0.013663858297330201,-0.006083177650164782,-0.0040838699467148675,-0.009635744424851274
2019-06-26,-0.0017279841043159065,0.015245654815537057,-0.0018523811541687834,0.002485449833557301,0.010718844315903918,-0.014378892992748395,-0.019614456927599194,-0.022008136146721143,-0.01267969952943083,0.003222150777197409
2019-06-27,0.0032803647331854607,-0.007434780637566704,0.008859616415637924,0.0009139499068964546,0.0025660862440317783,0.0018947079812990535,0.008219522847524542,0.0013477108618728854,0.006955903206013606,0.006245462764146419
2019-06-28,0.00841155821324759,0.011524132315359816,0.014231254198326836,0.010517687371156879,-0.00012829325137537478,-0.0006885123004329197,0.003268985014448952,0.0038648087116680526,0.0033517467920764197,0.0028564945314916395
2019-07-01,0.007662826542488601,0.0009413702677679343,0.01188576674930044,0.0009035661466166167,0.015764247050361967,0.0060090946633345995,-0.0019053591712109472,-0.00251875348644053,0.004953372355028933,0.008769947469305463
2019-07-02,-0.0010183437015924216,-0.016124250073164717,-0.0025096784076785073,-0.0012912945957111943,0.002645624358806685,0.008692072936502634,0.018359016907193028,0.013525999962708894,0.0053558393840034,0.0021599681710721763
2019-07-03,0.005081232137527562,0.003975998988608148,0.007865717422003813,0.005540938933259694,0.007644353893119412,0.012311227505203741,0.01434231423003104,0.00694220486357325,0.008511392409750107,0.008675160217856895
2019-07-05,-0.004571930658750188,0.0014275807940010246,0.0028448366245311385,-0.003991475546018822,-0.00187445934842484,-0.004367310880639856,-0.005552966566257188,-0.0004940716926251004,-0.0069098527166795674,0.0011509427177286958
2019-07-08,-0.011608169362107588,0.001425710065017988,-0.004984135733746729,-0.008291096310659317,-0.007659159506424438,0.0013458264859478263,0.003705633471001669,0.0014817931288908018,-0.007494452009437064,0.0012317986793915355
2019-07-09,-0.00983535300619592,0.0007908826466617895,0.001783182694199668,-0.002214315020692425,0.0035231831766795677,-0.005901457875178477,0.005270126513636759,0.001315652395722645,0.0009666156719146195,0.001066518841721736
2019-07-10,-0.002083000539942242,0.012729108939944682,-0.003569008627102078,-0.002349290611857293,0.007881287137948655,0.006405800770333111,0.005503921405250949,0.0022979261653759764,0.003429990781864035,0.0036005400156797615
2019-07-11,0.004334572832490407,0.0020277665163360606,0.005703961342249987,0.006772586233538231,0.0037313357797038008,0.0025171414995374033,-0.01288992531102946,0.00032804288613935207,0.00021401293535534079,0.002039966127583269
2019-07-12,0.009813266201254809,0.004199073006260208,0.006731891289576214,0.017371388689413122,0.007298167881236633,0.0028457317109424575,-0.00397942511736545,-0.006577975183353247,-0.011188001934431372,0.011428645542562671
2019-07-15,0.0006850830825406221,-0.009041596935276303,-0.005665890965177075,-0.004090310641802737,0.00332177812960396,0.0023372054070189105,0.0013282988499585969,0.003952006131838012,0.0021610831226316148,0.0032187204388330897
2019-07-16,0.0023941388139333422,-0.010705234173926418,-0.0024889241070628963,0.0063838402372873755,-0.009378886988722556,0.0003334084242977097,-0.0015942340755046374,-0.00576864646947879,-0.00497803044408153,-0.0012861670262884553
2019-07-17,-0.008920966270359055,-0.01146142433659286,-0.008580559015635219,-0.02161398035398716,-0.00260752226600443,-0.0011676445217599079,-0.0050642714366576705,0.0037946731895989617,0.0002172632478028429,-0.009618152474704305
2019-07-18,0.0042987205195362446,0.0001601667200169621,0.007511977979095456,0.0018190879764124453,0.007431570638022365,0.006653499994299844,-0.00026742062863586963,0.008689119684275111,0.00562402381433294,-0.0013002777183879362
2019-07-19,0.002228106936889319,0.0046314770762993515,-0.004285701999878809,0.0054379330382097035,-0.004328376709220885,-0.006319813359029418,-0.016440227318626963,-0.014634916965210536,-0.010407471014417746,-0.006608834819274261
2019-07-22,-0.002571466428156761,0.004609960656537108,0.002145185589232105,0.0007741567641380553,0.01145961015181455,-0.005856265253031836,-0.0010875652985950113,-0.0021555270326025057,-0.0020730186170572454,0.0005728767329095875
2019-07-23,0.020388341633054675,0.0026928716810569325,0.010304014730027816,0.012564322396879806,0.005498242960620529,0.007190051440854874,0.009745509811215813,-0.0063279912236485466,0.006205650141468435,0.006767350148454986
2019-07-24,-0.0006731281979409217,0.004261463617270357,0.01019877234411888,0.004322637144888239,0.008251595341810596,-0.0066866392784754695,-0.0008082555182270032,0.0008350623548147671,0.0005424687330469115,0.005025632661169455
2019-07-25,-0.007262981467087496,-0.011405060226464373,-0.0070224431841860255,-0.0020318102544364964,-0.004117237481912864,0.001340863686550672,-0.004323296909355184,-0.0025071244657215727,-0.004893405375861982,-0.005594446918750684
2019-07-26,0.0011863491786699735,-0.005111155039333696,0.010863725875177414,-0.002163595700741708,0.002181537160238617,0.01116035786713089,0.003244046150149452,0.0036746177911947584,0.003590557677967383,0.0045429884739233975
2019-07-29,-0.0033923021378336996,-0.004011169260840929,-0.007697606034608091,-0.0017849931504600291,-0.0006055652482577988,0.0018201669823386167,0.00377145658577845,0.0051551544412167995,0.004119117993882471,-0.004868302299553214
2019-07-30,0.006603977646320033,0.01119115772413974,-0.0028141978993440077,0.004329685303404539,-0.00644161871893956,0.0029720519365461604,0.009899859728644904,-0.00765903526211204,-0.004336036614097767,-0.00677362329494546
2019-07-31,-0.01547797506891403,-0.0031845132003461077,-0.004943274592806907,-0.011244770193515339,-0.015235656660042335,-0.0204854174896986,-0.004001527230984504,-0.004690957078848167,-0.00993518224480554,-0.011530393676011582
2019-08-01,-0.005672556899073039,-0.022908146732992917,-0.022915353963505938,-0.019594326531308624,-0.005088975428859834,-0.0035397515831934565,0.0024028755625629923,0.010191367826958288,0.0013155697179189666,-0.013678173131019468
2019-08-02,-0.01179126957685874,-0.01446456009049423,-0.0003622581087804206,-0.00644202098029648,-0.016435943875619568,0.0001688293567451734,0.007703660998449024,-0.00016609074108121712,-0.0023034075630117075,-0.008263854938468195
2019-08-05,-0.019018031821243283,-0.03025405454779513,-0.03390153002243755,-0.02808793737766763,-0.042642290396899464,-0.02634428213129132,-0.019236296565797065,-0.0144009407732966,-0.023784217566438136,-0.027208269878578092
2019-08-06,0.0012436358277704098,-0.001195562854752579,0.015988336613049672,0.014944476104853995,0.016497143202197147,0.008973052006269557,0.012332376464096838,0.012403737258547069,0.012851582964977626,0.01511163382530958
2019-08-07,0.013754513447195627,-0.007545805842013984,-0.01336829200748666,-0.0005344487384208319,0.006213402132572684,0.011614283937122043,0.009282661934741091,0.0024957058084801383,0.000332786063910067,0.004020163439343206
2019-08-08,0.018909378470271465,0.028342912982078326,0.01888612951765664,0.01683823403734382,0.024223507685374287,0.01282300429756147,0.015715173425398823,0.010249866584549511,0.013232136350757408,0.019107633094027257
2019-08-09,-0.007936606460683629,-0.011105636522665791,-0.0033069678472349645,-0.008450053118250235,-0.011401458667384923,-0.005547644487902513,-0.00025986663392783805,0.0011503359444555638,0.0012042198664794666,-0.009423732573957708
2019-08-12,-0.0157122895781479,-0.011914673852907577,-0.019324373176149434,-0.01388521631844438,-0.013209447052683426,-0.006766352447799047,-0.0007801920085989454,-0.0019732470043386523,-0.009785061707329533,-0.014647174962385098
2019-08-13,0.010676354514850639,0.009203916668948013,0.01230678591808911,0.011894586174249369,0.02473671169662994,0.011307425907241072,0.0005202578264498278,0.000658259146775685,0.012952804576466906,0.016336464363810442
2019-08-14,-0.03219817447602153,-0.03998130123464408,-0.03776894183982953,-0.031033265018664456,-0.03121269902107751,-0.015900024060207255,-0.0157234088837865,-0.008259001710089685,-0.028204962162646924,-0.031811142410570814
2019-08-15,0.00035981117805806366,-0.0061995069366063025,0.004991522115389764,-0.0010970353073172132,-0.0018205601096440611,0.014892745329922704,0.013901788384510678,0.012854645917525795,0.003471581280556204,-0.0016567653542746915
2019-08-16,0.017459729774052222,0.013062635930961682,0.017464202091216557,0.019159371614708164,0.01882723765677801,0.011358131163206131,0.007008314190281164,0.005063068046694186,0.01222240795621835,0.011280883797382443
2019-08-19,0.007916180799068452,0.021857068701994442,0.010110527877081766,0.009377414828502403,0.015087544524782675,0.009915630361725172,0.009012618810565995,0.006333835773801334,0.009561972293499626,0.012519340707440782
2019-08-20,-0.011809225102735618,-0.008443271601514962,-0.013503602859593466,-0.005884042916176897,-0.005046106441763931,-0.010912683173435389,-0.007462330108469287,-0.0016200129310167493,-0.008568493370587375,0.0002556719284770491
2019-08-21,0.005128712324327462,0.00638202252784206,0.004521546355381389,0.006150668222881589,0.011692927033782344,0.002656425049708719,0.004124278249486822,0.006626076042285934,0.007364537047663081,0.019070957324414727
2019-08-22,-0.006725752868669813,-0.004480190612820255,0.006744134997995661,0.0014653398104971366,-0.002377996172449061,0.00529192405738553,0.004875054076536091,0.0009660861354492881,-0.00494040008138685,0.0002503725303095579
2019-08-23,-0.02444857674734918,-0.03408050327992086,-0.025720048002685923,-0.0271181733051422,-0.03363777651990633,-0.01679873656592627,-0.012620935009324511,-0.010678170739020934,-0.02338371423095516,-0.02693229779768189
2019-08-26,0.0032703164424759687,0.004279539416608183,0.009533007594633758,0.0073577086583342865,0.013770264923772983,0.012335580558547084,0.009288141208755565,0.011482378827647284,0.010423095017476406,0.00982375898242697
2019-08-27,0.0007252516524892085,-0.006247275797657091,-0.006090616624712572,-0.005171846794823648,-0.001535204655670322,-0.0028204060422862796,-0.00334412336551218,0.001767090279433226,-0.005926410208988147,-0.0049426882979916
2019-08-28,0.007763926343418009,0.01422285070788327,0.009122439186041475,0.012206816235333061,0.0008960639965832238,0.009590039293981712,0.002830341818886923,-0.002732247923824622,0.007263520511220353,0.012395052631164244
2019-08-29,0.012689082308965987,0.014545160777778432,0.015020728839877885,0.0169754153484266,0.01724363441691606,0.0004934894539110354,0.007168420557617206,0.006896943217554674,0.007543119655254288,0.014906841763085732
2019-08-30,0.006725752868669902,0.0,0.003348563248063855,0.004100343813564704,-0.0002512550426412817,-0.0013166636937254703,0.000254844836901728,0.00031981166584806975,0.0012148594684228695,-0.006002853724337256
2019-09-03,-0.007969609434430817,-0.004883431401440693,-0.010455640254160853,-0.013688930745714726,-0.012271909495583634,0.0057475921405513814,0.014181332195774861,0.01758183885928592,-0.005867089037159602,-0.004106046769118647
2019-09-04,0.012193972944754782,0.013889130940192708,0.009712572984944589,0.012632429539387403,0.01691333320483296,0.008965743581872167,0.008263084692440054,0.000941676195482002,0.0006659579462268077,0.009859637228098218
2019-09-05,0.0015796618923788856,0.012337266438514675,0.020239915674386703,0.017810901508455965,0.02068589017127638,-0.0061859221131021006,-0.008766261291027122,-0.010882664220423874,0.009826114246821109,0.018943098528483283
2019-09-06,0.003850872248398452,0.005265383976423941,-0.00036452791749707974,0.0020749752765072274,-0.0008584215152155434,0.0032606116914342944,0.0012571665930321038,-0.003972072581082428,0.0027426055874141143,0.0024446272881028935
2019-09-09,-0.0052547905150333645,0.01979261775748941,0.015190215879601046,0.0029742850360413423,-0.007513043588612492,-0.0022812964994317884,-0.007566271421962519,-0.0049480366626258425,-0.00924556640288631,0.0038178883720050385
2019-09-10,0.009786591341163454,0.01172315174006923,0.003582997683784186,0.009127973259751097,-0.00508120571647738,-0.006218389255466326,-0.014792316162776261,0.0012792584093640224,0.002870814056171253,-0.003980624974272238
2019-09-11,0.009519915333340588,0.000984461777990107,0.00570614968707131,0.009298799017957044,0.01038290706949244,0.0036047726861769052,-0.002315104410101788,0.009858631117778821,0.009874803612783228,0.001870400474868565
2019-09-12,0.007722225082772112,-0.00625089871494044,0.005320023442954342,0.0006335782082336862,0.005396212883210552,0.004080793467762143,0.005905493005060246,0.002212724016090182,-0.0003275221797855759,0.0047822096543419955
2019-09-13,0.010880929571562545,0.007889546036646466,0.007751854014409716,0.0054338104257072575,-0.007365288098712938,-0.0057175459673606925,-0.01210568448754916,-0.006335231919663137,-0.0005462960269404107,-0.002023650860165051
2019-09-16,-0.01653807691373465,0.03301170510968279,-0.0035162265047484374,-0.0008824842594250792,-0.0024673338588557087,-0.009712885671986067,0.010312316268047971,0.0007939902911711289,-0.0021878919336883354,-0.012884513632593806
2019-09-17,0.008047308677516872,-0.01403777403365258,0.0010563954486536224,-0.0005045498482126891,0.004067558698137618,0.005444148674387788,0.014007578876373338,0.008693722060461644,0.0015322610256148597,0.006055485531886578
2019-09-18,0.0005116212853191167,-0.0048308293252392115,0.0035125204529832684,-0.00151550159744065,-0.00012298036507009497,0.0016441231824700182,-0.0030399892932752737,0.004240396011761453,-0.00010951661447783628,-0.0004899736304212782
2019-09-19,0.0017031939759661592,-0.0025859715629597967,-0.0045689159016369385,-0.005068540430373875,0.0022121308107591687,-0.00016440313904656848,0.0032924615600177028,0.004690500826039823,0.004691610158435456,-0.002696834211873859
2019-09-20,-0.002328950339117984,0.0008161389506816123,-0.005893954731334164,-0.006341485909932956,-0.011730041982704992,-0.0031781214376917525,-0.004259723027517583,0.003953106267780909,0.0055587638670563854,-0.011528913234824889
2019-09-23,-0.002402167478904162,0.0003262859542111575,0.0017791697401489392,-0.0019296057988385474,0.0031100190144505314,0.003971038665009113,0.003572321558794552,0.00015667967793171498,-0.005340301523132688,0.0034826569207273305
2019-09-24,-0.008628339626067254,-0.015950458875420948,-0.009644986194379417,-0.005681942211490077,-0.009735640710182115,0.004119627442814661,-0.0012744728719195192,0.011672238187174552,-0.009221747388837881,-0.010735513598337753
2019-09-25,0.0051858274148487826,0.0016563586527576551,0.008221765609293998,0.006454405746749067,0.011844966354118565,0.0006576577290450071,-0.001020567093492112,-0.0006189386827060337,-0.004864710311378579,0.00907855118430854
2019-09-26,-0.0022439860068517296,-0.013159149642426878,-0.004638638620169298,0.001414417612415574,0.0011149384195454624,0.005571881362280907,0.009654881921447495,0.005250138726285963,-0.005556583325035388,-0.004320887921240203
2019-09-27,-0.0027684058354289164,-0.00016745483061554852,0.003926383203324586,-0.003991619954287412,-0.01346150664542277,-0.0011448220230704646,-0.006595876685225853,-0.0035486354371592724,-0.004467872130064097,-0.003503574694553885
2019-09-30,0.008454904053499253,-0.007237642857804331,-0.0024968581222457177,0.0014183922581198854,0.010485270050826268,0.004896503828813833,0.0012717584381018315,0.0006180310478603255,0.008915965794125263,0.008570438824322145
2019-10-01,-0.02382115997989388,-0.023413848921205987,-0.02129646547683604,-0.024251677450130713,-0.009356791880200818,-0.0026083909741418877,-0.008680181698407957,-0.0023195343369870375,-0.009812017122964437,-0.008403120910518322
2019-10-02,-0.018111443605172327,-0.024861071311640812,-0.02064206247414511,-0.019053242055373076,-0.018980400573166745,-0.020282708015290748,-0.006173039239336227,-0.013404317489455924,-0.01467261390218559,-0.018126200319121218
2019-10-03,0.0035775118412925536,0.010755366964999772,0.004088371205271196,0.006569737144937369,0.01218902638319849,0.006972164127605312,0.011798170072038545,0.00235101798498737,0.0089419831431094,0.004837407939437421
2019-10-04,0.005341727722794649,0.006293838652030951,0.018375996730852787,0.010370066642552384,0.016396733091594787,0.015593359376225397,0.004578631117672934,0.013836052517039633,0.015542647882040593,0.009354074297980373
2019-10-07,-0.0035580311631428422,-0.008927570470652044,-0.005111162739067664,-0.005038628459385469,-0.004230041221747284,-0.008176858355204012,-0.0017778267481828223,-0.003867089792730236,-0.0033340002880833707,-0.004371036639672638
2019-10-08,-0.017620056531231172,-0.017203693812526292,-0.01996374281372901,-0.015539948060078471,-0.018496901814184955,-0.00956945316408696,-0.004842581072188622,-0.009342708564883862,-0.019219692203748823,-0.010586622075647213
2019-10-09,0.011183413952297168,0.009082058666147638,0.009291959965940783,0.008469699727121327,0.014749868120211326,0.007597176122681676,0.0030611038594923717,0.004837836333968213,0.007236372374201572,0.008478176637646119
2019-10-10,0.009106081498698234,0.01250770270353351,0.010305562904593814,0.009061895188837163,0.006858989170321501,0.0019722770414051095,0.002543962492564718,-0.0010904176483357165,0.004945173758267271,0.006647363765023529
2019-10-11,0.019189196926454107,0.013390254345039689,0.012372872548643362,0.018662926965787308,0.01370150232393476,-0.0009855404833697152,-0.003308511852562115,-0.0037474186856325813,0.008261609806583615,0.011258006531179818
2019-10-14,-0.00717478972283691,-0.0005184418556296128,0.001445618504777942,-0.0019550065654607798,-0.000613115647015145,-0.004943223484785336,0.0015285146308073776,-0.0064351816016783685,-0.0004447917502981241,-0.0004974861247853219
2019-10-15,0.007000417025139439,0.004139408539864851,0.014342165182788216,0.008056009338588306,0.010979464928819198,-0.004303977029628922,0.0007632612164335771,-0.003154144963049755,0.01807820591929501,0.008755945232429356
2019-10-16,0.002090695352020719,-0.014039153699658765,-0.0024950012107366934,-0.0005180185888811965,-0.006939496029484036,0.0009949171476262063,-0.0012724056998833608,0.002208879398971332,-0.0013120867775590543,0.004103760697645233
2019-10-17,0.002607105292197325,0.0006977113788699491,0.000713525866401711,0.004908793481620935,-0.001956848333234862,0.0046296538665508685,0.006599044412740278,0.0025186518455113075,0.007410799488623189,0.0026176384577824958
2019-10-18,-0.001737289544310966,-0.005246544158908011,0.0024932238144549403,-0.008670686210222584,-0.009593936818342565,0.001977776098309342,0.009567015230065765,0.003295972757741957,-0.0036982558376550687,-0.0019626522770396435
2019-10-21,-0.0031349142087449622,0.01772724684430798,0.01377852736886305,0.005961046421854089,0.010694999475175803,0.003287154529260926,0.0067419627112954164,0.003909422183133995,-0.001090275567212085,0.0035135404959403525
2019-10-22,-0.004194977994057111,0.012837006583645809,-0.0028106801862646928,0.007849941882657903,-0.013541753000828516,0.00032795828259883126,-0.002990435436272383,0.004205268532267449,0.0021795494781314873,-0.00638260080685488
2019-10-23,0.006285886203520021,0.008298915621520787,0.0042135164850061226,-0.00012800689322114416,0.0008673483498996456,0.00458274988227554,0.0017458131891771721,0.004032965853696658,0.006185900102299866,-0.00460756725221888
2019-10-24,0.0031283009983519242,-0.004225634338370769,-0.0014028362987414966,0.0014090186672115475,0.01450718039397466,0.003423314086053092,-0.003744971254567855,0.0033998792022424057,-0.0050980897401787665,-0.0004946700848953538
2019-10-25,0.01087243695977845,0.008097555286490227,0.0049004382386512125,0.0062537446701236244,0.01201092989857288,-0.005875616674589107,-0.012331926132227609,-0.010234294523204466,0.0010867209897362318,-0.0011559386018031872
2019-10-28,0.0030848746720703764,-0.005728969276100498,0.005223983812524982,0.0027952332056177006,0.012583489692148028,-0.001966210972180523,-0.010692681825039537,-0.013810796348222087,0.010266381169355252,0.0031340168017897924
2019-10-29,0.0061411980008540075,0.004047092351488497,0.0024286507792619953,0.0032930650076129215,-0.009092177067098485,0.0,0.002556318352056854,0.000947951307596098,0.014092375620763925,-0.005697896874978185
2019-10-30,0.0008500758995910272,-0.02057342545054178,-0.0006936188615474278,0.003534357577680525,0.006110209324947599,0.004581702866522423,0.0073765698380969654,0.008802165590322491,0.005602963430171701,0.0061917890410398396
2019-10-31,-0.011278234843167924,-0.004304291935886355,-0.004866221368880255,-0.010767945364747516,-0.0005973656507482707,-0.0014703306535728505,-0.0033000526599892,0.005462385198505261,-0.0011602409199401463,-0.005364225881761669
2019-11-01,0.013993528623449937,0.02251914312926546,0.01452834283807276,0.021546712241020612,0.01188098730814898,-0.00016350360150325143,-0.0025460265726934468,-0.0024933137052368234,0.0012654626140525523,0.006597956532824572
2019-11-04,0.007764891116479288,0.03203835566944796,0.00854861213065682,0.011526246745873015,0.005183227088512651,-0.009695238358645107,-0.011279131263108552,-0.012877132356686699,-0.0030610748247607155,0.0004933052199411098
2019-11-05,0.001680153520682004,0.0013063322929907622,0.003738162463386207,0.0020925121613826173,-0.0011756536070688035,0.0032969839087505387,-0.017423413753323923,-0.01032657857624135,-0.0071091136210514536,0.0014777948018064025
2019-11-06,-0.0006717373090045546,-0.020605945622875235,0.005075071860707695,0.0006145878865394538,-0.00047062972824617443,0.004106243919433891,0.0036661109591833566,0.0038254396880417238,0.0034012664977934393,0.0010658220550006725
2019-11-07,0.006696573064546697,0.014878691338511116,0.007397526773824317,0.003435372426750845,0.00785400338912386,-0.0034479705437557074,-0.010774080457501944,-0.013614446127944718,0.0022262311680575895,-0.006000543269812093
2019-11-08,0.0039967985279291945,-0.004110732911718005,-0.0003351028092824285,0.0013464881399813519,0.005589513934434674,-0.0006582733756781754,-0.0018511375333254278,-0.004201918178066745,0.0072796878205318325,0.0004124575824358231
2019-11-11,-0.001496792333104863,-0.005617874338744796,-0.0026844381870468155,0.0004889099306490111,0.0004642529531269657,-0.0014822715717068518,0.0018511375333254503,-0.006172586095865689,-0.004108174801027805,-0.0020627242871870677
2019-11-12,0.005146501995106282,-0.00515008408804833,0.0013430475398109845,-0.00012197209214970612,0.003360150323968308,0.003291090580839666,-0.006627198870790882,0.0024413922841634164,0.005998598808918437,-0.0006607632235465764
2019-11-13,-0.005812462847086639,-0.00433951594867461,-0.006396111648789229,-0.0041659100285288625,0.00219534921588274,0.007528565718382657,0.010055880372514528,0.014683541158152683,0.001153427790950675,-0.003145170517539366
2019-11-14,0.006143568886855838,-0.0026804125988634485,0.002024377863395786,0.0031871097596793893,-0.0011546940251521698,-0.0003259793997759737,0.009955455846061678,0.0035175489767594764,0.00010487240511323915,0.004301453061361918
2019-11-15,-0.0008280428073369937,0.007686207475610236,0.0026925698800925064,0.007316109371874383,0.008056015243189916,0.00032597939977591995,0.004941114435384493,0.0031873943571220447,0.021049063946629996,0.0018143849950388242
2019-11-18,-0.0024880336027148205,-0.01222529884044115,0.0020148610549555286,-0.003773230325019612,0.0029758107409054053,0.005204138984654675,0.005432314862746281,0.002066060153031865,-0.0033918212810326678,0.0034543855871642807
2019-11-19,-0.002161531624823809,-0.014938011305779954,0.002010665231783701,-0.0008541004623462511,0.0019409843125927921,-0.0012985163248852556,0.0020621410013678307,-0.00254358159324895,0.006771915259474606,-0.01106353271804198
2019-11-20,-0.012561977677177386,0.01004010943799586,-0.004698025630543636,-0.007965369537404312,-0.0060636356438960705,0.002271334974324513,0.0005147797775813201,0.006030688215689102,-0.001330381878876704,-0.002327232347794436
2019-11-21,-0.0016868825416415274,0.016290496923333946,-0.001009343750090278,-0.0003690323250516629,-0.005062173366029718,-0.005036053416077814,-0.013471779564008801,-0.0034871066224400095,0.002556964983383941,-0.0056750321884216845
2019-11-22,0.0016868825416414947,-0.003337336509347835,0.007380081149996877,0.005155967340354345,-0.001269627391586949,-0.0016301351024798534,-0.00575473836253783,0.00031768785785805796,0.003568212053135218,0.006839258249860973
2019-11-25,0.006551939207105948,0.0010025857063191495,0.00632990680443265,0.007198610216832959,0.014446563005578748,0.001141240527088031,0.000786989928287859,-0.003339019026994235,0.011635807114735015,0.008772153417232994
2019-11-26,0.005011075737857223,-0.009226030738786839,-0.0009966708040838467,0.002912815606771014,0.0009100184174087869,0.00811441608343012,0.013796880715459115,0.003339019026994307,-0.00080524243851423,0.006815015135043119
2019-11-27,0.003990671250004276,0.002524502090716045,0.003981379268381449,-0.0009699618671116964,0.0055572338691670066,0.0024215698721543853,0.0030972673192748413,0.0017442604872551799,0.0051213101780155975,0.008555832287715
2019-11-29,-0.0036576693697702462,-0.010136910585037148,-0.0016570476050068819,-0.004621243132832153,-0.002944802229009574,-0.0003225715068478587,-0.0038735925673041116,-0.0009511116977560403,-0.0035119019563531165,-0.006511957324240776
2019-12-02,-0.0100436609071255,0.0,-0.006321913469303724,-0.01659204173035092,-0.014395304981000051,0.0022553076663401773,-0.018540657111962955,-0.006523898052256663,-0.004432228019083742,-0.008282529333141633
2019-12-03,-0.006413286730772886,-0.01505575138001751,-0.014117537854999515,-0.010966367638577246,-0.00890043174256558,-0.0016104879520421318,0.008137736310918289,0.0027103048801837416,-0.0022236752354378134,-0.010096909543355502
2019-12-04,0.002198527079984477,0.014885988951337675,0.009434018873370873,0.003876780497411153,0.004055482265720541,0.006586791835782582,0.005215235117805167,0.007612845662312517,0.00926588290979401,0.00555758308374475
2019-12-05,0.0050556864195820525,-0.004766579043646325,0.0046835189816286735,0.00024943589040379995,0.003693712173886825,-0.000319986988280118,0.0015591889561194605,0.0017365700828617825,0.0,-0.00099308321515717
2019-12-06,0.01020143680582207,0.018932267443654137,0.013262952077657712,0.012031494122464593,0.010998962868551579,0.003836792844663923,0.0002595977939142904,-0.003001359816843311,0.006594887185566891,0.007999832770278851
2019-12-09,-0.0019984037391899694,-0.0011729260190804732,-0.0023082356795198654,-0.003829265649960407,-0.005255059927172481,0.0007975094059160831,0.001297040669058584,-0.0034865540682798885,-0.006995926745692159,0.0012312997433614468
2019-12-10,-0.0060201606754248585,0.002009605991747598,0.0003299828741939368,-0.0012383375180734877,0.0008013261067785836,-0.0031937158025530355,-0.007024810231960884,-0.00015874533533549249,0.002204156806168491,-0.0017242842770747902
2019-12-11,0.007519446366456655,-0.001674319230467231,-0.002312740461955221,0.006299789298865563,0.006730108585687253,0.0014382968594439625,-0.007600712795217523,0.002695693172670447,0.000899871736207037,0.002544309301209509
2019-12-12,0.013886847083898186,0.018266635061932806,0.01932896705832708,0.008826726426258568,0.010630074885273639,-0.0007989111583779073,-0.012175919757061686,-0.004284756880239637,0.009255367107991448,0.008732904689733843
2019-12-13,-0.007746481187763366,-0.007598093421960915,-0.0035756235142708746,-0.0026887785845085663,0.006614753367170326,0.003510415920249228,0.0010646367099935048,0.007762344906583752,-0.0006936626106355625,0.0008936547569654448
2019-12-16,0.004292735056145703,0.013341070048381129,0.0035756235142708455,-0.0004896559375930263,0.008899742815731273,0.00349813599539341,0.007685437348467774,0.012389611475554618,0.010746975822283658,0.004374815872696192
2019-12-17,0.0014815866625348785,0.0006543411890554857,0.003886039936139736,-0.000979927949706458,-0.002328636196130617,-0.0015886302018984894,-0.010882627053884632,0.0032676198325267878,-0.0010792140934095234,0.004435754004685696
2019-12-18,-0.0013169370841831533,0.0037535887527466037,-0.004210524305943436,-0.0041760393906478815,-0.00011081377138958223,-0.001591085755056159,0.014045328766787104,0.0040309455095899,0.0013734268257243635,0.0009653344518083772
2019-12-19,0.003453107105002862,-0.0003259751465484207,-0.0003249395997086324,0.0027041886929461186,0.007190549551881309,0.005399624315530861,0.00942914773077243,0.00030928962575524333,0.0039139764287440815,0.003130609332609125
2019-12-20,0.004840921657397264,0.00954684207706129,0.0011743634296476834,0.004590172980022122,0.005789233870663534,0.007524225633163796,0.0076916327106813474,0.006851309223569036,0.007054784245367135,0.0015266158703340937
2019-12-23,0.0027884297315265852,0.01021491475576635,-0.0022842501220802264,0.008193616802534893,0.002854673360194738,-0.0042879387974148085,-0.006032810712543773,-0.009332653772205421,0.003984422301951823,-0.002331017938238408
2019-12-24,0.0011460373780178286,-0.00048415184700415236,0.0022842501220802407,-0.0040274615010301796,0.00032885821957893995,0.0012723124066705786,0.0013144941522036226,0.0014054626912431353,-0.00126144424328552,0.0022508910637516607
2019-12-26,0.004407815296227274,-0.0003229804303335377,0.005525808110781826,0.002320737958676256,0.00742528768013247,0.0009532445353661014,0.006025093811080528,0.0017150373245223493,-0.0006800703507645095,0.01213064801137654
2019-12-27,-0.0037537381811681187,-0.004206283518545232,-0.002596650886143611,-0.0008539923166015437,-0.00010867981598129762,0.004436878365851208,0.0036495383430956594,0.0029554791563630605,0.0002912323723052919,-7.903936656173129e-05
2019-12-30,-0.0031111270321686835,-0.0031607086729049413,-0.002929157224638144,-0.0046509569860710975,-0.005783423185845344,-0.005230983153448893,-0.0007807354544832717,-0.00015533774870251477,-0.006021326308372222,-0.006446801109993372
2019-12-31,0.007353323580423827,0.0056787570314946615,0.0032540901425776765,-0.0006134209494633269,0.0031683993543931838,0.0009530215030386602,0.007006413104378615,0.003876581633742112,0.001965340244317357,0.0014361400417692224
2020-01-02,-0.011791712038056028,0.008953824187175278,0.009699421164528963,0.018726384644733116,0.018589217812205603,-0.00797088866252311,-0.011705022770240221,-0.012614233572449974,0.002647163274910664,0.011810237466410738
2020-01-03,-0.01627682601104242,-0.0029757636639043948,-0.010674676313968047,-0.0019296518099122491,-0.011307065499671594,-0.0016015275605114722,0.007299101214315218,0.002035271056363849,-0.008752650508335597,-0.00854654863769166
2020-01-06,-0.00436307397187966,0.007751316169870154,-0.0006504662846017407,0.0003623540154946148,0.002379905391229164,0.0020816515973367446,0.00025992174170114433,0.0009379995626500502,0.006203603207911203,0.002777887699102252
2020-01-07,-0.0011779783992677732,-0.0026321326852754875,-0.006529655775743478,-0.002053515364101898,-0.0004322178723450102,-0.0077082621516034195,-0.01096635569783647,-0.001407220732633342,-0.0019653132872454247,-0.0015866018987884675
2020-01-08,0.0035299256084183775,-0.016608788154596207,0.006529655775743402,0.0033795690444013036,0.01064349128519691,0.003700721028890072,0.0049758469642240755,-0.0004695865219303539,0.0064706654084688885,0.003012050566055428
2020-01-09,0.0036841985271707247,0.007341831170002973,0.006163869649918599,0.004208538734774735,0.01127192493746485,0.007042578696928153,-0.000261238010498286,0.005464066940329307,0.004290495649169438,0.00528814551778188
2020-01-10,-0.004019997705868716,-0.005668426010919401,-0.007466352420889932,-0.007104248647916861,-0.002329008002875033,-0.0006382997948725541,0.009621858492457563,0.002643062509323189,0.0002922060584316094,-0.005446492099543285
2020-01-13,0.012840960751517838,0.00033436179737996244,0.006819186102789787,0.00818382423967476,0.012428988117293174,0.006522000924447893,0.01209027965007167,0.006037700698909862,-0.0035080829684819696,0.003161034440425761
2020-01-14,-0.004151155912791661,0.00016726299449425696,-0.0019436680189364975,0.00011979115547542562,-0.004721706666196188,0.00031730433338148986,-0.004870170841333476,0.0029285061298635015,0.0060338527175230585,-0.0003156414727782282
2020-01-15,0.006798849275921319,-0.007380336946969033,-0.005527396195250202,0.0015569889967011257,0.001156199091738038,0.0071068415110901095,0.0069133061207100254,0.01390696755689553,0.00859882573172666,-0.002291544254294042
2020-01-16,0.005931713650480233,0.0016822142617126043,0.008764978297002794,0.009882350613580223,0.013357255311387862,0.002672148328963734,0.008891348053990855,0.006203199526578021,0.005181225077223687,0.008899498302400584
2020-01-17,0.004425949971360342,-0.006406939151535289,0.002904370498587201,0.00011861420285189838,0.006715379565339867,0.001725016135770061,0.001263839863403392,0.006914109619547166,0.0,0.003522084010984907
2020-01-21,-0.010853469623841837,-0.018092341911028514,-0.008414199397120396,-0.011078730739054948,-0.0004120857731801017,0.003441341519784148,0.010052802088410846,0.009095802486411668,0.0010521739430600552,-0.0030517134069346793
2020-01-22,-0.003976112476499956,-0.009691976680196085,0.00292060231516751,-0.005284533297400066,0.0035990770575039747,0.0007804327191842541,-0.008034472509584181,0.00311215628033033,0.0012419500976574628,-0.00047037060405016103
2020-01-23,-0.0011628604628197722,-0.0038335442045021786,-0.002595669397227887,0.01077965720800766,0.004710049570666833,-0.000936789068687358,0.009533790614936363,0.008839340824070787,-0.005073480682374726,0.0014887695440231005
2020-01-24,-0.007172081907634694,-0.011589256178682358,-0.012751489981798533,-0.0046569853081386186,-0.004710049570666821,-0.006895153470573889,-0.0014993181053521035,0.002636556282493983,-0.016839517850455774,-0.014033874741561822
2020-01-27,-0.021830141742207286,-0.028120295348095164,-0.015586370662068904,-0.019092037437034613,-0.02410018112555625,-0.0031501466483399485,-0.004260001621891415,-0.0024898304680935797,-0.007642013843446889,-0.015038940389158616
2020-01-28,0.011228529243602865,0.00453071790437929,0.01162996201876629,0.006445288837186051,0.018954786842242295,0.0012610796409452056,0.0025079905117781887,0.004097643900118641,0.00490541375187968,0.009705200435340563
2020-01-29,0.0032091594153674497,-0.010543178328121147,-0.001653276583712878,0.005318929271371187,0.0025758409970516325,-0.005054458467254609,-0.005274526223736542,0.0026254716232464214,-0.0027437782678820565,-0.0005589742547351744
2020-01-30,-0.006259003081441324,0.008008577484700028,0.012496167231471542,0.0010846777224578748,0.008606965907137904,0.01180663413816416,0.00226396931827727,0.009279808113362192,-0.007288727573548473,-0.0016783492435087986
2020-01-31,-0.022307063307394046,-0.031678749796782375,-0.021137015735921826,-0.02339593349858439,-0.027827259332070673,-0.011331674100290743,-0.014425327749427572,-0.004484329579676603,-0.020170548864857498,0.0025566063035310648
2020-02-03,0.02077860953009302,-0.013185141317602058,0.006985047312007902,-0.0003697432436161744,0.013130700040403868,0.0,0.0010191145628811206,0.0031842126148991594,0.009037305174173308,0.00707673352285834
2020-02-04,0.017520702171603064,0.0035962378256918746,0.009566253738573387,0.018694329182391424,0.0258559908700252,0.005996456218739612,0.012903630439436417,-0.01002100839882482,0.017440003975472806,0.018059493663557646
2020-02-05,0.018367486948757273,0.036907119141420475,0.019828416861453802,0.01656685041193053,0.005834430694288815,0.007991979835874909,-0.0007542297809914496,0.004078610736488892,0.01907045513560611,0.005045263339380285
2020-02-06,-0.0004921867406724872,-0.010249047693172572,-0.0012884277195899711,0.0032097392133787206,0.009086060600727681,0.0017155420438510083,0.004267369433560727,0.0002906264373924538,0.0008670285981923608,-0.00224791247732432
2020-02-07,-0.014374281626146632,-0.007014968036816628,-0.003551118263303205,-0.007266048829123692,-0.009186339951006468,0.0012454264655997345,0.0005005852430946865,-0.003202424052840101,-0.007830289827790406,-0.004354850467675953
2020-02-10,-0.0004994162780155358,-0.005014279927090285,0.0029065233941478973,0.005603111034582909,0.01345090916603713,0.004192997456549836,0.011451818236486154,0.0037835582664918644,0.00532326936568448,0.011237248171498324
2020-02-11,0.005479335889811545,0.011109188328674593,0.003540898975998121,0.00379658887437128,-0.003370502973401945,-0.003726169734824869,0.012055675421856354,0.0036246585662907823,0.005967393955131811,0.007829805930442585
2020-02-12,0.005449547543073498,0.013351706240570225,0.0006424549245327588,0.009312563197299619,0.010765837427540302,-0.0004668277217250629,0.006338258615636271,0.0007231835674958389,0.0012467570332616348,0.010194448724424534
2020-02-13,-0.0036297061377138316,-0.003093362859629271,-0.0003211758687260515,-0.005647961158476198,-0.0026557359842859164,0.005896181608688798,0.006057075259540998,0.011073857748666116,-0.004707130526287463,-0.0017424886544317772
2020-02-14,0.00016528902023818138,-0.00529923199126,0.0012841538148883355,-0.0012985972628219236,0.004324479855532142,0.0023179913456512365,0.011527460597351567,0.006699451830858323,0.0007702780954638403,-0.0015175546197128099
2020-02-18,-0.002481993553040079,-0.008279084011400865,-0.008700021558941172,-0.005687243538960219,-0.0037337944667068545,-0.0035563703013318255,-0.000955796643182353,0.00834702327385394,-0.0035668684171395303,-7.590460322896519e-05
2020-02-19,0.002647183783260672,0.013213723922191795,0.007415867744052873,-0.00035654148332204497,0.01184141785176007,-0.0010847887238635062,-0.01420136800434882,-0.010907643266006385,0.004624464985676556,0.00447055060554701
2020-02-20,0.0016509026990942726,-0.0010943938972383484,-0.001929155443059692,-0.0014274385129390674,-0.010464032886317504,0.0007748496772224422,0.011089803488290766,0.003554440346318138,-0.006460656627982914,0.0003781988515093648
2020-02-21,-0.004629513563511293,-0.011934455510402236,-0.00970262711671036,-0.005011738815405632,-0.022669563451440992,0.0017029902041912242,0.005260515405235719,-0.0018467638031599493,0.0005803646614621034,-0.01538417483706821
2020-02-24,-0.028578244074512964,-0.04727685414203317,-0.03303888177658628,-0.02888565160702158,-0.04220985679315579,-0.023316897071336256,-0.013445320628058198,-0.011727666200154219,-0.03202654682980997,-0.03498687939862757
2020-02-25,-0.04410289567507717,-0.04515609624699976,-0.03451586657241595,-0.04161231193430905,-0.03251716734110568,-0.018214289471091244,-0.025460518832733304,-0.021228017668372158,-0.030818279753712034,-0.027068063367627914
2020-02-26,-0.0033920729478223075,-0.030651315369854937,-0.007328833558114881,-0.007602685161958358,0.004540966719383163,-0.005659437116659167,-0.008716360484902465,-0.01019136003278648,-0.00010299124387973919,-0.007952407813686344
2020-02-27,-0.047985786404173024,-0.054961171919794966,-0.043671653873391766,-0.037829776066220684,-0.055446603367772816,-0.041551816867870364,-0.058188790882332135,-0.046025160143686045,-0.034569566419152764,-0.041254312011319474
2020-02-28,-0.01094118691886903,-0.0008835921756798492,-0.027449832959447838,-0.01843923842661554,0.007611095452374196,-0.019975085178039795,-0.024964568661681178,-0.03399281122253958,-0.012980597445203319,-0.006454067536327421
2020-03-02,0.04197438433180947,0.039628516907227226,0.04988222694907147,0.03456302055818218,0.056214571800483046,0.052077695489918814,0.04854458526058996,0.057194114001166876,0.045798210280794935,0.0337835787246101
2020-03-03,-0.008768465064381349,-0.031050272827743308,-0.038291123919461593,-0.02475851813344814,-0.0387157472932223,-0.013679769032755288,-0.0007775626661959515,-0.01237876005892115,-0.02517220964851443,-0.024502867371876565
2020-03-04,0.0406307922316208,0.023377860337613788,0.032549969395979594,0.04049683525851881,0.042026803098869275,0.04795231764508067,0.03813398013920934,0.055191665633805405,0.056046665520496274,0.033972897909925116
2020-03-05,-0.03222619156535242,-0.03727147920531258,-0.04941985733012964,-0.05016412092322097,-0.03206882422557355,-0.019002554199401275,-0.02321585736420817,-0.015545313965438155,-0.023475578268456004,-0.038001236262105956
2020-03-06,-0.026363151192074434,-0.05782490587042084,-0.03461900698299121,-0.008794927538375845,-0.02136498120957453,-0.007930969705062922,-0.017253040814836598,-0.00816199029242571,-0.005337982104452971,-0.01549196165913997
2020-03-09,-0.09826632732325463,-0.2249099215538605,-0.11343844615985116,-0.09673285158481351,-0.07895611093710433,-0.04452529251469406,-0.07326890471013763,-0.055923383796928176,-0.05338140629517086,-0.06504454284588865
2020-03-10,0.03979929746113645,0.04634586991469956,0.057085543668698356,0.05054788879789444,0.06456889821669981,0.028307595916332338,0.04748475338403834,0.009254336811771178,0.03373489784029809,0.05381724079512488
2020-03-11,-0.04870113286561765,-0.05433269974385372,-0.05577084430543926,-0.060480001245671856,-0.04839075012491448,-0.05029431413425928,-0.05505962825173722,-0.051581069469728374,-0.03896008716083812,-0.05624053908488332
2020-03-12,-0.10123337390728844,-0.1332345292592302,-0.11445035865087581,-0.10925824328234693,-0.10270274858579545,-0.09866765125993472,-0.08980573223739899,-0.10640224799697016,-0.077589924685868,-0.10653270581236012
2020-03-13,0.06782658572352228,0.08828302655361608,0.1236024757634345,0.0752083634869162,0.11093219528119734,0.08167811046804782,0.08415789412560691,0.05305627042224727,0.06705673174067223,0.06002620356840911
2020-03-16,-0.11662814126490972,-0.14626016305557926,-0.14744869491286705,-0.12040786596715505,-0.14866254304808782,-0.07024272804303532,-0.17436704606572642,-0.12056123045717274,-0.10381789790896793,-0.1354606250070787
2020-03-17,0.060013520919833,0.00680909355228761,0.052875905214397695,0.045027997027915684,0.06586447853452278,0.08096060713503397,0.05891737345808055,0.12038805843508692,0.06088381329588493,0.0377820149635822
2020-03-18,-0.06607191019365183,-0.1549843943951419,-0.08870355855537243,-0.07652224505162933,-0.03840542510047179,-0.026026095949957886,-0.07283717851123585,-0.044506836170708365,-0.03372282298579172,-0.05916425182911306
2020-03-19,0.025202414034159872,0.06576256017653462,0.02165025137599045,0.0007392776838418921,0.003613316413934947,-0.033932535839058094,-0.01585140013976226,-0.059967679605366614,-0.020696370337739134,0.03428305126923253
2020-03-20,-0.03644658161437039,0.00971453935391788,-0.036348624238503525,-0.051380596714950794,-0.04690794813459065,-0.0669539034435787,-0.058282849367571325,-0.08264544017277889,-0.0391769770232239,-0.030174691252290702
2020-03-23,-0.05232315761466571,-0.07059280726793365,-0.05994502122507656,-0.044788840445787376,-0.009176807089104922,-0.030039902766058835,-0.057171608955666794,-0.052376363937856274,-0.053336142473679966,0.0016469012973748388
2020-03-24,0.11118472038384454,0.14874205824231745,0.11690172903408197,0.11912631767083316,0.0975030869560003,0.04973992786697559,0.08360165871658959,0.10210579273998731,0.07423231531579287,0.08965457221681447
2020-03-25,0.023063961133182632,0.04608781334800611,0.02684058260198374,0.05126581264470898,-0.001289095746341012,-0.0027431195882063174,0.043477216099008516,0.02520192756376391,0.0132255980324932,0.01739510762018443
2020-03-26,0.04589769066645091,0.059309334109036424,0.06088428212024141,0.06120431902504978,0.06008559419337581,0.05329256538376223,0.07398454238264335,0.08180493916545378,0.06431608392783182,0.04053468979629799
2020-03-27,-0.036819426141115226,-0.07019237893863554,-0.030930248800797346,-0.04304052032998378,-0.04624826996406252,-0.0046613040519978225,0.0025665843877578027,0.005402579520916173,-0.021649013635469002,-0.034088507188205726
2020-03-30,0.03136025073916879,0.01018458761411584,0.018859670283978877,0.014497944594838079,0.04125481968452989,0.03831483997548164,0.025622320444898712,0.03632926946175285,0.04576585713795441,0.020692082677779847
2020-03-31,-0.013890616877711499,0.01525664744886051,-0.02794433079556432,-0.012462674182511322,-0.018858339066396876,-0.020533488681576315,-0.0323737900117632,-0.041190358482501584,-0.004393300875076556,-0.02038606231903504
2020-04-01,-0.04611849061932338,-0.05082222554256682,-0.06293858240982546,-0.04612416655045072,-0.04882741790638092,-0.017034191237947797,-0.06256186361836884,-0.06197899669432974,-0.038787223081066385,-0.04568538489000247
2020-04-02,0.015000021705506643,0.08764458355126666,0.02475490185675721,0.013221584897846056,0.023117181078853626,0.02526175275605098,0.014658502819422775,0.03081809371422855,0.02731954986268167,0.0037282305418004404
2020-04-03,-0.024343365871298546,-0.010670247062390571,-0.020161740537096556,-0.013399310335517436,-0.015567872161686763,0.007799230364963912,-0.008496399067995064,-0.036401888827155275,-0.009062110290924293,-0.017591402752575022
2020-04-06,0.07175824766793513,0.05161182874586978,0.06933207465634836,0.06693205329307071,0.08187615001375688,0.036541795737195806,0.06985734792205847,0.07439750881560053,0.05110304791808248,0.07993461941981223
2020-04-07,0.02630032808453983,0.0211063615409045,0.009926691903572808,-0.00232685822463514,-0.009000996468696391,-0.011562674803506309,0.00031826591597292005,-0.012626482096626292,-0.00824594441728214,0.014775286862321265
2020-04-08,0.04777660951959668,0.06457746986168914,0.04281470498032829,0.03563035770465008,0.026528813267526454,0.014693108003360874,0.07240186712568011,0.05302507082144512,0.040353803231301374,0.03101322411675793
2020-04-09,0.042102710185991404,-0.009100183159439388,0.05223894882410546,0.014980255582490543,0.0002346149695486653,0.009332774059739646,0.050212736764083755,0.046089742487972464,0.005498468109456077,0.017875338737661832
2020-04-13,-0.02222059604241939,-0.003249174209028403,-0.03703297100908599,-0.0296994466996893,0.002227881491340895,-0.0074243895631786565,-0.04696240908892038,-0.032241973486217476,-0.008790724704828345,-0.0002811218793731108
2020-04-14,0.012842318194853767,-0.004745291757127204,0.004428771140742341,0.01888537613888862,0.0410698482415165,0.04158428327445735,0.03278961858412686,0.028948983302578644,0.032652538268644726,0.03835500992242224
2020-04-15,-0.04702514765084473,-0.04810650858919687,-0.04427112763596452,-0.028052155076503812,-0.022046311113008633,-0.015919952212817837,-0.03930066521682551,-0.03354355420221223,-0.00516151919795064,-0.022171501082165843
2020-04-16,-0.005778044687942562,-0.043672180952198415,-0.017707932876959702,-0.00891999222403252,0.01210621433057475,0.006566148424316876,-0.0065533000025935675,0.0001706534917862635,0.0216030440007354,0.011922261489996937
2020-04-17,0.039363965997499424,0.10095193772349288,0.05131685323910373,0.04588647844532758,0.013194606138231943,0.01515571780191252,0.03176722309554445,0.03172198917056045,0.020550804042785517,0.02910997806455443
2020-04-20,-0.02498088679176798,-0.03172038107847202,-0.017572118116207538,-0.0269851949173454,-0.01615046397965888,-0.019865560332571128,-0.037762438642318506,-0.038566771933142265,-0.007969566027173632,-0.01759860416710078
2020-04-21,-0.02499370389607658,-0.01779173371836311,-0.03280501109116044,-0.023891176829228516,-0.042802166609333545,-0.021473188246208034,-0.01484226951827495,-0.016620653709233914,-0.030878029315944026,-0.026297905672287996
2020-04-22,0.01947034652532783,0.034973855565476844,0.010745606714879983,0.010450390522504184,0.03778000451219074,0.009600685399993087,0.017244614587856776,0.028738032712923696,0.015151559381733716,0.021329154494596127
2020-04-23,0.006950168599154137,0.03176746684479006,-0.0041912561399030145,0.00788965898269545,-0.00688960715181561,-0.008911939482916941,-0.011463139671410636,-0.016936527295851548,0.005471853781715528,-0.0002719135650838001
2020-04-24,0.015563650692722798,0.002313530041040133,0.014362318179617445,0.007990216023645049,0.020978794246135305,0.010616752776768216,0.00363414731165576,0.006191826593040675,0.013350512432120475,0.016799495981060095
2020-04-27,0.0263252580488497,0.02143240865682316,0.03347189749280986,0.02454610621772911,0.008538647992676857,0.002891323990211156,0.028607295647790555,0.010405315595305508,0.012780885235374686,0.018535356689480257
2020-04-28,0.018387829789565345,0.022642304718105726,0.010619560833611694,0.018527928773718956,-0.013401784125242669,0.0055888130152569,0.0008808553072546031,0.00372629565482539,-0.020388043553985602,0.003927809775986471
2020-04-29,0.025188797822355002,0.07145918766025522,0.028635409268516446,0.018954073248709243,0.040223130381233825,-0.004231117365484179,0.002638261511010624,-0.009171319819748289,0.006609377472551673,0.021798864472861956
2020-04-30,-0.030187622680016013,-0.02237945186861554,-0.02555919715388679,-0.020043869535395643,-0.004475196336028097,-0.011943479945020737,-0.007050524009833424,-0.023302985157954575,-0.004601512882140735,-0.0062412070317052915
2020-05-01,-0.02123394447847577,-0.058242642053855126,-0.032555649247055854,-0.03067918203558715,-0.027842802396074656,-0.011046161760566038,-0.031140324241179847,-0.024395971757994177,-0.01923556706479991,-0.03810973004719908
2020-05-04,0.0035379376722061654,0.03400407481254782,-0.009107571557503163,-0.012767877485233293,0.013186024089588815,-0.00052070983389215,-0.0006084783513062327,0.007488195762921878,-0.0005112251477442367,0.005420074797835806
2020-05-05,0.002546989973959949,0.0008082252795136738,-0.0032073920507824957,0.003896245811993216,0.0136714026298115,0.0008678284675557829,0.006370384328087468,0.008137223337131547,0.021449552033445722,0.0036264776787614046
2020-05-06,-0.01737082564667109,-0.02647869338488579,-0.021805694257633144,-0.013867680045005675,0.007745108523469087,-0.010990065511705924,-0.018617636949071394,-0.034594337092160206,-0.009959109898374365,-0.0001765172139983539
2020-05-07,0.020302041044384496,0.02567046810537206,0.023181536797752318,0.011596681317612625,0.014883758800225013,-0.0028103884258071326,0.008894236717811149,0.004004461836183059,-0.0001011588292581786,0.015596653063146164
2020-05-08,0.023716790588520404,0.04455717777372138,0.021311114264790966,0.02454203562657264,0.014560044852072154,0.022093587563582585,0.018154862612798677,0.019962866275398138,0.005143731218955085,0.01928740263791974
2020-05-11,-0.015361142447248536,-0.017690395879873196,-0.01947956475412759,-0.012596660440155892,0.006625080541673104,-0.0013773317220728966,-0.01206664049469621,-0.004282808350071439,0.01705505632720349,-0.00221973655139658
2020-05-12,-0.015404800203809675,-0.017741928737293276,-0.02642111839108641,-0.028482917779404617,-0.02086396643708602,-0.00847835809369992,-0.043417557957085864,-0.008800965179989241,-0.015346735730513338,-0.022123084488247412
2020-05-13,-0.02124996105283662,-0.04648162969398607,-0.03003805708083887,-0.025415025570222356,-0.017380535938949754,-0.009076834084265111,-0.015974726666714373,-0.00851541604309234,-0.010904601705105054,-0.017364153177743973
2020-05-14,0.012169917273774297,0.011132791877402508,0.02533038043014665,0.010444889038551931,0.012660610188582189,-0.0024577060931538263,0.0012874593374627165,0.010677918528575239,0.010904601705105127,0.014826582024229065
2020-05-15,0.008687259071080566,-0.00388241164411835,-0.006629132707782128,-0.003525635273260603,0.0050410671982118686,0.008750558957173003,-0.003544547033523641,-0.013410697617021973,0.008399894129880035,0.011584104779439997
2020-05-18,0.04459696030601819,0.07852400331959344,0.05003360069053422,0.06384460241885268,0.02420434349312441,0.015731921413981855,0.0475907682392401,0.04023055060604927,0.008231278084566635,0.037143599477172225
2020-05-19,-0.00963459688357935,-0.02839855277365605,-0.0247038143364526,-0.012862427953239376,-0.00366151850388265,-0.018523752973806196,-0.0195810908386612,-0.016611287896553483,-0.012122254978026707,-0.003594383927970238
2020-05-20,0.01581956034227104,0.039129396417946626,0.02198876242161843,0.018526384294235726,0.021668835155130607,0.011811672926325118,0.009372020153312392,0.005509031440407884,0.0011986950248215357,0.012978766351358285
2020-05-21,-0.009574824781255278,-0.016139789550259437,-0.0031767283260653797,0.0023504154054047387,-0.014047017813694357,-0.011112983978597545,-0.004987711261815839,-0.010152605417445532,-0.00741593285793169,0.003547786981222858
2020-05-22,-0.001510202221476673,-0.006217528916644074,-0.0036430854668869123,-0.0007828799657278994,0.003633601768080909,0.0034859853121323057,0.021639263393056003,0.011037927791838325,0.002109963745951569,-0.0014835088808417152
2020-05-26,0.027025872187238134,0.02742709285105918,0.05070027278058392,0.041122486543034326,-0.0010364814918984771,0.005379615420708379,0.03130880357590608,0.006529752951761015,-0.0018083279907195853,0.015713623790269714
2020-05-27,0.010063269933312363,0.012812580606394616,0.04245120252781806,0.03282888002448754,0.005689669343997115,0.014944936796192588,0.021115259807816675,0.01189040272577757,0.010304367619156651,0.016988377911435138
2020-05-28,0.009241848272912835,-0.02835612140514511,-0.015919998243559892,-0.009500956155043884,-0.001961847799310478,0.008826993943378145,0.011254120594402811,0.02912179229389694,0.012954510388391856,-0.012209088406578658
2020-05-29,0.00018018387406174572,-0.004633412304933036,-0.011467530546054289,-0.006187349876658164,0.012530956157775178,0.0010137388189440488,-0.00575560728167818,0.0077363182009890724,0.01201252330576802,0.003630159447868786
2020-06-01,0.006829736314288123,0.01739170934862763,0.011467530546054221,0.002214125530977514,-0.0003061433719121351,0.006898159250747639,0.019717845965816425,0.011824220407125136,-0.009951310284858322,0.009456750710925794
2020-06-02,0.01792908581071745,0.027508728199603254,0.0079919022938798,0.01289196609643981,0.009349449741532461,0.002679167448601143,0.006486978166619189,0.006436370079982724,0.005768042697506729,0.008498461362642573
2020-06-03,0.022441474446620667,0.028931298941564158,0.03660700084541345,0.038268498063372465,0.007758755243507557,0.001336971483491708,0.023615612492734292,0.011937003378843907,-0.0019515337885638963,0.018725718129472695
2020-06-04,0.0036059771569611366,0.00023942410790478576,0.02157460981531588,0.010591271878070182,-0.008264478192998487,-0.004854852937188541,-0.018847493699538986,-0.018042094905141474,-0.007943026911750401,-0.005058165099693552
2020-06-05,0.0252193496683625,0.07164058181418954,0.03648080537423233,0.036075424397541064,0.02597275816479472,0.013832382641940187,0.03599775132834404,0.012663540783690003,0.016017356627267155,0.023668400522069335
2020-06-08,0.0013362954056169826,0.0440640794006001,0.01887541048522499,0.019857687394597937,0.005016414964857706,0.010700557095583223,0.021626875169722195,0.026449039565421648,0.006855644388755887,0.015123302621562884
2020-06-09,-0.01225994168275453,-0.038282432388037885,-0.021546624946871346,-0.02522020101454072,0.004698486558655949,-0.008221015360790873,-0.011689974789443561,-0.020258009787428567,-0.010447053257257114,-0.007835422948309382
2020-06-10,-0.011385870105702708,-0.050476822376465745,-0.03816656595325388,-0.024218720468400665,0.016561589593917857,-0.002810612311372243,-0.018883325124066246,-0.005864177487803048,-0.0015569237699872593,-0.009423462972661526
2020-06-11,-0.08039883882089544,-0.09895485021198931,-0.08531690992818802,-0.07282728849419187,-0.05905302744770877,-0.0386512093689014,-0.06381299250719961,-0.039828524884534915,-0.05721559342357828,-0.053799789458099594
2020-06-12,0.019261414276205657,0.024918768285168404,0.029814814558664842,0.019218773255140847,0.012857651004741191,0.00017199541464927692,0.031150116119889097,-0.0025536829401407784,0.006475871867218557,0.009861494714625864
2020-06-15,0.01048242215367368,0.0030091590254703263,0.01375319246553897,0.009832214203628724,0.009610574056517388,0.01146176578326529,0.012582235891022439,0.006794864846470075,0.0022515955154810263,0.009449389369292476
2020-06-16,0.02064138020112513,0.02838622641207995,0.015606074250224622,0.01937949186074936,0.0210969301154004,0.015527944090473702,0.016533583457016478,0.004560347117767335,0.024338382130200946,0.020804973497812334
2020-06-17,-0.008311923912603011,-0.03466559928279101,-0.015192483912416637,-0.007223258153932713,-0.00019483752438754313,-0.0015084201607265585,-0.011821365640718102,-0.003038022892098692,-0.000998378577389623,-0.002635437760528581
2020-06-18,0.0007101748053095943,0.012270179569787635,-0.0012417249835564568,-0.003702812788316256,0.00447813741042829,0.005186044222982313,-0.012522909205706721,-0.00016892070105185475,-0.003401171017734296,-0.0036540935574703934
2020-06-19,-0.0030216175473089624,-0.015298200118199816,-0.006650237399220054,-0.012345819889722798,-0.00692057129631427,-0.0051860442229823035,-0.01013238757875389,-0.02846563136730721,0.009574427409077118,-0.007820005712180623
2020-06-22,0.003698140950348421,0.004622287908212723,-0.004964370967421047,0.0016816891961597342,0.01866557986811208,-0.002860726965436099,-0.0028545363743000714,0.009704635015139861,-0.003845143400696302,0.010224131099354218
2020-06-23,0.002315388642239589,0.0010186121593230258,0.004628584122391647,0.00014469536857175,0.0071938566135489,-0.0015269341694908966,-0.003723034635042669,-0.010125609411841997,0.004293380580267236,0.007835681441528615
2020-06-24,-0.029610352223159372,-0.05708348976830749,-0.035901231751179326,-0.03537576082482023,-0.0228139568100562,-0.01695106259297336,-0.025870062169536003,-0.009166432659471783,-0.026450100735053113,-0.02227067908526354
2020-06-25,0.012384048356688845,0.01895158083899466,0.02619859850865739,0.011041590563244498,0.012727896444465137,0.00705504330641686,0.010545087662159325,-0.012473337483115523,0.009772918840196758,0.0013426655397376732
2020-06-26,-0.01385118041246382,-0.03525203077288669,-0.04375830447066633,-0.01872315037456161,-0.019891427988576904,-0.020615804415076083,-0.017340598866913633,-0.010635682813925995,-0.012231231032409097,-0.02371675008712948
2020-06-29,0.019266095724274693,0.01333174044283575,0.011010839106938052,0.032282488609650925,0.010872446792035369,0.01872785514849835,0.017049136958044542,0.018672205866072728,0.00898430544382349,0.018811862183182055
2020-06-30,0.014298978942490029,0.022713051119835962,0.013487404493418684,0.005693026572776066,0.017766229052897813,0.00735986817435649,0.014467893569618941,0.0037284907603185374,0.01693060857449032,0.012686891969474907
2020-07-01,0.00212731697446517,-0.024606664287769028,-0.008680467322507318,-0.004522474885215301,0.0016255876590876885,0.0008522867150749721,0.026925129934411617,0.023122277355381332,0.007665376707546586,0.010050394040822114
2020-07-02,0.018596960393586624,0.011041267131357904,0.0013068236370971122,0.00859000726693721,0.005811610438278279,0.005098747833193507,-0.0033615334265958657,0.002593998232960587,0.007508269135879059,0.00394548842139591
2020-07-06,0.014152750939964449,0.0029413973833141817,0.01897429890971094,0.014249904882562881,0.01732763992683048,0.00490386343132513,0.0011216806400483755,-0.012338404657346837,0.010086614976541699,0.023427994069490816
2020-07-07,0.00034269375786265293,-0.03229165720831457,-0.020717171643097446,-0.019336516502617113,-0.010511457356646055,0.009068141592499046,-0.016389179754126675,-0.00402946211473685,-0.008709699032948886,-0.015812813163247435
2020-07-08,-0.014321640870660117,-0.0008276694888070842,0.010412143817116722,0.0,0.016190512138570517,-0.002510789974272847,-0.000569587557286563,0.008913376120636182,9.849590674421184e-05,0.010595135635031488
2020-07-09,-0.009428978807652064,-0.050669032495276406,-0.021374696615674413,-0.021950236519104376,0.0036140045889435234,-0.00790768449620865,-0.0034268717177900953,-0.01348886364303445,-0.007893585597739646,-0.0011381739806237067
2020-07-10,0.017219123539649536,0.03144047120186021,0.033813273583141616,0.012875210953773112,-0.0002776223044279738,0.01824466771616881,0.001143485650756347,0.018695564260093687,-0.0023802107879359637,0.01184708410826866
2020-07-13,0.0,-0.0053607018304218865,0.004253400870677463,0.004108043222321729,-0.020943275795901124,-0.0014939852976639963,-0.01583900009026639,0.0010380633711509232,0.005643715567212256,-0.012758204822089203
2020-07-14,0.024865134910261148,0.03447669585612118,0.005080314886156157,0.021440899424421168,0.011461168167266608,0.014512231005913326,0.009820943469767631,0.009294551801311342,0.019651673760594738,0.009903567498439306
2020-07-15,0.016680910877693397,0.02136067282728912,0.01965396779828052,0.025192826515763177,0.0054028670767632785,0.0008181085895700565,0.004588445452342166,-0.003948467210340681,0.01289006055444913,0.014192032738820647
2020-07-16,0.0033029230616927335,-0.0045580897437893,0.0,0.0002791036706755793,-0.01243308886901007,0.002124462368477847,-0.011800320609308858,0.012647773367392662,-0.0016262240068728227,-0.0026736075050995847
2020-07-17,0.008373932282446248,-0.01407323020418779,-0.008316358727691854,0.005990347169071144,0.004879592433273816,0.005372483324636342,0.013801283806290076,0.02233693399695359,0.013596275070306418,-0.004696052872186641
2020-07-20,-0.008703811634232807,-0.01676550610719565,-0.0046035792847092675,-0.012297703012379434,0.025233503523865976,-0.01011754373548516,-0.009467840301133597,-0.01320768333512789,-0.00018890357097746898,0.01586309832760842
2020-07-21,0.008703811634232832,0.058666193990619404,0.01952316743790069,0.01313035975430637,-0.010090953947517682,0.008655043427487163,0.00028826966866044745,0.004533598766677995,-0.0006610087939542379,0.0015430693719066927
2020-07-22,0.011541871434816383,-0.012360613638599399,0.0,0.008016718614077998,0.007989377349397241,0.007936127203408529,0.012030982912737607,0.015295435197054012,0.008938878674038569,0.008554065646976097
2020-07-23,-0.003075758642164522,-0.001853800509235845,0.0008224331294016425,-0.003033101258458664,-0.02631984907614208,0.0035426479412084487,-0.0051382515799605465,0.001154347194714538,-0.004506640638636475,-0.015110782982544063
2020-07-24,-0.0034102032638542892,-0.005583002199420085,-0.0024693313626542486,-0.008040937443544378,-0.012187833581142875,-0.0012869073479443033,-0.00401506160561424,-0.00661398830474665,-0.011070687434769478,0.0017725054656118914
2020-07-27,0.014374580015982151,0.0010659651457230765,-0.008274808128709085,0.004167221055570448,0.015656401936573534,0.0049772564981383815,0.011712605036305316,-0.012183952068090746,0.007488361764299338,0.0061782065452777755
2020-07-28,-0.022214109577801105,-0.017190986989307024,-0.002495686539116508,-0.006955086168765631,-0.011766631874504531,0.003676780530943941,0.019964016177151676,0.015000447152048046,-0.0011338779770308821,-0.009948247413370406
2020-07-29,0.008164762688682058,0.02064686559280558,0.018568612520616094,0.015100435487262837,0.014383421745641788,0.001434862299383629,0.01875409826730248,0.0046211369451109085,0.010440086704884428,0.010094710391306728
2020-07-30,-0.01954249330926225,-0.040070255990067874,-0.018152173347513133,-0.01008790702806958,0.005584528486195824,0.0,-0.008230413924020234,0.0,-0.006947801836236786,-0.0008066327635353223
2020-07-31,0.0009945814516656732,-0.004707349036652701,0.0004159140981438824,-0.0037569518175761736,0.02466080090057254,-0.0009562988866166934,-0.001102703253202308,0.0016451802735575028,-0.005763905164851101,0.005195942658909474
2020-08-03,-0.005648753592699305,0.0036016749931029957,0.0029089324235945665,0.004173598018267739,0.024332720039982846,-0.0027151290950511546,-0.016124900048604222,-0.010909210723387073,0.010275895594037316,-0.00211895015080574
2020-08-04,0.014062467497968209,0.024044825884139424,-0.00415781032048764,0.0024957771198777404,0.0025597100620016735,0.012396970869710172,0.014745256403668548,0.010909210723387207,-0.004417892682678887,0.00801387869234798
2020-08-05,0.014515388526195423,0.010474042837939514,0.013656350656126163,0.01893031144763454,0.003695547519071855,-0.0020556005739792256,-0.007484679438083537,-0.012905402031996083,0.004605389103929342,0.012116909217625111
2020-08-06,-0.004218509438297527,-0.008047017436054406,-0.0004112188980280838,0.0037977608587899106,0.013954483210529814,-0.00015819020325658447,0.001946027160194126,0.005811473871518805,-0.005359207760711244,0.004863299903662908
2020-08-07,0.003408681114806472,0.001345470998327748,0.021156231586516454,0.016913279424866128,-0.015008951065827308,0.005367901590209557,0.013515588388103997,0.017885485161562676,0.0032003232280972825,0.001496750617755734
2020-08-10,0.00967595126060088,0.030462152072125874,0.007220053978468245,0.024325780014131493,-0.0028174327299626475,0.005182432847817047,-0.001645247204643228,-0.0003251859986722665,-0.003389063912248373,0.01189662043738892
2020-08-11,-0.0017668921224427158,-0.00339717377754109,0.011524221939111703,0.005312051646354263,-0.018149868682546973,-0.0069159660494040424,-0.01939655316776041,-0.02187418044835024,-0.006337652564834857,-0.0019727233760511863
2020-08-12,0.00593095066676395,0.009898306821977081,-0.0027695877883612274,0.0032250180962326612,0.022460855455736565,0.01285075462913859,0.012512294282954663,0.014362583980315653,0.016656715852963334,0.01317275964261764
2020-08-13,-0.0001598989382012341,-0.019631520760901185,-0.006359403220944349,-0.005294902416820917,0.00043889347586288435,-0.0007788674657618424,-0.011673123559667646,-0.00164039702767021,-0.0013074281755574627,-0.0004177968149664914
2020-08-14,0.0011184148541494299,0.009470909012635725,0.003979374282419173,0.003877162774061441,-0.0007023080390831602,-0.00015574948349562654,0.0025125850066261514,-0.008739511780318192,-0.001964509578119193,-6.955703025452096e-05
2020-08-17,0.00446078513620949,-0.00577723754086137,-0.016820381314200186,-0.004654596676475409,0.0066516430537801995,0.005595262812808732,0.008884267001559728,-0.0013256961534299859,0.005881677146912647,0.01280145616399782
2020-08-18,-0.0041416430485518504,-0.012721985230383228,-0.006483172503098407,-0.005457291094171775,0.003743684550028907,0.00402165267171592,-0.001106170403922922,-0.0044877084391407125,-0.00027934502301720556,0.006168795587347506
2020-08-19,-0.002877251836585177,-0.011536220493511625,-0.0004066187414306481,-0.0026088472579333367,-0.0012174102667970336,-0.007903968184415987,-0.020688363395333073,-0.0030030841315743023,-0.003263918568932744,-0.004725691619711335
2020-08-20,-0.003527837016823431,-0.02182285376245305,-0.00939720322045466,-0.005370826820857152,0.013224636197066127,-0.002024864997042307,0.010677119536708902,-0.00889483441862082,-0.0031813163104122237,-0.0015118908753829646
2020-08-21,-0.005799943486040592,-0.006363373618542438,-0.0020547292293995097,0.004063356413175213,0.012628125686529384,0.0024915173780721443,0.003348337236136101,0.001684252260049903,0.0010303964709650162,0.0051438553313871045
2020-08-24,0.017458735508223414,0.02710661196744461,0.023578123623382144,0.01788985901264081,0.00861133759795046,0.008517244931404846,0.0013916773637653002,0.00871325153822206,-0.004597767350218565,0.015072904239332701
2020-08-25,-0.003977471120265186,-0.014146166914857237,0.002808648299750089,-0.0012853117247780116,0.00503090288817063,-0.0021611629199631685,0.0030550182210217058,-0.009554984761568618,0.006748687189665665,0.0032960535396553644
2020-08-26,0.010466315446986743,-0.021321518636445432,-0.004819326105242388,0.0005143015396941838,0.020120822236248167,0.0012355612333651862,-0.006956799883192709,-0.01117906647417043,-0.001215151771179569,0.009824642976936976
2020-08-27,-0.0026855633629791252,0.001957214890993765,0.016766662451868315,0.0035941102781733556,0.0008195562321702449,0.006154805991931104,0.013314999303887668,0.003231036831143912,0.00782560563318724,-0.005401569593739781
2020-08-28,0.011793688459552925,0.017719111525658603,0.003951157054556784,0.009436488590640963,0.008725747019866241,0.00885773873250171,0.007685841563123624,0.0028822348405975326,0.0022245854807645044,0.006531899164065516
2020-08-31,-0.015438340282694672,-0.02191783458186437,-0.011900195195759211,-0.01251645470255498,0.003161519631080603,-0.0028928247331194475,-0.008788657077657773,0.003042447802670204,0.002404724516993262,-0.0029272934070729718
2020-09-01,0.02771220319190876,-0.006754761784040693,0.0027895373710175473,0.010101613764239467,0.018921506824643976,0.0010666268738351828,-0.0016567309130549133,-0.011543042476626414,-0.009000206751095629,0.010406007355335334
2020-09-02,0.022445483415759682,-0.004812622722179398,0.014223733732270165,0.016404317455375135,0.00885598622140775,0.01796417848295515,0.022135016715248774,0.030600810351200214,0.01984082618610007,0.013751652746688844
2020-09-03,-0.02801986918857971,-0.007405463098928819,-0.01541858566341712,-0.028435550794908924,-0.05868327404431918,-0.017355120269269067,-0.01689846178114266,-0.011323978543889055,-0.027607101531661366,-0.032252317529681315
2020-09-04,0.0006209129237790519,-0.003149628291566621,0.007541557134339025,0.002314947342938309,-0.014039121925572204,-0.002286103605959946,-0.0035798240210512186,-0.00571044233092578,-0.007164357199706767,-0.011620214716825318
2020-09-08,-0.018955848740896366,-0.03710080701195091,-0.026038195183170947,-0.01893426305217022,-0.04626188426332394,-0.021280544398820034,-0.012771186420112145,-0.005573757746773041,-0.01659864076161175,-0.013201692610014389
2020-09-09,0.025452395114817512,0.006821874380548631,0.010095006103787378,0.015330866756908187,0.032108775895147976,0.014390912223335259,0.010838183955575132,0.013124579721030968,0.01754431944667265,0.018690747343268383
2020-09-10,-0.009449455491227854,-0.037342466737818415,-0.014161510354625567,-0.012846360702239065,-0.022841825521420046,-0.012367023210555704,-0.014196506160141313,-0.01736815888897486,-0.015430641983632002,-0.014430786623427491
2020-09-11,0.012681772979696351,0.0009201433300331001,0.0069036090822294765,0.013490846327172068,-0.0076722512393006285,0.005584118883279336,-0.003369833919811226,0.002378786220598945,0.0039279496453896254,0.0015074309067445028
2020-09-14,0.014342806671663558,0.007634870354434435,0.013665778753404871,0.013438597592487861,0.02076380139763498,0.006475580348551456,0.024177916279949228,0.013651333826372992,0.014239601503907937,0.010555446272195575
2020-09-15,0.004836007004517382,-0.0073284415751455395,-0.013665778753404925,0.0006354757558089854,0.009836119820996529,-0.0013837522854037289,0.01309350393160908,0.006673345801480286,0.0013189949169417484,0.008163144293368075
2020-09-16,0.0007533791483297704,0.039362121418334464,0.011267760775575652,0.01011254866112584,-0.015575225638929876,-0.004473214656235343,0.006482675357830062,-0.0013312172904368347,-0.0016960464204842456,-0.0055921060930067094
2020-09-17,0.00735442245853373,0.0014724709165057374,-0.010458806503960626,0.002010170355105019,-0.008319269875244268,-0.006358122024144428,-0.02232586231261419,-0.008191915988841534,-0.0033055363471838767,-0.014154111393025658
2020-09-18,-0.01734706416124965,-0.011243008403332458,-0.002023785248255303,-0.011233878796854573,-0.017385629769091686,-0.00922103127972058,-0.02002292891030802,-0.017783650158193734,-0.001514869262876595,-0.014009531020103829
2020-09-21,-0.03424299170936268,-0.03370731556188672,-0.025375314730111002,-0.03375846858598096,0.008278845533784402,-0.007657898404562313,-0.02712557410991918,-0.006241160763208606,-0.01864667286436514,-0.014549985110428224
2020-09-22,0.0018965821502848563,-0.010375975536110126,-0.008392818483414579,0.00983648635178244,0.015706557969225154,0.0058716146520074106,0.011834515820535707,0.006224288831086334,-0.0021346245433101173,0.0209095184082255
2020-09-23,-0.029809833627065598,-0.046249082024947076,-0.022587715510402447,-0.018042013054903695,-0.03166382574019521,-0.015145884217229786,-0.02911437838278872,-0.015458698086431263,-0.010348636226373964,-0.01653755500205075
2020-09-24,0.007132546681703603,-0.0003312245452962675,0.0021528272587638293,0.001460295589365459,0.005586992890757817,0.007362538073062132,0.004715701349425212,0.01114032169198617,-0.005017099817781909,-0.0004221828058117766
2020-09-25,0.008844528530666343,-0.0006623111725077412,0.010269507108729687,0.014883541079998298,0.02362235682071874,0.005248457589287917,0.01922004749813934,0.016310877535490844,0.015948549582412083,0.012937459605079079
2020-09-28,0.016040967924146908,0.023252830740688225,0.02356021666584874,0.01788077524667561,0.018952061317202226,0.011199874800667774,0.017157879404418097,0.002551238564261493,0.00898683555134683,0.020698956503611882
2020-09-29,-0.0074327605191801625,-0.027902427425316716,-0.012552403343143744,-0.008900315437884438,-0.003364202875454504,-0.006610205998829173,-0.005116346411807721,-0.00033990684887007147,-0.0012511081364424417,-0.007789126486914008
2020-09-30,0.010107671303306327,-0.0030004830566853283,0.013383718483807941,-0.002594685752795436,0.008346436040171164,0.0120852067368004,0.005116346411807572,0.008965646214886012,0.015862560229265542,0.008129322320370735
2020-10-01,-0.01424308217911102,-0.03119966643214207,0.0016604727346523288,-0.0029925163086236806,0.010484947744339725,0.00560061961022858,0.01631082934981832,0.01005377960134091,-0.003418747234587307,0.012978555631472415
2020-10-02,0.008886153462341494,0.009598916362629965,0.00784978867854391,0.011143040090546981,-0.02568092988409733,-0.005600619610228654,0.016049176660061438,0.011767835491797064,-0.009174535530758062,-0.004239986707251215
2020-10-05,0.018934869969780072,0.029582195920462018,0.016326780900103758,0.015977707742407556,0.021687686673462433,0.006685912312617614,0.0054749108945640595,0.012444694218889088,0.02033709870025093,0.013132193497651027
2020-10-06,-0.012635541182996417,-0.015017941992299128,-0.010173076080651487,-0.012248092927102838,-0.015616226799149297,-0.0065298387917631295,-0.008499045458398424,0.008426624872829502,-0.013353149242461455,-0.018678133352121744
2020-10-07,0.025419675550271126,0.014023514070857786,0.016629874587012983,0.021839639013288958,0.018166675088652686,0.01070515380337749,0.00274961955888621,0.0061133573579192,0.018701031265486646,0.022598300882852397
2020-10-08,0.01005038532669858,0.036782014740263734,0.013583879452859101,0.009873121991591937,0.005166820821939421,0.006614061603065909,0.016610198208531296,0.01811862650574514,0.004853945036717138,0.006542233404522373
2020-10-09,0.0076976165473019225,-0.016108570838139206,0.0011897705153329657,0.003723698991861865,0.015175396669775798,0.0077879391878440535,-0.00270407680320601,-0.00015760754900307508,0.008991781535880523,0.010354071509879752
2020-10-12,-0.0016551464131329928,0.002594936488414911,0.011036736523897112,0.005683414345807155,0.02692647606235565,0.011494561565138452,0.00513164626734564,0.006281616984947428,0.006806039343896446,0.013211598262468873
2020-10-13,-0.008925524697307882,-0.015671209114345504,-0.019394926926018963,-0.011149775261070149,-0.006419437159233599,-0.0007525456005235663,-0.017117238750526592,-0.006911797938105699,-0.007636819550403574,-0.0001928011702097641
2020-10-14,0.0028830545631389998,0.004268649480592229,-0.00963847794025991,0.005590375866056063,-0.005312743825076402,-0.0051295816536591436,-0.011577106274046066,-0.0012618393375097446,-0.0058359512693257915,-0.011129911300108156
2020-10-15,-0.0028830545631389187,0.01205007179570733,0.007637848902799587,0.0035863813934985224,-0.004517625654437942,0.0006049104529437483,0.004701996153466221,-0.0006315172609209562,-0.00727279040467454,0.0037019720958432717
2020-10-16,0.00696544312610059,-0.02292146463105202,0.0008008665265009475,0.007256676368993347,-0.0028854974041438155,0.0003021847271818291,-0.0035935522238667557,0.010682069558111998,0.009870580591109873,-0.009117150694724819
2020-10-19,-0.011686974173602992,-0.021427337118945785,-0.015322881844843025,-0.012454909392994243,-0.018499025984714458,-0.01308190987256274,-0.015910907606345635,-0.00847353729889955,-0.01597163246194889,-0.012376178885212853
2020-10-20,0.0022875900099262594,0.011774979262498842,0.00809392066958483,0.005198233024000945,0.0034422951791895336,-0.0010724592880633575,0.00673010919884118,0.005970247381830666,0.001317226392111743,0.007982479824953304
2020-10-21,-0.003815367349254337,-0.019247553805727576,-0.005253552163313104,-0.010173944039424529,-0.0015098969213735917,0.000919321218866177,-0.003640029817824011,-0.0026663551209916516,-0.004996009508289766,-0.005468703005177497
2020-10-22,0.005489600758187285,0.04042631673265511,0.019659591470343626,0.0081968203911469,-0.004711739037666933,-0.0004598253143530565,-0.007037288335255697,0.014036131308504805,0.01500692588570545,0.002046186624443108
2020-10-23,0.003642762191781882,-0.004923661715728179,0.0031734081415160154,0.003950141649793049,-0.0010970305328464386,0.0018370894970420166,0.006476165480799267,0.0027837107514006878,0.0037165151118181135,0.008731502926990358
2020-10-26,-0.02531776832561548,-0.036526336261028504,-0.022832999611859722,-0.025327231290560432,-0.02193750315245003,-0.012929155071994632,-0.012141715007896344,-0.0003086864961279425,-0.011191944561247629,-0.019404085792341364
2020-10-27,-0.00952449663202098,-0.01305403863309689,-0.01840178625425564,-0.022102442241882212,0.004993092025386519,-0.002637202818589301,-0.012866543235327734,-0.0007726913442940651,-0.006870396372114029,-0.000466346447728638
2020-10-28,-0.028646228194132206,-0.042739938353040824,-0.02592094018576009,-0.03336293153412529,-0.043347729502629745,-0.02963633394901167,-0.022407691218017074,-0.02949718464266242,-0.03224506456696297,-0.03211452904793112
2020-10-29,0.020454313894476966,0.03021375638363123,0.007594986686203006,0.014453684786136194,0.01654261219575651,-0.0003200730138289506,0.01141194823317099,0.002703530965874949,-0.008226816727717913,0.006314197733500396
2020-10-30,-0.0006326922395599305,0.005586735528064489,0.002937862675294685,-0.0011851766815849066,-0.02238883085630295,-0.0035275104196829674,-0.006421332795705952,-0.009413691900911066,-0.0002947658916812885,-0.022067305600716198
2020-11-02,0.032697685410045946,0.033553170149373285,0.01868440861216785,0.026661075895760465,0.002522582455310387,0.01577619475129942,0.0242996610440587,0.021724368347862864,0.017840891661939556,0.007109551555975608
2020-11-03,0.015504410071660446,-0.005740393650704186,0.021970091357346334,0.02909026275460731,0.017481765345136093,0.016308905226484295,0.015596716453156743,0.014328199873684217,0.014485576559970214,0.021776144036879816
2020-11-04,-0.017190769256848103,0.001353629711295327,-0.01173881350378447,-0.010400729444730073,0.03816590744716154,0.0004664899120402182,0.002809428168941704,-0.015112774177267743,0.04342421450204223,0.021046480634097905
2020-11-05,0.04000539348117912,0.0,0.02413645968677613,0.02328172963806416,0.03059108484709405,0.007280663523515989,0.003641114018580992,0.008908411052533875,0.002004409429138177,0.019308038261772856
2020-11-06,0.0025033120674204904,-0.02188115896983152,-0.007981043597712567,0.0009839605846857944,0.003543112508868107,0.004619632383154469,-0.003921585660962088,-0.0021808081719707417,0.00036383454716559435,-0.00300707246137369
2020-11-09,0.022250370358218478,0.13344497394542587,0.07893272579506147,0.033487418796540484,-0.007264240263427641,-0.0023071825338577424,0.026040358373072114,0.01838625516585925,0.009326572145143977,-0.0032780489982551135
2020-11-10,0.011724695578334913,0.03185261212254301,0.005169785270284901,0.017442995983133217,-0.01881742851597554,0.019518951263760746,0.005453819975848242,0.01428799531456851,0.002880181268842252,-0.003553034857149119
2020-11-11,-0.01503801294251173,-0.010307717754958886,-0.004059777486568508,-0.00844755139360367,0.0234460791292736,0.008570624497439672,0.00758614276650796,0.003765825006262568,-0.00125894623615351,0.008727961200084051
2020-11-12,-0.021293140658161906,-0.03279991089639399,-0.016782000646554333,-0.011494999048525769,-0.0089462783852528,-0.002698505548889083,-0.010309240603901102,-0.01621852044898791,-0.003696294288872305,-0.01348485289991758
2020-11-13,0.017099771127975248,0.03575585061374641,0.0164119276183961,0.021926815688126332,0.008451236640392667,0.01371730545196577,0.0226483422073466,0.009883779895192289,0.012565292041688127,0.01609514813817341
2020-11-16,0.019515566628965485,0.06374503126125557,0.021954901974538817,0.02407817872227293,0.009607238415683452,0.00913892699033178,0.006378080185196159,0.010086504882510583,-0.0016960086807810647,0.01301363502671759
2020-11-17,-0.0037015576623013646,0.010194136379291377,-0.001448702905667281,-0.002621471837676253,-0.005572357901594562,-0.007068040403267426,0.0005296800587587508,-0.019817742037092217,-0.006543317835767956,-0.004254460978831346
2020-11-18,-0.008307322072300685,-0.029487613171396095,-0.009468304848884366,-0.00446101132077838,-0.01074038806235858,-0.013838566921197153,-0.01708986784616417,-0.019750554408151988,-0.018790718127508474,-0.006870922695739369
2020-11-19,0.0041620742434160946,0.016242468883186995,0.0032875272262338877,0.002518909283465889,0.008024987195215034,0.002693454433647847,0.001614573934963152,-0.010023582492613094,-0.0007331486418486157,0.0049308986531381455
2020-11-20,-0.0008594548202114713,-0.005291852451206498,-0.008791051736390512,-0.009074783040819148,-0.010353325975019112,-0.006295761920193554,-0.006744771748777745,0.00015734151939304853,-0.0022949525346084073,-0.005256548442234984
2020-11-23,0.008279560737209002,0.06826675949689544,0.01858988674473137,0.016593663759480518,-0.0002497938120207625,0.0003006607894092265,-0.0032539157127626766,0.0001576007098417229,-0.0025769805987516372,0.010936058522043962
2020-11-24,0.02457499630243001,0.050105586260455436,0.03443117387186822,0.01732709110507912,0.013811438695741115,0.006741902081040354,-0.0005436003046859561,0.010643262029384877,0.0029443495148519247,0.014757666332986348
2020-11-25,-0.010458168162127841,-0.023595385704909343,-0.003495536526675541,-0.007613955968869838,0.002133370757942145,-0.0005974356831507362,0.002442848344988251,0.0026432794224485615,-0.0036820815849103474,0.0012041141443775926
2020-11-27,0.005173183024329024,-0.011752865364776974,-0.003156021257705119,-0.0016873698471797836,0.005313242652246953,-0.00014936526710528225,-0.001899248040302358,-0.009987533061970333,0.009179602825545785,0.002151139727403625
2020-11-30,-0.010091565179131743,-0.05684069311223725,-0.020941480071875553,-0.008934182333445378,0.006662933634868387,-0.00014938758042119983,-0.00872878894586661,-0.0145342591051196,0.002737506436669001,-0.0060859974887791535
2020-12-01,0.010927777140463191,0.004613456184623761,0.015305568504135012,-0.0025023867028792853,0.012714314783720232,0.008779106840176569,0.012524120575026642,0.006977419906188959,0.008348487410153715,0.007412411585929705
2020-12-02,-0.012901719270804527,0.03197744982787704,0.01089072065217796,0.0013658687507087344,-0.0015204386251134118,-0.008330813329025806,-0.01060817484617559,0.006615324821721485,0.007472272295508212,-0.0062684114765682595
2020-12-03,-0.006939916489950154,0.010435658506199274,0.00034914991600976504,0.0026120534614891685,-0.0006407862673506227,0.0025364750993312622,0.007355835841970663,-0.010415160211643138,-0.0012563109771312185,0.002790857652013887
2020-12-04,0.019980659935718178,0.053069811377381704,0.012151036563235195,0.011839974539138638,0.009967037287988912,0.007718151593389084,0.01321302983150411,-0.010043840539037079,0.010630149735941482,0.0009496145718915878
2020-12-07,-0.006569435038783431,-0.023659451548159086,-0.0069253702302984246,-0.004832035841505024,0.002852068754516988,-0.003851465881102553,-0.009960690827299296,0.005592360891876997,-0.00614988316624067,-0.002280652451709157
2020-12-08,0.0055941989024884155,0.01475910692873752,-0.00034740286041319926,0.004832035841505086,0.0032384383523524165,0.005476883041642708,-0.004610373794011293,-0.003032002748369354,0.0075705166042155676,-0.002095303900856617
2020-12-09,0.0005572756847258472,0.002232698367605163,-0.0024359373954174297,0.0022392796864546885,-0.01934855422675904,-0.003994000222381977,-0.009284503335666239,-0.001759717848649181,-0.003466271382667312,-0.0009536796861247778
2020-12-10,-0.006151474587214292,0.030260897314636756,0.001740403931995254,-0.00955216226499594,0.001446211122019467,-0.0044561810861295775,-0.005502147518160895,-0.005136269711444092,-0.0016932112926702225,-0.0008909223644764019
2020-12-11,-0.005765560311747085,-0.011605359271570347,-0.010138096737003542,0.0023682780928151407,-0.002089714754376766,0.0022307365574201175,0.0005517186543706685,0.001608096697111484,-0.003932143603234231,-0.0047870756751608986
2020-12-14,-0.012775626598025438,-0.035647343339409124,-0.011663067674569509,-0.013039267199664192,0.0036139981970146153,-0.003869760945220754,-0.007194469418433095,-0.005154761649429859,-0.007550014114737335,0.0014701537031374197
2020-12-15,0.017980471628119974,0.019466193662970352,0.016919792269240612,0.013827635180648726,0.016535820961171645,0.002383046909157297,0.01734394527389818,0.01951129167172093,0.010768493296836119,0.01338987563604641
2020-12-16,-0.002809858195593277,-0.004955264769042214,0.001746240917164166,-0.006209906867123919,0.00675780437496544,0.001932277926279486,0.0002727413159741787,-0.01162899730281703,-0.002949857941838177,0.006534877347152379
2020-12-17,0.011471668423243491,-0.004730642177542491,0.002787219556131068,0.006097320915192536,0.007878646383704765,0.006364304972642952,0.011664574081495165,0.006707089900709329,0.010684704157897533,0.006802270327395818
2020-12-18,0.00444159896650477,-0.016861707371041222,-0.008736627172396285,0.00011258595193148606,-0.003502574550685599,0.0022104226484738533,-0.017410916151027,-0.008631724027796666,0.0007970219464266592,-0.00486312297025934
2020-12-21,-0.005317036571015019,-0.019478592582205294,0.013390029231357986,-0.006053805574538158,0.0009998263515318517,-0.01083532349128638,-0.009047442578929345,-0.012183757234472178,-0.010056131126890395,-0.011360870379948134
2020-12-22,-0.006175594830851176,-0.016927209849042762,-0.009796985702161145,-0.004673478875718049,0.008629156963420837,-0.007077893995559208,0.006988224609861168,-0.001968460298140485,-0.003056410314525574,-0.004315832873415699
2020-12-23,0.0014067400674621353,0.021897559761591,0.016390981676222643,0.005241793515172905,-0.007614654991287065,0.0033192465809726932,-0.009515725215613552,-0.0019723427778491395,0.0007197766747784297,0.0021599416446583283
2020-12-24,0.0063067240699842715,-0.005232953063123442,0.0013825952447514321,0.00011356786893750522,0.006607729549312122,0.004958499938899796,0.009794387753668586,0.007049781157928119,0.0028750536740564047,0.00209257861180189
2020-12-28,-0.003919097794284918,-0.006315355050527531,0.004824228726629512,0.0012491459354313748,0.011249226651153367,0.007912151006134575,0.008043225481659137,0.004401372098685941,0.0025085285870544275,0.01133656550630319
2020-12-29,-0.002387626275699449,-0.006621884185224661,-0.003443542412514065,-0.006033342612425039,-0.004761731771148223,-0.002978247020115979,-0.00776502006546099,-0.00016277930157055897,0.004731577512522643,0.00031295554472772816
2020-12-30,0.013683573340177788,0.015557442132164253,0.004474469339363446,0.006373824809915488,-0.0005389128898037246,-0.0010448186323284508,0.005552507808584658,0.005030402270103915,-0.00017797406873156573,0.005992307823975606
2020-12-31,0.0038756298690560188,-0.008407645263737499,0.012286589501421159,0.0046411157347991915,0.0014624811336971402,0.0069926636284868395,0.012108216228548933,0.01478176391317006,0.01045644955571586,0.0005599082110733419
2021-01-04,-0.009577775498425457,0.0015814570117066414,-0.01366139505263905,-0.024463960668335907,-0.016439504659500188,-0.01088174898217681,-0.032808270659136184,-0.025522320453466946,-0.004328991414416587,-0.008494919868303119
2021-01-05,0.022206479309406255,0.04381014771704109,0.004460509184263411,0.009788673249068283,0.006468335544261879,0.0,-0.0011311878979847936,-0.00016351858058389859,0.007233686609062753,0.00743693102098573
2021-01-06,0.040107003620210135,0.030052936747449292,0.04321553331144834,0.02355713725294934,-0.017395780472115315,0.000749046374104193,-0.004822165977919349,0.02456873563401057,0.013618631451743607,0.01015938292230258
2021-01-07,0.007442090646607155,0.01457442040235221,0.01432322864580941,0.005469667081054876,0.02659752147524314,-0.0030000835516018304,0.003123045678239923,-0.013179213314148347,0.012922489453823363,0.019107072304016953
2021-01-08,-0.004824643056491981,-0.0012068840403224618,-0.000646664380924927,-0.002452021844224536,0.006444627416738744,0.004945126236856099,0.010713378696011935,0.008377739457888514,0.004781865266814069,0.020409840909367576
2021-01-11,0.0,0.015571387189672664,0.00322894610232678,-0.00033489579942272207,-0.008293673924930911,-0.008556620067043627,-0.016968735631301343,-0.009349014514761748,0.004674332103687135,-0.018838779349551703
2021-01-12,0.012598459388935834,0.03434523460022585,0.010263023922820268,0.009886307537215538,-0.004792588503595634,-0.00332225363210463,0.0008552519686434082,-0.005358285958198635,-0.010912625083399005,0.015158731873312474
2021-01-13,-0.010248180500998556,-0.007839784465259236,-0.0006382747917189194,-0.008658904199605539,0.006333759081459331,0.001511471679826836,0.013586373758361518,0.019349198466380998,0.0027394472175196883,-5.934763884514987e-05
2021-01-14,-0.003396524542476635,0.02919906586278959,0.004459989808217713,0.003450044721751475,-0.008816184121261686,-0.005300308938296536,0.0061658810500948005,-0.0038401333221941988,-0.0031679444144242282,-0.006383495597291982
2021-01-15,-0.01436395260529755,-0.03967030696034756,-0.01666702066072091,-0.013085200684900726,-0.010306167115921732,-0.0034985051801117925,0.015250615642568792,0.009731310376024625,0.0030824657043345386,-0.007750203518376299
2021-01-19,0.0034451317171345914,0.01991736902092249,0.0025822817214018463,0.003259516262760609,0.012943673908118913,-0.004428309274730186,-0.006626375310402091,-0.003817248661014541,0.007495069982171486,0.005653474507406609
2021-01-20,0.003301406740694404,0.0036617999003856435,-0.004199625928284409,0.006152311169608874,0.0196385140539192,0.0018346698926825383,0.0205629771914408,0.0058789367718468585,0.005500483124170044,0.018715556347623556
2021-01-21,-0.014742391675016904,-0.03439787568210446,-0.010740610033069423,-0.007836947733499355,0.01283124461104043,-0.0033664163345287147,-0.003261784115925791,-0.0058789367718469175,-0.004736896530372561,0.004638981979543896
2021-01-22,-0.004828153546351921,-0.005215502276612401,-0.007224921304327033,-0.00518390564032646,-0.0038320619137199993,-0.002608962323025341,0.002447273270485465,0.001433078493705685,-0.002972180591402844,-0.0034038506700121564
2021-01-25,-0.00525727404695649,-0.010273807556675224,-0.007277431509595774,-0.00680160974934935,0.00832221483498096,0.009939441864054826,0.008922725938832688,0.01985270341731687,0.006526797168262105,0.003696919546605577
2021-01-26,-0.013881508155876607,-0.021605391021090683,-0.008000295169854118,-0.00925670840489948,0.0006715562631530757,0.008937448924887365,0.010176657477221743,-0.010034655784187847,-0.003724330292323237,-0.0006447156738651176
2021-01-27,-0.02990686576475987,-0.01358904962291811,-0.029893386703867385,-0.02006211527575856,-0.019056993279730695,-0.017034481104024283,-0.012872118081110204,-0.02731596702783276,-0.030829986816197728,-0.0313139104062582
2021-01-28,0.01707995599414454,0.011623900300931965,0.018449245429146926,0.014766904832662901,0.004097980133116513,0.0038275691586959755,0.0026954606038886507,0.01191274558083011,0.014499807067432922,0.0031396536191802453
2021-01-29,-0.01962492984739816,-0.03375735169306029,-0.0201748777453325,-0.021820053921378223,-0.02383510717478791,-0.02084553553675532,-0.010553555209875828,-0.005455590923274047,-0.00848333624985162,-0.023606432145487414
2021-02-01,0.011681323377072289,0.007095928909471841,0.013040541387036747,0.010327394763158403,0.02474377380099577,0.0009358859495914533,0.0223277905544859,0.004815274085639764,0.003817793592650588,0.025654267726070348
2021-02-02,0.013066613583801191,0.010799982793272985,0.02391908985406631,0.021026622091910856,0.013453034572319162,0.00668084866631449,0.004247410786272691,0.008133309730113295,0.002853774491833487,0.021014535500221664
2021-02-03,0.0019313718716332331,0.04183067426270104,0.005643161500757932,0.0006856397077280148,-0.003439997205144644,0.0015469824275828878,-0.003981577035586787,-0.003181723566024044,-0.0071064271025343346,-0.005612259964739122
2021-02-04,-0.003589991605986165,0.010960482918013064,0.021935579480967998,0.01068228893206361,0.01583028326168094,0.007240355560395871,0.005569911791929094,0.007777209062323991,0.004165840442569982,0.010607151393802212
2021-02-05,0.01700752837763701,0.008494749501864999,0.0003239048140702551,0.005860349662480136,-0.0022143356823547218,0.00931943046117255,0.003432093032411359,0.005361177271754285,0.0018173140339899703,0.009509083475415413
2021-02-08,0.008261969710701133,0.04097200831720713,0.01286583094735071,0.008504051492051433,0.01043865345654156,0.0037948532450467324,0.002106488566904171,-0.007735464383327893,0.0012096149505589075,0.005673945068161967
2021-02-09,-0.007446128773984942,-0.010656227479842037,0.0003197281049304662,0.0025594539395987874,-0.0011707029895969198,-0.0009097680341231021,0.004461140616211732,0.0014252769451937508,0.0014669662321348134,-0.0055576883280510575
2021-02-10,-0.0010875520680095527,0.01896613071270668,0.0,-0.001557372018079332,-0.0014652213402291607,-0.0010620558260969722,0.006785205780229294,0.003948469216457705,0.0018091729046678083,-0.009918352454336333
2021-02-11,0.0009514714082027978,-0.015552719354348047,-0.003199947722592078,-0.0021169104705214166,0.010938452480850399,-0.0044116012725860096,-0.0018220023712257707,-0.005690829227024273,0.001891517828578934,-0.002759736465982328
2021-02-12,0.010275935526065602,0.014657650909664545,0.010204181056560074,0.0072242683294441255,0.005136267336403277,0.0015236456734809389,-0.00026084485106901543,-0.007318941284480751,0.007445878609829345,0.0014103059586691798
2021-02-16,-0.0018851655090927155,0.0247638608121686,0.016986891913387876,-0.0009972490919183722,-0.0032522967488726067,-0.0018286402420453238,-0.01074317389236462,-0.011241437054425606,-0.009940185746585041,-0.0043545029262157964
2021-02-17,-0.0005391579715656326,0.014741334507028964,0.004978170914639484,-0.002775161834103924,-0.008870731454945789,0.0036536767574555907,0.0007902987860239835,0.0008071434908019581,0.0036103719228015663,0.005762262777540512
2021-02-18,-0.00622170264682977,-0.022854747918088395,-0.0059145145266157675,-0.005014689846968155,-0.0049055645055536175,-0.0006080420124648713,-0.0005268163989075298,0.0059528573445125285,-0.006283721751427528,0.0002931817443609577
2021-02-19,0.01815144241366238,0.01659431510246853,0.011794124166736161,0.016289223605479897,-0.001468655980782894,-0.01269988072855536,0.003155610127403159,-0.015030554904303836,-0.012162355822857036,-0.005819687103179192
2021-02-22,0.0038566708910798483,0.03406045417655681,0.009213858822075191,0.0031823396641193,-0.02229780428156468,0.0009234396268251312,0.0057591236835405415,-0.019734159375403897,-0.0023628920141134883,-0.021331977295401035
2021-02-23,0.0034451317171345914,0.016399062122532476,0.006095744006433831,0.003063363186539809,-0.0027849152974651907,0.0013836969401155488,0.003647804916598976,0.008269730095554095,-0.0016658944707530527,-0.006585978107415414
2021-02-24,0.008692629159294061,0.0348001466948873,0.019260196531649787,0.01872017052306961,0.015184320270980186,-0.000614568189398107,0.004670398987106208,-0.011763857095745428,0.0069089628579198535,0.01043338440774962
2021-02-25,-0.02334971587328031,-0.019476581798989638,-0.018349069444103437,-0.018611018603605967,-0.03558994741824643,-0.01097512270495861,-0.016442906835201308,-0.009040654372861535,-0.010073252300501549,-0.0379066381534169
2021-02-26,-0.012833730319356002,-0.024008612123701204,-0.01931084946483314,-0.010429924955813652,0.005293549498119515,-0.01629594126230493,-0.017520913856350087,-0.018672990012724072,-0.008664929524846189,0.004166446278410331
2021-03-01,0.024974617786778758,0.025629100407277863,0.030780884195658484,0.02528209288501155,0.03170581883440318,0.010059627228436098,0.0010703883779134915,0.021863405691313627,0.01296958243308242,0.023185501889044294
2021-03-02,0.005553983470850414,-0.005480566680479241,-0.0036076780540912137,-0.0029098584508117573,-0.015990773266216167,-0.0017216346759970028,-0.006171875556449926,-0.003022359868017997,-0.0028969360761872676,-0.011586966824083318
2021-03-03,-0.009939732155064891,0.014548961443826372,0.00780083453853706,0.0010789008338958595,-0.025480170345630205,-0.004711220862381924,-0.012459525946089999,-0.011840184240793805,-0.012740257474687332,-0.023773007125909615
2021-03-04,-0.019637454824495304,0.02359103317697799,-0.011422080567804756,-0.016084057672536546,-0.022346195001622073,-0.00362677169005719,-0.00738647051077849,-0.0008512630659769534,-0.01353616683651214,-0.02139577950622672
2021-03-05,0.02269613365952859,0.03673844502464585,0.0188655682558417,0.0233879476192733,0.018708088092576472,0.021875712662045254,0.011466289786910869,0.016216509500846073,0.019837935138554023,0.0063331680306703015
2021-03-08,0.013321989812437042,0.0018869085157860802,0.01267532241212554,0.010433284771069735,-0.02449295142733324,0.004318593851703735,0.004874379315484425,0.013976917270638408,-0.002480379037123863,0.0012108833679190098
2021-03-09,0.00613916846490251,-0.01768619847432913,-0.009121694541253353,-0.004138934362624352,0.0334484515261624,-0.0009237912657144486,0.011281065057596075,0.01313214005938126,0.005837110937831943,0.037072458788309046
2021-03-10,0.016403611158591656,0.02501062329984605,0.02019078748601548,0.01467397213653524,-0.004004607102003031,0.013007861070241837,0.009834243184102,0.006826066308142605,0.0022901786574909947,0.005081041159120245
2021-03-11,0.005366049193738433,0.0003741870998229099,-0.002901086409126808,0.0007336249963637921,0.021149922551958657,-0.0024356719224711745,0.014702080773461992,-0.0025949149815822524,0.006052284511558246,0.015209986420052814
2021-03-12,0.0026718886649965273,0.002055443419344382,0.01011737372761415,0.013315309199620477,-0.007203281179175344,0.008196867358322417,0.017054691679251686,0.013388537692903161,0.0021840000046617685,0.0029426023964633057
2021-03-15,0.001143542665027996,-0.011452296629227575,-0.0057689545988034085,0.008335638112773772,0.010597420768290828,0.004374598499957888,0.0112103180386589,0.012736829204211663,0.006869981523848212,0.013342107617226675
2021-03-16,-0.008285227271428816,-0.02892626039848894,-0.010468160864231801,-0.014346980940246059,0.007501420928624294,0.001203264614516013,0.0,0.0012649824036959716,-0.0006070417240032832,-0.010408233896325881
2021-03-17,0.00891970167923363,0.007744318781706531,0.0067006084354429615,0.011473446189971499,-0.0008227173044233218,-0.001504685857130313,-0.0015211949449666063,-0.01640845232750003,-0.003648637115073827,0.013952254103568916
2021-03-18,-0.005597282459206639,-0.04597826410028868,0.005212793403557645,-0.0009255563881373501,-0.028141026807314243,-0.004073177257343355,-0.006364073646768195,-0.003700973267889052,-0.002090721410272732,-0.024772273034205664
2021-03-19,-0.004987560407405118,0.00020201489556272392,-0.011620960242533708,-0.007641243988434167,-0.00300438962990825,0.003470721123575737,-0.013367523045411875,0.002736937420750209,0.0035690809561895152,0.005965378123983617
2021-03-22,0.0006178255612330114,-0.009636100398089919,-0.012969508693555159,-0.0005617739530021469,0.01947218817018939,0.010501696830903249,0.010969889580511108,-0.0014426489546685059,0.008665359610457547,0.0065616888232603275
2021-03-23,-0.021064475988911736,-0.014735060646016436,-0.014074247679345786,-0.017632592963309372,-0.006237644258549212,0.004187916862322986,0.003097750748059825,0.014812586179231091,-0.010166468006863291,-0.009429970518572724
2021-03-24,0.007201153103253278,0.024779093591558842,0.003612496055190277,0.0072793846700468364,-0.01220670925369612,-0.0038881603527392986,-0.004391249833638049,0.00031978125446899773,-0.0011357892061093764,-0.014895315675999865
2021-03-25,0.014377795766965023,0.003664576672803333,0.016686568883154812,0.015852188040048322,-0.0006182648867519824,0.009691910583059115,0.008506289840347509,0.01064772143262168,0.0041881009065009986,0.008721029598347948
2021-03-26,0.024516929016856617,0.024489305126271815,0.015540590100860422,0.017131198916413164,0.025111051058456475,0.01750457404222295,0.02409153594039049,0.0033140417296237752,0.018717920426934383,0.008284041019527073
2021-03-29,-0.0033941305123690343,-0.011968971743118841,-0.008766579805736039,0.00020322504907851105,-0.0052144378027229685,0.010011110278823232,-0.002257606694923285,0.010656820841307047,0.004689003489547981,-0.005494917940739006
2021-03-30,-0.002899870685651246,-0.008666858408740727,0.0070194862140691055,0.004363255034562006,-0.009516259510589296,-0.010740393341510448,-0.004278412701101751,-0.009082484444945792,-0.009056810717493619,0.00976173002250421
2021-03-31,-0.004937096059302797,-0.006906417897932906,-0.00760663797007035,-0.0032452094968003675,0.01578534590177768,-0.003215624882889402,-0.0040436255808997575,0.007366264110628295,0.001972039492082033,0.007764705237925475
2021-04-01,0.008718100058569477,0.02515997800174083,0.01225915054311516,0.0033464892604775647,0.019904439728105728,-0.004842620765180443,0.0158277319702016,-0.0009373568148668564,-0.0030025373317238598,0.008000121024758746
2021-04-05,0.012253251927547677,-0.024141169795690545,0.00780259392968389,0.012274941320490972,0.02045687311422029,0.012716682691665954,0.005220576753433272,0.01088156012351706,0.0069352699255211285,0.02247039820563156
2021-04-06,0.0022342452381842884,-0.0026509134724691467,-0.002017318508891908,-0.002402917234058341,-0.004276184838968803,0.004203314793954977,0.0024762619846462395,0.005242647361692978,-0.003847027550413839,0.004319057460064095
2021-04-07,-0.017385235480279048,0.0034648585167519263,0.0048915977163277845,-0.0046218001884746375,0.005288067933482705,-0.0024618622464851144,0.0012359464669525798,-0.001230924719576226,-0.002229373123673132,-0.0029924901911435914
2021-04-08,0.0012609873750046151,-0.013106702543827693,0.00028684269257978106,0.0024143661849987436,0.014345442748301672,0.0010144013117079772,-0.004952866077712008,-0.0007703888977443155,0.0015439522754490263,0.004715195215957137
2021-04-09,0.00865695302142016,-0.00661862461657476,0.00857156471629506,0.009697407882274207,0.009567902755312005,-0.0017395591047433489,0.0014884930271997529,-0.0010791178078975545,0.010911384467054634,0.00947728099044182
2021-04-12,0.0034918108346059925,-0.007916514586969224,0.004258298554691035,0.0036744312636556586,-0.004808125132891525,0.005354196417031151,0.005931803575506978,0.0009250098449737166,0.0010168754396008548,0.006400804501426137
2021-04-13,-0.0023679926182675545,0.001045239262943378,-0.00939254668133059,-0.004869276824474929,0.00938233520446928,-0.005354196417031238,0.005897045091609579,0.011798108150228371,0.004141449901996554,0.010502946123106486
2021-04-14,0.007211177725849533,0.02741016547108076,0.005987596333108744,0.0012944539998007865,-0.010658748244993388,-0.0008709472396464291,-0.006143414552799938,0.0044078659422418474,-8.425706304812685e-05,-0.009881936095809583
2021-04-15,0.011700208112848439,-0.0081647224271475,-0.0008533482064691823,0.003971328310135323,0.01702820218424388,0.00795542174186401,0.018801358793589965,0.011009731552637259,0.016978710189873885,0.007140878288768457
2021-04-16,0.012049271085068458,-0.008025571008528692,0.00708728031913801,0.002177445216421854,-0.00020917004422758959,0.005746419622252825,0.0014507891651155173,0.00806706333032965,0.0074360239183246515,0.007701840078147958
2021-04-19,-0.00460784716184713,-0.0010339510256474416,-0.002828981764447012,-0.004161383186071046,-0.008338849875528263,-0.0038753292431036664,0.003135037058245339,-0.005071582836230989,0.00024685870384472347,-0.011294141614055586
2021-04-20,-0.009647734280545443,-0.02683028583986972,-0.018873910129352897,-0.011081723006498173,-0.008906203168235313,0.005449419771823736,0.011015394537602556,0.012631217926494529,0.0038606706214907895,-0.012674758433063298
2021-04-21,0.017998946904877276,0.012666552974787236,0.013761890066640636,0.013560929144370178,0.010031123502815828,0.00499333247869053,0.004514783634530308,-0.00845269499989669,0.01173608360452257,0.013237012947273691
2021-04-22,-0.017017832400114122,-0.011817054328648052,-0.011166955788176924,-0.005063986195646137,-0.011807490277405715,-0.007427386594737065,-0.004276744790652171,-0.007174003420696592,-0.004466251564113372,-0.011132645795794479
2021-04-23,0.016294455297245523,0.009086146391090387,0.018542754096451397,0.010890301059705029,0.014825138670988863,-0.0025838365490491112,0.005698129447296011,-0.0013508158347311588,0.006570577571967559,0.010401939253887856
2021-04-26,0.005892693585841256,0.006708719792883154,0.003949615289206961,-0.002958391430532507,0.005102884636143853,-0.011275158703089887,0.0021282960223004133,-0.00572390076952989,-0.003401546746055511,0.004376785554797705
2021-04-27,-0.002641508143957078,0.012045752186603689,0.007851691710251034,0.008261330639109249,-0.002443037292449392,-0.000727182560427173,0.0,-0.0077336148284273525,-0.005776860796217952,-0.0011766740358538704
2021-04-28,0.0027611630246597084,0.03389469505622098,0.0039025583093769602,-0.002059084492150197,-0.009338961934500178,0.0007271825604272031,-0.0035496806789443816,-0.0013709141397390463,-0.0030236892934600718,-0.0011779710374359724
2021-04-29,0.0062149603513824885,0.01111350354262946,0.017651293773918615,0.007041690306369762,-0.0008471709563216719,0.01055588176310819,0.007322522697041435,0.009104528968166345,-0.00401849796026458,0.00028046780072407505
2021-04-30,-0.01066058492196789,-0.025585962059725263,-0.008786643980048702,-0.006649114405172907,-0.013720890846100528,0.0008630577584736735,0.006568046635833364,0.00782454481902524,-0.0029626888853398078,0.0038642205342122714
2021-05-03,0.014821874592928143,0.027163583713921614,0.004951698041901205,0.010248640795617853,-0.0027952949233513813,0.008158296045242274,-0.005392092116723526,-0.00014994729410669293,0.011309742302351178,-0.004761905280763833
2021-05-04,0.010856915658009893,0.0005908201727514642,0.007927003338282525,0.004360130524575947,-0.018108660886100237,-0.005144786745574131,-0.00613058848829308,-0.003754605387356086,0.0010585685986273714,-0.010500349563565116
2021-05-05,0.012596524042240854,0.03178569206901468,0.008134220032254514,0.0009663504348529483,-0.0024150396346459798,-0.0007169463495804225,-0.01477261161152615,-0.016995937428435564,0.0017895469114963317,-0.003126218184345601
2021-05-06,0.008425348421778804,0.005137507595511102,0.014743699013229973,0.006930371346084306,0.00998836163099697,0.01282254550259151,0.00478897723521111,0.0076232214743956256,0.001299193392959006,0.0021609149732546105
2021-05-07,0.009835399604229121,0.017682994813394876,0.005308104011389806,0.010496377368618453,0.008523496342715394,0.0,0.01210991904991021,0.0030331850209654137,0.006874741779103231,0.008935260167325931
2021-05-10,-0.004448311826355579,0.0003727973969775607,-0.0007945980099517672,0.0009487470708850949,-0.025570593014670913,0.0076154517240471,0.004474277550812649,0.010094136320430547,0.0012885574024940514,-0.017951079567423152
2021-05-11,0.003309421849240206,-0.026059024205503146,-0.017907350038710846,-0.014904345995558973,-0.003029932056053758,-0.008748320807657212,-0.011817509590031047,-0.012368313753004533,-0.010844994040754976,-0.011355883537720232
2021-05-12,-0.02550185303936382,0.004771538530030114,-0.010301284076862337,-0.024259578693224,-0.028528464656816254,-0.013411822736555086,-0.024549891848501593,-0.023649651011373077,-0.009484036071820225,-0.03444369206308488
2021-05-13,0.015194797148972945,-0.012260607315204376,0.015948450504247067,0.018564305641868162,0.01316436863729855,0.013978448518699955,0.01259084044904703,0.01908619531231935,0.008995602044366538,0.0070557021888022296
2021-05-14,0.011901100574255977,0.03056147195385298,0.015698195020053495,0.013748306653266033,0.02178268534130178,0.004381402623585926,0.009340175024940254,0.0048671939183944106,0.005035081199943999,0.017190324312008856
2021-05-17,0.008720497497492076,0.022917070740595378,0.0018463611468589802,-0.0030599325151375767,-0.007381517486425857,-0.0014114278114822608,0.0004765820590534024,-0.008226832354093168,-0.001864952313332889,-0.0018173222586746036
2021-05-18,-0.011112326182736491,-0.02347812097059417,-0.014064430824073994,-0.014665251942795283,-0.008033396334323385,-0.003111863136368692,0.0019041671619245532,-0.00015318006774832336,0.0003246857298482143,-0.007834191988410979
2021-05-19,-0.015397305261240004,-0.025193188789839664,-0.00616530727772222,-0.005653000157158623,0.003504032201804327,-0.0032633107975940595,-0.0038120744916507986,-0.0016842175375018557,-0.0017051893819018742,-0.008433006021994779
2021-05-20,0.000578806827189217,-0.0015358263678893857,0.0005371437363412376,0.0022456206087067766,0.01894570554246486,0.0091957338522036,0.01233714126200164,0.008697557834068788,0.010428898452378637,0.010205413333920903
2021-05-21,0.0021963572465025106,0.0021110106968732457,0.009894715808430694,0.004864355288217542,-0.005491561787503716,0.00014104913373742573,-0.0016520731665443762,0.00515254893688598,0.0001608604782208654,-0.0050302851287655345
2021-05-24,0.008852218352497245,0.009920062480340854,0.004778515646517981,0.006191842001288836,0.017613071556332113,0.002952680554999292,0.010806218009752677,-0.0018154375983782272,0.000964420561950714,0.009859420657940418
2021-05-25,-0.008505778596511013,-0.020520497437175947,-0.01011483470952082,-0.0029943462762090224,0.0002887378590781895,0.0002804132580489465,0.0027995532242512753,-0.012188062914126918,-0.0029767389577108456,0.003167149702482714
2021-05-26,0.0003462225130482093,0.008873624078212452,0.0029386930743467367,0.0031870661276132404,-7.237675017257136e-05,-0.0021077419529774285,0.0023273200578185285,0.00015339374155030235,-0.005818269377912232,0.009500153539633325
2021-05-27,0.00793069451630972,0.0007678690162851584,0.01140424799850142,0.01360063274119746,-0.0052793100917696316,-0.0062076293831023616,-0.0011631400228768927,-0.006766133794677397,-0.002190473948266779,0.003994682204326519
2021-05-28,-0.0010310086960842522,0.0019170529424743432,0.0018445254196372586,0.0,0.0035465363528801156,0.0021206684710531956,0.006726437723503936,0.005385764459032991,0.0038910358004885298,-0.0013874376110083056
2021-06-01,0.013884452263099627,0.0377759359493625,0.006036195194282169,0.0038927546420172397,-0.004925030614739053,-0.003394960290149078,0.016961054563751084,-0.006157630680897858,-0.016560270372189663,-0.0019113819893887853
2021-06-02,-0.008398622318817143,0.01845634601448592,0.0015683925714632247,-0.0028467828743167435,0.006874347297833147,0.0036777124300465445,0.013768592165060585,0.005236324752955455,-0.0019760101903397295,-0.004647979087698524
2021-06-03,-0.00022789633812921118,0.002712346549904122,0.0023482031916319344,-0.002188152714284923,-0.009346450112817291,0.006192651692911643,-0.0020198135894936927,0.00597310063491555,0.003044771924610989,-0.011951687328260137
2021-06-04,0.0021636881773793833,0.006658877167139196,0.0026029282781737527,0.0032327970796795094,0.019034515467849112,0.0035014912465484442,0.0008981537545542063,-0.0015281454235360774,0.003199313277177744,0.007983425024634346
2021-06-07,-0.012246388963361405,-0.004314289394802128,-0.0065195240412687675,-0.006954117473113007,-0.00021445496760006205,-0.0016790053790832645,0.009381129326322379,0.0018335351477660232,0.0035975544465463942,0.0
2021-06-08,0.001840743209294558,0.00860988168215086,-0.0026199758921098292,0.0025778333776247777,7.145235520932142e-05,-0.008439049922614978,0.005321821923569389,-0.008585407192715132,-0.0031061606832906772,0.008036435608170288
2021-06-09,-0.007846814046566283,-0.006270860633161806,-0.009488851085137003,-0.010254677543304265,0.0007141297415015286,-0.004813627222188328,0.0011051984374276804,0.008890432650406462,0.00961385244630963,-0.005525357496320316
2021-06-10,-0.006042263561104208,-0.0012586405250493242,-0.011720797306548356,-0.004924947023291955,0.0073253694402044605,0.006225070029182857,0.010109838726911702,0.0065407257289879775,0.016963985519359473,0.004713138012254965
2021-06-11,0.003722800242308313,-0.0034249682962767284,0.006410095579090842,0.0020310869559435948,0.005933838905633717,0.0005642160660308573,-0.0063616704426767345,0.0022714302910291128,-0.007120291071345251,0.005441830560113732
2021-06-14,-0.012384995862209114,-0.004343176264466271,-0.010437777709968536,-0.004550989020844658,0.010092114216104871,-0.0005642160660308201,0.005705368933367403,0.0021152271882309373,0.0008827561516563588,0.0002884224285678646
2021-06-15,-0.0021183854096004547,0.018863359488428343,0.0018817082499925592,0.004261006621818214,-0.006155211163194387,-0.002400614845820987,-0.009232842742569376,0.0030142419244850453,0.0003206704779540702,-0.005324060784089642
2021-06-16,-0.01113622752754243,-0.005353390943134755,-0.0010748282478254894,-0.009515601931069801,-0.005416953239153498,-0.013378998402482177,-0.009095971281520936,-0.015163099694252953,-0.003856579992886537,0.00046400455378104295
2021-06-17,-0.022529738434332834,-0.03458653689455565,-0.030015981168646264,-0.015534514769471945,0.01150219001813949,0.003575737143627211,0.003781519276788196,0.0054851940373452585,0.007618608897920769,0.0037628919294657864
2021-06-18,-0.0163383767348224,-0.03008321244995052,-0.024394837838861285,-0.013065660976147234,-0.009177331526840197,-0.017862711694464992,-0.015889116826758806,-0.026327221922464155,-0.011490119700488114,-0.005271948444142937
2021-06-21,0.020548265861986104,0.04173186693056841,0.02307123137055396,0.021756439212486024,0.010660337137402748,0.011403969565485434,0.019671017939489163,0.012871337809275988,0.011943738267368371,0.0076782602528335745
2021-06-22,0.004013690949633322,0.006636055175333464,0.001669534198682909,0.0010833684616300995,0.009027951384634874,0.0014454135917211634,-0.004462053854068369,-0.006071381704483947,0.002162227468824313,0.009365496623560251
2021-06-23,-0.0064537124246139745,0.0027519049697057145,0.0019442351843547152,-0.0022666166207613533,-0.001107003590138585,-0.006230036591570817,-0.0031355571662680048,-0.010675055403914904,-0.004168476913963493,0.007690928040351993
2021-06-24,0.003171103508393184,0.008574415946056454,0.012408647074798518,0.007763874248913448,0.006278354182439249,0.004929302173410044,-0.004721898019552324,-0.0009474946836999543,0.005127778082086139,0.003399285217544647
2021-06-25,0.00012160771960342392,0.005254012869423006,0.011985835551780592,0.001956045639998436,-0.0011700388874077304,0.007635280059103327,0.007186441553644696,0.010685189748849409,0.004544974413259808,0.006314354888288823
2021-06-28,0.0,-0.03437509125415226,-0.007337796391151119,-0.005290242297555264,0.010412168357701536,0.0008606672283314424,0.000447392446530196,0.006387898395594293,0.0015103472046172105,0.00022471960304938242
2021-06-29,-0.00048703080872898727,-0.004874411546039066,-0.0035526579497153544,-0.001966108116577922,0.007264784033555735,-0.004454962223891814,-0.0006712637952638494,-0.016283528052158526,0.0011114295469788,0.0024692110491000745
2021-06-30,0.0026762996563589477,0.012327280053372207,0.004370469442564942,0.007744764577879276,-0.0010831438962057621,0.007747650336966618,-0.007864215087478565,-0.0018960483359528341,-0.0006348205344816777,0.0007844498497754626
2021-07-01,0.005452193150164037,0.017298810671984785,0.007872864061355626,0.007103399884102405,0.0016915160465178249,-0.003005901596769277,0.0040521199134175056,0.010853507114265925,0.008853032429003888,0.005640675033679678
2021-07-02,0.0014491749430088775,-0.002191506068580708,-0.0010820446437020135,0.0015503290346843125,0.013097656652202059,0.0024340303704372527,0.004706980154970291,0.001563060684914502,0.009555364094282596,0.008760822217207495
2021-07-06,-0.014952056696611352,-0.033088549771107784,-0.01582568089340455,-0.00963079591124655,0.0037963104382003365,-0.004155674069679075,0.008904682465485128,0.004208799847245656,-0.000935853510404074,0.0011586802009380353
2021-07-07,0.010356440783508676,-0.016387606165465668,0.0013741868031246743,0.009921269830701593,0.005436503522021405,0.005298842668920803,0.005084470653371186,0.006511628643260295,0.006299649694107276,-0.000551330728412231
2021-07-08,-0.01366874699202263,-0.005780335844633944,-0.020253110566116787,-0.01403550478578452,-0.009499672868263543,-0.0037206749186613894,-0.0008822506630400994,-0.0029406077160043075,-0.00551982868963605,-0.0024860294252644806
2021-07-09,0.0194700525210734,0.02103318241343865,0.02845880978539861,0.015679508828876598,0.009169023546372886,0.0057184813588465975,0.013155155961155532,0.001239211908532139,0.00342447986929985,0.009303957058048182
2021-07-12,0.0032486436316704554,-0.0015147890515495315,0.009758642905463197,0.0013517846786479516,0.0007931656363981726,-0.0015692234424674024,0.008674965952801898,0.0032455927648438994,0.0019404704268687202,0.006826341879465576
2021-07-13,-0.009171214923130019,-0.007608990170819976,-0.010848763110801256,-0.00969660973363289,0.004088794004309228,-0.0002855781040638279,-0.01304078486095215,-0.007589364091828916,-0.0009309891365733012,-0.012045818772989582
2021-07-14,-0.002062649630580507,-0.030240884731808984,-0.004646655212922722,-9.733291427343517e-05,0.007344344854125958,0.008815461801029961,0.00871266026410546,0.008668552152306195,-0.0009317926936686905,-0.001819365907726989
2021-07-15,0.00012121032345532707,-0.014072105215604248,0.003282105283365675,0.001947175515661788,-0.008266335541890763,0.004097087945734852,0.0015170334464116321,0.011188884943112067,-0.0035021684659263474,-0.0054227483579410655
2021-07-16,-0.015175748807315394,-0.028752682373223325,-0.01374775020863586,-0.00888995237069506,-0.009930428592343695,0.0015496704350215725,0.0010820499055021378,0.010009254305227476,0.0027248826852991816,-0.012393996691608565
2021-07-19,-0.021691639404972294,-0.03597200181625145,-0.028360823458807194,-0.02112239739758905,-0.013867901070894703,-0.002960498767063413,-0.01569700116419959,-0.01597111515734221,-0.010551564881757614,-0.0115263075364098
2021-07-20,0.011278731179147766,0.013326484451462055,0.0244776632833537,0.027577727360220638,0.014732506510165241,0.0002823737612923805,0.017857787761356107,0.004283957758195827,0.012105404855570689,0.01830065789124806
2021-07-21,0.010905736640926028,0.034286683642161205,0.017084319438421054,0.009509346093850983,0.009593136264322524,-0.002543933039778633,-0.003026429607299302,-0.011053239884145426,0.0016287397226285155,0.009164441270077548
2021-07-22,0.00037005657385455633,-0.011230144985394925,-0.010988732963090107,-0.003676800248971817,0.007346716340005959,-0.0016992718540648965,-0.007169975182437613,0.0015422580349521305,0.007335810005616202,0.004303243637103235
2021-07-23,0.006998505926958368,-0.0037032276477809885,0.0016559419096609936,0.004255888706413116,0.009885896873850714,0.011976099129342825,0.009116595115884875,0.012711848730105007,0.01147398784790318,0.008878763580528085
2021-07-26,0.00840703398908397,0.02443116365890258,0.005774979216672841,-0.0004827089350983518,-0.0005176868956049591,0.0016791200022491803,0.0,0.00030456934361886023,-0.0064857732162545735,0.007393184223466773
2021-07-27,0.0013336363618567822,-0.00929468389173431,-0.0002743252970647834,-0.005519270750561451,-0.00949873705545601,0.002095078631605937,0.007962983207812973,0.01704527097791979,0.004658852100221204,-0.010180106766001533
2021-07-28,0.0029040079372068665,0.009093547410541672,-0.001372301004897471,-0.0023328208273109465,-0.001242825426379674,-0.008828967863583035,-0.006020145242667787,-0.007657108682763525,0.0035748416847696082,-0.0032335557229695197
2021-07-29,0.010933960624373502,0.00960965804879427,0.010926149819086043,0.007852091577872285,0.004636365000077423,0.0049145284950145056,-0.003023814888449555,0.002709298484478518,0.0024267450058802647,0.011190552815160732
2021-07-30,0.004055112777454733,-0.016067663672434587,-0.00790936525864052,-0.0019330897902718218,-0.0006518131664703512,0.001679355302153344,0.0032395279157793016,-0.00845298482099394,0.000908567781258968,-0.020787755881846056
2021-08-02,-0.01221429828434712,-0.007519588777730008,0.0002734206696158671,-0.006892818815821976,-0.0035920172745762704,-0.00420390055036004,0.00043109383934613373,0.007701112134740908,0.001360745529157418,0.0028779351157508684
2021-08-03,0.01030824651465315,0.016990584229391547,0.011161288860218584,0.01296967368231922,0.006391362159355353,0.004483952259902968,0.004086341045168219,0.0056996828845380845,0.013809038628358132,0.007377854281742942
2021-08-04,-0.009585643426232688,-0.027449128517095665,-0.008427451289332928,-0.013651950298596496,0.002013179597959506,-0.013086955960230595,-0.0032246142403027315,-0.0014968148908576751,-0.004257443402796301,-0.009757156407369572
2021-08-05,-0.0014458298968545126,0.011274164137731718,0.013018998464378513,0.004668475888485944,0.005499382719306083,0.0048041954625532455,0.007935751429923463,0.010875243444983534,-0.004125258790084967,0.009537675819790085
2021-08-06,0.01436478326654608,0.00913054224074266,0.02000869213016718,0.00464662391549848,-0.0008392589827039539,0.0,-0.0017107478198338708,-0.0005930128297138189,-0.000827135003716809,-0.006827113089348465
2021-08-09,-0.00118925694747957,-0.014239393806081167,0.002637597773506983,-0.003967842333378698,-0.003233900137474093,0.0036584968610391543,-0.004504062783508301,-0.00029634430511933776,0.0038289200917269693,-0.0013820597641733211
2021-08-10,0.014998684197793623,0.017465966855708417,0.010482448229356537,0.010129970533894155,-0.007216697244946731,0.007137287318870229,-0.010806079433799961,0.0010377349132841911,-0.00232559738928432,0.003920125748178965
2021-08-11,0.013968295006091532,0.007821129404097116,0.011404967980943195,0.012875148257477214,0.000130090594860623,0.0033411849347378484,0.005417877578087621,0.009289918084523714,-0.009963851364617155,0.002916484330895981
2021-08-12,-0.0016192683025613376,-0.0009992504864441835,0.0018025543373131878,-0.0018969691053864826,0.005724849608184005,-0.0005557087313366605,0.0034517304575376164,0.0010266905518021166,0.007858591014704245,0.0004393414273042873
2021-08-13,0.0009253953184932763,-0.011868013563901752,-0.007488832981070725,-0.003138001026489813,0.0054349161620801546,0.008308744810305352,0.0066545855961577345,0.007013587105135097,0.006227797986020096,-0.0028599622133215095
2021-08-16,-0.0049863430733675254,-0.01858514478185288,-0.002595262665287369,0.0034226941009982193,0.004505963691123231,0.005775672192834416,0.0010690926830942678,0.0060968028280796735,0.011305209742689382,-0.004637240022573065
2021-08-17,-0.011575401537421025,-0.010360686648635115,-0.007041506413492134,-0.01087895279045597,-0.008320214164120418,0.0005481758711497113,0.0019215866337047563,0.0005786653924713987,0.011764397327475888,-0.024024646069088874
2021-08-18,-0.011711361609028565,-0.02104888108577394,-0.012376513958706179,-0.010998607313259065,-0.01389133743233969,-0.012549105642725144,-0.010507177546382213,-0.0050750003023927485,-0.015320697811951403,0.0035642762046916685
2021-08-19,-0.008964393887426569,-0.026294673621448796,-0.007446964030314002,-0.007009426860057542,0.009737851951639172,0.008016600925148002,0.00837215044938347,0.004062084116922545,0.00451733705301628,-0.006402394764008012
2021-08-20,0.005865950885635062,0.0021814917706000983,0.006121127381353658,0.0026341261455257057,0.012795221294513312,0.0016506586846566408,0.004691760900220746,0.012374325998793734,0.005673318357281695,0.00956045691222386
2021-08-23,0.008556994670891714,0.0367956016825621,0.008191403651219627,0.00815176767993867,0.012823370210885634,-0.0031661100959692687,-0.0038373175472738463,-0.012953514170832748,0.00036727108079889716,0.012810180951930728
2021-08-24,0.0062528099399281846,0.016457300764149408,0.006034296009608599,0.005012943205805546,-0.0011418537880460648,-0.007611838512343095,-0.007503414599677506,-0.006540356414264137,-0.0035316258273127097,0.00703417256318749
2021-08-25,0.00457590762276954,0.007615267450340883,0.011702071909908376,0.006422297775124357,-0.0005714664427031727,-0.0016685605491782464,-0.001076458431896473,0.0018939011209452375,-0.00273058439611338,0.003856178999613552
2021-08-26,-0.006930897592852095,-0.015289729222136228,-0.004923988046022253,-0.004405120695747532,-0.006306060682806188,-0.004602737569511482,0.0006462065624380339,-0.002477100203816636,-0.003924684016249928,-0.009279652281754985
2021-08-27,0.013116570760815635,0.026301356858307964,0.013163204434696665,0.006886077841632654,0.009602489226438648,0.0034889556734367475,0.008147115557088865,-0.0002920164948991847,-0.001113387639975848,0.00905967688303502
2021-08-30,-0.001047971379524029,-0.0118320062091033,-0.014203100431055622,-0.0011441959609374095,0.01070225052400699,0.00444788369357589,0.012098686863685718,0.001458524194938992,0.005629296059594358,0.007505938743367077
2021-08-31,-0.0029159031634623826,-0.006794888877409265,-0.0013010146867654334,-0.0027712771312193765,-0.005273505844966111,0.0022168141292212657,0.005889710513183383,-0.0011665077000398002,-0.0013306401865639265,0.0023988464448878866
2021-09-01,-0.0025731020058831345,-0.014778285010673745,-0.005745788274585902,-0.003834678589228557,0.0002515754853257376,0.005244934546111404,0.01705156240643258,0.01304539036510445,0.00029614861443526,-5.4524117019887556e-05
2021-09-02,0.006420480998540771,0.025055724952918405,0.0033991684455914628,0.010700556921400579,-0.0010705802266566269,0.0038475047029420174,0.00473096695661564,0.009031484596253641,0.01066373498467839,-5.444067393708583e-05
2021-09-03,-0.006654620758635189,-0.005742512436108206,-0.006284381581593846,-0.006100766813174497,0.0039612436431189415,-0.0012349910108097445,0.0,-0.008311713628410874,0.001096416785752074,-0.0005990431049308544
2021-09-07,-0.006581238973991879,-0.005982746517647925,-0.006060171164815799,-0.017456989362605462,0.00025098485376612436,-0.011600892501531202,-0.011143383155115318,-0.013327874711274725,-0.005862546163692924,0.002938009619685687
2021-09-08,-0.009596546317159817,-0.012911390236037648,-0.0023810608413006454,0.0013612758990235745,-0.0038341812841236854,0.00857513920687883,0.005999899904593999,0.017779016797935476,-0.00044115834178789555,0.0011402226336533312
2021-09-09,0.00035691573047174317,0.002093983819502064,0.002909744921511903,-0.004870117952918937,-0.003785618578499878,-0.005801081240002594,-0.02147463675204555,-0.005459017338569887,-0.011612312827818173,-0.0013031808094616756
2021-09-10,-0.00023812946224453018,-0.0004182940251646327,-0.007423162634884621,-0.004501440658287262,-0.009910489164255229,-0.0043032628420083254,-0.012725663557159518,-0.01407151742005136,-0.009192506228407548,-0.006159245275594334
2021-09-13,-0.00023798633699092107,0.028263582271318085,0.011377282224646738,0.002644848176805764,0.000319390328804254,0.00250098275938333,0.0055343292917407255,-0.0017543977173769848,-0.006176015443395401,0.0024571742343363514
2021-09-14,-0.01101390148176824,-0.014547683896296397,-0.013508488494198037,-0.012104901884916927,-0.0012775671010143916,-0.004589873541072594,-0.0021249723401700164,-0.003371956457298798,-0.00015072497996985977,-0.0033324553345060563
2021-09-15,0.010537558888294003,0.036677104598188015,0.009554368904435959,0.010930098704436711,0.008716933156308655,0.0036180956568214045,0.003821742911405978,-0.001322404773026677,0.006476885894077618,0.006436526926099062
2021-09-16,-0.010898903177847774,-0.011405800633010436,-0.002909744921511894,-0.006878828617212204,0.0005700270556417282,-0.003339565659443362,0.001905313687830835,-0.008416304277370874,-0.0025557919842982574,0.004556740514325467
2021-09-17,-0.020807650692410872,-0.007474019902830082,-0.0045134177133727745,-0.010706992698578516,-0.015698172406763106,-0.0054504667537249325,-0.009136413550807361,-0.015541345605683893,0.000977891321327205,-0.0035242449272111158
2021-09-20,-0.019402597318000522,-0.031012694864978704,-0.02347075402326954,-0.011535317907068021,-0.018382322653902078,-0.010033408944191326,-0.0068705960474372075,-0.001837727436961199,-0.010489900549499801,-0.023083845502422182
2021-09-21,-0.002395281876512933,0.002325698208156463,-0.001368781888397764,-0.005274207484868546,0.000393832137874805,-0.0011398909732293816,0.00021593544075323344,-0.0027402079437008004,0.0015240403858125537,0.001501948756639412
2021-09-22,0.010296652205209197,0.030368265716263908,0.016574111513539838,0.007900586142094978,0.013616987138961888,0.002847630836417998,0.008391699104714608,-0.0006099190954419625,0.0016735165186432526,0.013526205103029085
2021-09-23,0.014140753075535637,0.03443421192753284,0.02422580350630454,0.015218496384058948,0.01330666607463381,0.0036899357845142948,-0.004940186987921387,-0.005352770495528776,0.007194176353965927,0.010093664200617683
2021-09-24,-0.0014793087221653622,0.007493593781489191,0.005246592832448091,0.0020844457907270067,0.0007020906263567146,0.00042486359305011806,-0.011478635198441244,-0.0010742426343398807,-0.004082993108725708,0.00373836993257264
2021-09-27,0.00774097126794708,0.034942254344679825,0.01351393081485575,0.0009910797559259908,-0.009746664568894602,-0.004541659635645409,-0.016692315605841907,-0.011890952408559256,-0.01434686351921193,0.005340243894336674
2021-09-28,-0.012439127176306313,0.0034091511109586,-0.01665871216037229,-0.011657566999419628,-0.030089252088768302,-0.011876621533964652,-0.005998207388506305,-0.01266343042393456,-0.017289364512247083,-0.019446707844388962
2021-09-29,-0.004098227325288939,0.0,0.0007873124204465696,0.0011020385630720897,-0.00126265479046572,0.009027711874540396,0.0064410364127070185,0.012974040216345609,0.007867687443251791,0.0009869178384789552
2021-09-30,-0.015677223100967714,-0.015241281134053077,-0.01586095204820054,-0.020736196918153493,-0.007206578057308856,-0.018137603945549856,-0.016068096539426584,-0.007952110492583082,-0.012335369755844082,-0.016798674148699178
2021-10-01,0.01580178491232829,0.03304352149414558,0.016385194314240844,0.013602780752985207,0.014955999787615398,0.0026111900899428724,0.010740568109801108,0.0,0.00023576838602167195,0.007494744582597902
2021-10-04,-0.004364535960820106,0.016212512164937243,-0.008687630989659119,-0.005459419243761262,-0.023430039786032475,-0.0031925343137156332,0.0011121706398065055,0.013681834045101834,-0.015353441481973235,-0.00794056697021266
2021-10-05,0.008833594254475054,0.005831063861633872,0.01937746996992294,0.011089933212278334,0.014150281843076219,0.005074407497786134,-0.007811594531706237,-0.002473692391029018,0.005963608086714265,0.004005704156311189
2021-10-06,-0.0018596378082356517,-0.010593674183903118,0.0010368476611571729,0.004401666642040476,0.006504746361552623,0.009642296237049867,0.009588617129664237,0.015361243679969133,-0.0018248879685099975,0.0031601964335808406
2021-10-07,0.01294634260693995,0.007682515095127117,0.005940861819997593,0.007755874689301829,0.009088771440702225,0.0044303835155737135,0.0011091608546659093,-0.005349632022492312,0.013176205484169406,0.015434247660181036
2021-10-08,-0.005528142496586341,0.030329751882664988,0.004881145601529892,-9.911069834353959e-05,-0.0037441151963121125,-0.0011415598078550002,-0.010921697578210193,-0.007383638847064742,-0.005028942274055995,-0.004588577173146167
2021-10-11,0.0001235095486802165,-0.003718892816793053,-0.010045210135580521,-0.008056026732461542,-0.005543233532838519,-0.00028554767363325246,0.0013438604240587056,-0.013679571979085573,-0.007829773910977809,-0.004060421324008637
2021-10-12,0.0013540019247401096,0.0008866604522710905,-0.0031112449444219573,-0.0033008340231274105,-0.0051749029347967325,0.0004281376281274947,0.013339317496118223,0.006707841413411516,-0.004855007006334651,0.007885955584759942
2021-10-13,0.0074747592640558025,-0.00088666045227112,-0.005729140236118337,0.002101843052583535,0.006100981288238688,0.0018539027549934004,0.005725589060222889,0.011592872944160778,0.0015944331518605095,0.004897026851120577
2021-10-14,0.024004525398200954,0.012168248476514033,0.016576303894402455,0.018719834394524206,0.022293351238935267,0.011192677790297555,0.013955622729818724,0.012219496991248942,0.014236125199004905,0.010421470679452713
2021-10-15,0.0029754213742305626,0.004895982524513016,0.01478875441169625,0.009570347088758212,0.007985307977130592,-0.0023982782976144134,0.00043305058053083725,-0.002888512023704456,0.004935387386432939,0.01519351274980697
2021-10-18,-0.000713413383365525,0.0006973616143136225,0.00025300012105979416,0.0006798601226951443,0.00843072011761804,-0.005948954542015783,0.0017300412879450913,-0.00963834833903241,-0.0068217823311599495,0.012147301331052095
2021-10-19,0.005218928749503954,0.011266155880820819,0.009820096872988076,0.005907439152967519,0.009873016205454204,0.0004259484434900519,0.004527635275204087,0.012526860362736801,0.013053835596510886,-0.002826538215389606
2021-10-20,0.008012466006102658,0.008068250286139052,0.007986176162190658,0.006256371745681861,-0.002774647254231328,0.005805469474653418,0.0151564468859915,0.015665529588203577,0.014187721534707261,-0.0007337120478336726
2021-10-21,-0.002585431919365756,-0.018637295970489964,-0.004234745751047972,0.002012994366172567,0.0038445347874452563,-0.0012714710369286987,0.0031728702575969585,0.0,0.004049688612723435,0.014580294902728105
2021-10-22,-0.0018842439302401487,0.009362065957004277,0.013882059359208086,0.003536848861099062,-0.003465946786496578,0.00774505977497017,0.007155095981094462,0.005068296923422912,0.004033292421574379,-0.0035734433686385684
2021-10-25,0.009970357793084497,0.01456117822035039,-0.001231651531961101,0.0022872847932966706,0.0032771268726298273,-0.0007018695325709761,0.002931241568231454,-0.004321511370502129,0.0012146674769339086,0.024496578068690995
2021-10-26,0.002797000036671155,0.005765739058138087,0.0007392949411974947,-0.006207457865096129,0.0028275708901357075,0.003503109648149202,0.004589118804504513,0.0053620667677671775,0.004918382317321752,0.00015183566581572876
2021-10-27,-0.01441902572497797,-0.029166684213767616,-0.01664016305003872,-0.011755797262199502,-0.0008786779586174318,-0.005892141987773363,-0.007310853884631117,-0.006706891817616222,-0.007957415967556784,0.002224758649763841
2021-10-28,0.009869528805972616,0.007112458184534022,0.012196683358128114,0.012426283274489476,0.009997298967876642,0.0035114137598711063,0.014568463191967593,0.006558325882992011,0.008334724403835788,0.013195296413191369
2021-10-29,-0.004805076257258293,-0.006590119401199349,-0.0039662443816089795,0.00028723595809031417,0.004280747992520949,-0.0009817510170967716,-0.012055851001019746,-0.005960286386063723,0.009686657228118258,0.002588470854391155
2021-11-01,0.0023467620194080824,0.017079507468449343,0.0004970259776093104,0.0027714059648826644,-0.0014867079795885978,0.0015423793667220928,0.0022976717954785067,0.0035803549890205135,-0.001196409515284342,0.018178315920865277
2021-11-02,0.011305003365689313,-0.00945253631200471,0.0024793866773208544,0.003334568820307577,0.008765348775537899,0.006703856071340528,0.009344816829299628,0.0008932520234594875,0.006265027599133672,-0.006759580268119862
2021-11-03,0.010375748931418426,-0.008323275093731973,0.0037078462931011157,-0.0021900149610905736,0.005821760945208846,0.009283512872936084,0.0057708510549775716,-0.003726821459559167,0.005856305557692506,0.01782873144748772
2021-11-04,-0.0005736468122720035,0.001391733125017322,-0.013163224635635669,0.003995847809848784,0.015521238508259934,0.0009645217733444092,-0.011367107756983888,-0.005541014471882972,-0.006897897426834731,0.013380607270037216
2021-11-05,0.007773218828226007,0.012957072474780958,0.0005001526973026568,0.010108238647698334,0.005160344759724915,0.005770382891516605,0.0022837450740640685,0.009416557830937823,-0.011226801778879192,0.0064105868090998065
2021-11-08,0.012448112254045785,0.009056163584126552,0.005482052740841445,0.00412741023126922,0.00537244412825404,-0.007977135399248441,-0.00020743133428845767,-0.014988512332128324,0.0059286273510314605,-0.01425410840682621
2021-11-09,0.0046001085331185175,0.0040740590942584115,-0.005482052740841507,0.002523952546129607,-0.004116226769751748,0.0034463649093223123,0.003726645508908062,0.005121368268408242,-0.003673062439431072,-0.018658647508388318
2021-11-10,-0.00685203490358849,-0.026782724340895982,-0.001750803380320259,-0.005617988861325931,-0.016636077942711058,0.003022714794569605,-0.0049719532782585155,0.008080368109955282,0.002849522977272436,-0.003724764667404573
2021-11-11,0.007970989909553786,0.0038206401877032836,0.0027496376756970865,-0.004140072601622107,0.004669252785233281,-0.0006864576080701483,0.00041533644232860184,-0.006129139398262853,-0.0029247888976296436,-0.002704192879431026
2021-11-12,0.007463918842212211,-0.0024296411354107136,0.002244121626581972,0.00788905624797786,0.012086450079202195,0.0,0.0004148872909844151,-0.0006000130309637361,0.004944765901928653,0.0033421883990153683
2021-11-15,-0.004560985042205289,0.008305914541774505,0.0,0.001869005214970238,-0.0010166539700995553,0.004793458425260378,0.005587177103439584,0.013116924884567217,-0.006222129569727226,-0.0008344615667789252
2021-11-16,-0.0027911912144456194,0.0015496691679169504,-0.0009964912773260562,0.00018675436512401001,0.010474741464549688,-0.006304593414423244,-0.006209618755561957,-0.00474971840107137,0.004202152565428133,0.015641613280905374
2021-11-17,-0.006618408340712464,-0.015431619162986706,-0.011535030722886011,-0.005992354405061704,-0.0030240029563316567,-0.0022021958345718926,0.006622390587512453,0.0008921948182950213,0.0014218450993672656,0.006361803479346645
2021-11-18,-0.004286264181734687,-0.0059584248871834755,-0.005056787317473107,-0.0020684361613946584,0.009927444092001036,-0.0035893153940134677,-0.00020622705837191677,-0.005216609200823011,0.00037396639598515357,0.011274190756904435
2021-11-19,-0.00181005944754996,-0.03980453622642882,-0.010959802704065135,-0.005000173472392904,0.0072647576462589614,-0.0036021853705147,-0.00537863784098074,0.005662700672958467,-0.00607320840354799,0.004313461160714044
2021-11-22,0.0015842999477129337,0.017587203460439703,0.013996921726175327,0.002739024871932546,-0.011211869272988235,0.00788027462460252,-0.00499065561366441,0.006073558583086703,-0.00452294476001911,-0.002509910611812627
2021-11-23,0.0010168378694120634,0.030270504301930342,0.015546997680776851,0.0016964754081560767,-0.0023051642905568518,0.006587567707438016,0.01057552051301695,0.001033037938337314,0.00105742865811326,-0.007281480329553377
2021-11-24,-0.007140910043177101,0.00971726090868939,-0.0022420913909267036,-0.0011305352245601944,0.007251423666086019,-0.0030140191908862757,0.013318507928006098,0.0005899483539020715,-0.0003772414710119527,0.002051765711719038
2021-11-26,-0.017325804487387304,-0.041066618279693864,-0.03372947998646179,-0.027427906736793742,-0.025281543843032772,-0.012703751329202545,-0.02744429551115667,-0.015752932823931913,-0.003706308339986221,-0.027643985678725606
2021-11-29,0.004618929811872355,0.005741015137954158,0.003090306334639335,0.0017426234287482919,0.02469376148489032,0.002498593788074312,0.012474228022270295,0.01472056900346476,0.002724094464701973,0.015414662126844506
2021-11-30,-0.025081400387657105,-0.02371402455138118,-0.02420397736055059,-0.02566748340267898,-0.008380677812713021,-0.025979268245122183,-0.021088633129624827,-0.02966094180998306,-0.01984324475049118,-0.013603229533136342
2021-12-01,-0.010211752263778202,-0.010681470208186616,-0.011125889401845968,-0.01399066957604421,-0.013786138028372823,-0.004848842225929821,-0.013169185566426676,0.0018228755338020584,-0.0017746601068267351,-0.018213894944006125
2021-12-02,0.020202813025748577,0.028654479621613667,0.029398303372259998,0.029254921253936476,0.009152308018096668,0.010523534554077497,0.027000209388714835,0.012668124240107966,0.004853266888809561,0.014145979312077254
2021-12-03,-0.0022247609737036287,-0.00794814206998046,-0.01643012879040797,-0.0011734306812896562,-0.016873858904895737,0.012371600176533154,-0.005007501297066407,0.009990323799904824,0.001842637554256399,-0.0196406553994709
2021-12-06,0.014546496706988425,0.014761677198789482,0.015135994239370301,0.016785913709904524,0.009462496635066943,0.017451935223411714,0.01432908838703386,0.015166171011382576,0.0056600811085205744,0.011355271221295506
2021-12-07,0.01513428223559017,0.023139890517900014,0.017713193664643755,0.010147520279052646,0.03431767652800712,0.002194343192131461,0.01757650935122851,0.007425513285768883,0.012807426192806412,0.023057143998628467
2021-12-08,0.0042013625333261456,-0.00017471674709164,-0.005357761123593091,0.002473301059822144,0.004568693409511339,-0.0031559066980078308,0.0042455361136459644,-0.00101615467341266,0.007502060874833101,0.0025131279214551058
2021-12-09,-0.0055678844857285715,-0.007713886242374936,-0.002048843033069654,-0.0031403232833277692,-0.010848449381307598,0.002744959095343698,-0.012790886070172295,-0.0013075041273205273,0.002314346500631625,-0.017481402030472187
2021-12-10,0.006134223365271648,0.007364517979115859,0.001024893384635954,0.004090145660269441,0.019866607301026445,0.01671802795953682,0.005095322649526157,0.005365056729133689,0.003498468464848636,0.0069510546479845566
2021-12-13,-0.006020449723379045,-0.028170845599614296,-0.010813649451226136,-0.010400297456358924,-0.014978969002810816,0.01298990649678682,0.013328176616334552,0.012216991200574295,0.009392450702036577,-0.026094850645421136
2021-12-14,-0.0010257632817119596,-0.004141733790481314,0.005936368651548452,-0.009541035442772575,-0.016563087528209283,0.0006649325483627424,-0.011094335958110622,-0.006018065663841903,-0.00405702100746992,-0.005825219946225251
2021-12-15,0.0021645951160770703,-0.004883469748818188,0.0028264425462047127,0.008677256221358131,0.026152314724870483,0.01005431748820287,0.014698689521219535,0.016251416207894,0.02026624401146302,0.012612163253227284
2021-12-16,0.010190129909934956,0.006326047382331092,0.012495586480728788,0.00047990839947301736,-0.02875255726621343,0.007082784753978111,0.003790578455744192,0.005077516964748053,0.005921457661728188,-0.022329353618168298
2021-12-17,-0.012582614147075124,-0.020570390302910826,-0.02229433285167226,-0.017226823246478916,-0.006708343469114928,-0.01727009909215696,-0.003390846146703966,-0.015167760474957728,-0.007008410088035058,-0.006838250077226741
2021-12-20,-0.018025124343090063,-0.012466731333328615,-0.019615187843141473,-0.016150565654501854,-0.011965272166788266,0.0002947629892714356,-0.006570777890474308,0.0009497590215979693,-0.0060740517014380435,-0.016275441877855637
2021-12-21,0.012529316469689784,0.028087074038971767,0.020499915581938193,0.01972082440159081,0.024991461346824978,-0.0013397005395858733,0.005663599578217417,-0.0014395685567115994,0.004165429992387426,0.025575911333776374
2021-12-22,0.0079231911076638,0.006399107699502902,0.0046717256616767835,0.0028272825912659676,0.012992722295309858,0.006279794703201402,0.009834435040703117,0.004311819030839799,0.0116000026425279,0.01807560241745496
2021-12-23,0.010014967090452711,0.0005466704367057321,0.0051653838200740486,0.011711941072305736,0.005566548470763985,0.002261622515659912,-0.0030003366644062073,-0.00014337008585321958,0.004100467228153947,0.013776107832315802
2021-12-27,0.014948212298659147,0.021622239133473775,0.01025119715839862,0.010529566645268081,0.02122563787014557,0.010575076526447194,0.020226629230210555,0.00486451273414588,0.010497665923841874,0.00969759223401362
2021-12-28,0.005784444024249188,-0.0007128879405384338,0.0005099686945769741,0.005033785241009227,-0.005221772958280878,0.005638261732280953,0.004309729308224494,0.008952342691984734,-0.0026323898302842764,0.0004385975295833221
2021-12-29,0.004095297757431593,-0.00644262421590007,-0.0012752000493589607,0.0017984513913610026,0.0008532025834215406,0.004566035472308411,0.00604086293069468,0.005361257817835272,0.00568196182227411,0.0019954281347384153
2021-12-30,-0.0035407984609156467,-0.0061227754971982405,-0.0017876803620988744,-0.003599988320456885,-0.006617046802194578,-0.0031288020543157173,0.00445906064585599,0.003651744106776487,0.002052011368838875,-0.0036046633502734805
2021-12-31,0.004424134346194662,0.0025255671804698763,-0.0017909870863812912,0.0042618949855808864,-0.004876920692334552,0.006766501451328708,0.0021253381370774215,0.0034984488317891193,-0.004249838914170924,-0.0023936835157772635
2022-01-03,-0.013108512071852443,0.03052061237749709,0.012217050335785644,-0.008256325526370262,0.009445110901798228,-0.00012972185637770246,-0.009307910052729854,-0.009968517643969999,-0.010345005336737342,0.028308080724454517
2022-01-04,0.01222517618657338,0.03401802852364416,0.02596898461737199,0.01990722469393053,-0.010653654032378165,0.006721782510420377,-0.0039040121491828836,-0.0031091133102545236,-0.013283621219235169,-0.006105068416180044
2022-01-05,-0.00011057519501062288,-0.00016880601821937452,-0.011652515407184098,-0.009573940956242102,-0.03123238049917827,-0.0009022152072821909,-0.03300483400420515,-0.0005664394927519555,-0.007147411992313752,-0.027352332139799936
2022-01-06,-0.012673752059909414,0.022055866464274546,0.014606087798129264,0.004610712212169835,-0.005062543115290878,-0.0027115398813201894,0.0012120460846807477,-0.01039215642547373,-0.011632341564394843,-0.002609048275975779
2022-01-07,-0.0008953111506309807,0.013623591689517116,0.011727519698804825,-0.0002816971379533711,-0.009238420431743794,0.001033866210949346,-0.0052632301482075285,0.007555813970638014,-0.005122584326935881,-0.016802227385527203
2022-01-10,-0.010242972010775215,-0.003102421494693478,-0.003406663839238634,-0.011332602872648152,0.00018098848549349573,-0.007910388506749683,-0.005903302842457826,-0.006554516109491499,0.010219242188834746,-0.006134541490855082
2022-01-11,0.010914646807324348,0.03344920077900143,0.008736059397469671,0.005965686387101576,0.011919107770137329,-0.001172556794251376,-0.0016347638670664813,-0.009047104104452974,0.00792549884003828,0.00958737854884369
2022-01-12,0.01002108081707383,0.0018960776083891805,0.0007243733175691813,0.003204904900609962,0.004693035655270097,0.00039115331167020835,0.0026549897704561606,0.003168545984622681,-0.0028551047961686334,0.00657287602042123
2022-01-13,-0.007785757905106572,-0.005064358644313207,-0.0038702316451618615,0.002162011584936617,-0.026239313165702337,0.0018223998857946028,-0.0034733298661703232,0.004877260258683999,-0.015662112000748237,-0.020304958116831973
2022-01-14,-0.008521839576840724,0.02320942209509963,-0.010476379755419245,-0.006028135521924211,0.008421006881108355,0.0018190847849743202,-0.011734337160497064,-0.006892559422035628,-0.0017138726080179545,-0.004670385777282831
2022-01-18,-0.01326335499694205,0.004022271918047664,-0.02253967873899125,-0.01159281678485156,-0.024303307095287368,-0.014514540800275717,-0.00685715570118051,-0.012031914979577207,-0.014121674067576449,-0.019111020110807016
2022-01-19,-0.0025135205133198636,-0.007282569717309395,-0.016926165415400304,-0.011244885106355969,-0.014068090759918942,0.006302696657688754,-0.013011874106911089,0.004510730234075054,-0.00409358958705143,-0.018214672387820603
2022-01-20,-0.01463600176747907,-0.009218286738766263,-0.006389638420586393,-0.012840850632609787,-0.012997914840102506,-0.0065663370267719685,-0.008911588872283023,0.001305811518096039,-0.0065540409527187924,-0.01839129679565967
2022-01-21,-0.024681103241999652,-0.019975368531138623,-0.020726143201306377,-0.009245687138461927,-0.020078280047829775,0.0007902632698177902,-0.000639598015625774,-0.001886747985090241,-0.0101433696566542,-0.02975999353903539
2022-01-24,0.0005945707912172417,0.0067027716507146685,0.0028754569390138903,0.0057148732965412825,0.005170179704507607,-0.0032965722879643175,0.0021304982081383674,-0.009633354151026926,-0.0033268928763668004,0.01195575780566272
2022-01-25,-0.00907880424659762,0.038076239491035675,0.004167952779041235,-0.009873763669525222,-0.023413975058539083,-0.011157167323567892,-0.002770505571217547,-0.015818213302184577,-0.006452965333939848,-0.01706785494992201
2022-01-26,-0.010495276372589863,-0.0016856484030598274,0.002595989950744422,-0.008770136646334043,0.005855986557330255,-0.007642292807733963,-0.01678532398708122,-0.008229291600327052,-0.005239514063346632,-0.0048587115062207935
2022-01-27,0.0033898407489488746,0.010830664926730071,-0.009115925090920435,-0.008948652694817281,-0.006912220132361782,0.006707037523854271,-0.018176360213130516,0.008825134503771388,0.0025841510098503773,-0.024538725789963144
2022-01-28,0.0057845115875611594,-0.004257296081930865,0.012997635942618371,0.006944745234934758,0.04280188147187427,0.011696120691008801,0.0341078916451416,0.011990327304899365,0.020205685865142816,0.02156740932021125
2022-01-31,0.014672065081608041,0.004408892430423141,0.008742462800319026,0.010377194436979586,0.024815955656025738,0.003824767452401387,0.011044986806057967,0.01880386922809178,0.005731624721853291,0.037740202958307364
2022-02-01,0.015276299456500388,0.03502860234755415,0.013729973384630818,0.013703590324758737,0.0025900384815459514,-0.0009221565178161456,-0.006782545173717957,-0.013374131534521931,0.002663590195137658,0.006037505478637218
2022-02-02,0.0031436340199617386,0.0032170351669438537,0.006795244754439295,0.006927732094645618,0.00809545561960649,0.011918099981171399,0.017080023947602063,0.014672720068822295,0.013362183222853062,-0.005983443693531238
2022-02-03,-0.01759155449325862,-0.009535342016251239,-0.011097369846864406,-0.016075582377183796,-0.02944395554978403,0.00026051733334707275,-0.010297478773884174,-0.004480738812397197,-0.00428363576014078,-0.031079128580040253
2022-02-04,-0.016702681889118883,0.015504117197168342,0.016849439191108283,-0.010829143467041042,0.004017908195034588,-0.012310407340363299,-0.013825565731832785,-0.007999359360535328,-0.0036217447307133016,0.028046815475708736
2022-02-07,-0.004944975688509839,0.012691099930380471,0.0029879342916434262,0.0007988591778854848,-0.006663809111051106,0.001843032693865451,0.00021415813777305196,-0.0014613405249104627,-0.0017396802755649883,-0.0020628287813130885
2022-02-08,0.015357248517059423,-0.021730489116850937,0.0138275212614521,0.009931619171733172,0.012287161756716632,0.003806971010299667,-0.009034270750887804,0.0007308737977342527,0.008144058041893798,0.013976310569162258
2022-02-09,0.021554445864831615,0.008313532462594276,0.006355456727461031,0.013643062137964629,0.021938460669315176,0.00026207794866942344,0.023912503416298695,0.00437456550146516,0.007705763555186346,0.013149526529033777
2022-02-10,-0.005843288080804545,-0.0062650421823365636,-0.00881058893429078,-0.016513117000494584,-0.02649719047597719,-0.010799320041817632,-0.02889470011685909,-0.025642743791152195,-0.015774230713601838,-0.017391770603409986
2022-02-11,-0.015591887207100565,0.02867005071157902,-0.014110799780307774,-0.0153804365857954,-0.031020120237645252,-0.003581728001690389,-0.013775191256067151,0.000597169081565921,-0.013952084035000886,-0.029158507810728138
2022-02-14,-0.00824835630149482,-0.023858497859344935,-0.011282891372397014,-0.0037308871691834186,-0.000322720251480732,-0.0027945332320738992,-0.010846938467336649,-0.008540067426353746,-0.010263643762817598,0.005690647038300662
2022-02-15,0.018198411791792567,-0.010528061524668647,0.013523864494201213,0.014939961515408613,0.025945853464332008,0.0017310644059616118,0.004884710795316076,-0.004675231909450416,0.011184589313953323,0.022121446265083992
2022-02-16,0.007281225825692225,0.008052199738685414,0.0007461147017315464,0.005260873455573785,-0.001007718681646599,0.0018606688733661338,0.002654311858838644,0.002265060942574243,0.00153279738216243,0.002852219080788788
2022-02-17,-0.01723128131599006,-0.0016052742099766685,-0.025171005843705897,-0.018484592775330815,-0.03037782012706885,0.007671766343419684,-0.00865239921573944,0.00060305484621838,-0.016213972840552326,-0.027124490635192452
2022-02-18,-0.0016681098096326043,-0.006152941543443109,-0.0002552262884990796,-0.008304110627254665,-0.010181380942825146,0.001843032693865451,-0.0044661411619654106,-0.0018106497833002772,-0.007500635523499335,-0.006202935428228768
2022-02-22,-0.014292116013482363,-0.016296666054384925,-0.0051123574763878195,-0.009707273749270986,-0.009292662157817893,-0.007790388159076058,-0.0026895080371642116,-0.0010574660054922338,-0.002512830558834915,-0.0296005350377914
2022-02-23,-0.012904893738416115,0.010253306953961296,-0.017580623499284766,-0.018550611032195102,-0.02534675642224566,-0.008118622744766485,-0.01310146116548684,-0.017076264083199396,-0.005044554550877535,-0.033990352887988226
2022-02-24,-0.0029449795320365553,-0.00786639281530608,-0.01207068512144045,0.012680657746783418,0.03358901043498288,-0.017389317668198304,0.017132966276477393,0.007964363999362284,0.00402206559190133,0.022595160096221065
2022-02-25,0.035849168891185605,0.02603262584235588,0.03169922091783623,0.023578646652722413,0.013501964319214296,0.031718970990138824,0.024725309725450853,0.03049889683546916,0.030155960789895117,0.019601758919848923
2022-02-28,-0.011447616713107484,0.024381166001951497,-0.014944761086446256,0.007637353231162047,-0.0018156253724081668,-0.013394658848174045,-0.017376737287880254,0.005165849183599545,-0.007588812932996675,0.007013398066786098
2022-03-01,-0.02329634685333638,0.010009085058183813,-0.03756061196983759,-0.015028786958893025,-0.02019367310033405,-0.005891519639451346,-0.0019988154720605193,-0.008723358148908636,-0.005555581060918228,-0.01527709416189141
2022-03-02,0.02173616761172832,0.022606895694130675,0.025547210882326737,0.021116964238150567,0.021425782967966805,0.010553536984988753,0.017629377496196905,0.012103435495256876,0.014975356249431903,0.020785182170937666
2022-03-03,0.0012003615400406622,0.0027390399989813646,-0.003157990446186055,0.0010940882882032933,-0.011999294293178297,0.00807349206941627,0.010862712611981462,0.017452553694060353,0.005094296706240438,-0.022904827307334855
2022-03-04,-0.0034852959507590997,0.028448138571325502,-0.018891455751104506,-0.002189212539174854,-0.017672704018236327,0.00013217960989593585,0.008391469827435941,0.021818977190078023,0.0049926485258552505,-0.016013423151058085
2022-03-07,-0.035289246561922456,0.014647219707030904,-0.037213546660496526,-0.02716101556126463,-0.03728053036811816,-0.01835698771169254,-0.018380713666587258,0.012894203010733239,-0.017584770023888818,-0.05025099443068118
2022-03-08,-0.005126553342122335,0.015596777636689261,-0.005871624512154947,-0.006160123438601072,-0.004863769483056949,-0.027353751956209562,-0.008988338206499193,-0.015578045944373807,-0.020640190545440376,0.0020812786733696896
2022-03-09,0.03049437976605639,-0.03104150480700974,0.036077253371337596,0.01796328965223406,0.038799700323534116,0.006737811141403884,0.016597889012612176,-0.00709728914563373,0.018718240148719673,0.03165884865221618
2022-03-10,0.0026714227881258173,0.03013815938326914,-0.008420632319140293,-0.0013157855928164757,-0.01764197587495918,-0.009501026048961048,0.003459597596994573,0.006673020350751584,-0.0003848715088923106,0.007084310320588173
2022-03-11,-0.007424926408645344,-0.008035219886651233,-0.0071173797237887365,-0.008034050465251383,-0.01775096466846208,-0.01168949021688229,-0.009978696506448352,-0.003401939802415803,-0.0074946119220514985,-0.01942388002165071
2022-03-14,-0.0014672914358745018,-0.03038550867174153,0.012558065537269469,0.003363738732584223,-0.01870782025079663,0.005304791185009214,-0.006122792442485954,-0.0011366799724477365,0.007032709033247889,-0.016815385633551727
2022-03-15,0.011435649939083584,-0.03730688938730993,0.01400900834316312,0.015750009293474018,0.03304313070158756,0.02216988296665385,0.007865544705404584,0.01271209739198288,0.019749567022798988,0.03293966058269009
2022-03-16,0.015602965462786195,-0.004605467482153895,0.027702558109322158,0.013135875495870203,0.03198611619016146,0.0010887711930562774,0.01103800383242517,-0.001826072735165421,0.011934213201817648,0.03354506066601905
2022-03-17,0.01899193374802192,0.03383161863167645,0.012412932282647596,0.012770346975708679,0.007066257013825086,0.00691389414254026,0.014105783051318517,0.004209330101404194,0.01569329374677912,0.016528769041836137
2022-03-18,0.0060577436689960695,-0.0009470404198149261,0.0023103222622522226,0.0037993835742924143,0.020259243603399812,0.002293857655090892,0.0023315842930226797,-0.008578107069690569,0.006151083095710614,0.02083335071829068
2022-03-21,0.008277806013449057,0.039520300522050696,-0.0009785040272095207,0.0022512277078581603,-0.0019011013049151132,0.001285588147324089,-0.005144990700305588,0.006659612147226357,-0.0007617868789934343,-0.008410991908427432
2022-03-22,0.005419503238941237,-0.007383028482741233,0.01610242764165778,0.005436406657355258,0.014267396269520371,0.0074098080814871126,0.0006418315438375859,0.0014117133047762591,0.0002194956917626864,0.024519631744020113
2022-03-23,-0.004610530267368303,0.017056358322802192,-0.01868263477802142,-0.009630942532887293,-0.01549805149843882,-0.008086136637442705,-0.011401606372801635,0.0014090555347116152,-0.01811296446169717,-0.012486457648589978
2022-03-24,0.01990242699285889,0.002468575070231752,0.007976439281324198,0.007595751883872595,0.02565632035891421,0.007011557582893861,0.007758568910309914,0.01022785357535621,0.011865993397264102,0.007760883953549557
2022-03-25,0.011149347744884998,0.021694041041298646,0.012732509238289048,0.006189528172937508,-0.0005686612903316954,0.008296978143805603,0.01173862469349553,0.01439254120147497,0.004634122485502516,-0.0017436708995180069
2022-03-28,-0.004489762838602739,-0.025073659541990985,-0.00278721525401761,0.00028935653300140473,0.011811988350382394,0.0041226469845437735,0.0126503642509725,0.006437059706902317,0.007238697985070983,0.02631936366868581
2022-03-29,0.008401987390479785,-0.0026076950206113964,0.0022809698235461114,0.009210355969315945,0.021014365224551426,0.00885233569452164,0.028909716807253204,0.009240546667305397,0.005883757180562714,0.017273812543121304
2022-03-30,-0.003352569559231208,0.01155162914950602,-0.007113852301086867,-0.0011466077378430033,-0.013422909774710256,0.0006574737882743271,-0.0055107601605720175,0.00821714217525019,0.001953505875072203,-0.015310041608857766
2022-03-31,-0.013409086527043167,-0.013642669342260435,-0.023214795241044542,-0.015513229077860922,-0.014926254590925109,-0.0023689314227542516,-0.011113652526807044,-0.001073611935694254,-0.00980639237178313,-0.019378712632168126
2022-04-01,0.010494710426116419,0.008078353714057872,-0.002612922760291345,-0.007798711856017019,-0.0029614440208235305,0.00996486852652571,0.019672657240931035,0.013870699681314947,0.007852886496710952,0.0012424887997345532
2022-04-04,0.00022461328445857456,0.0012970280435669163,-0.004458138725303917,-0.00127308102721594,0.018817216998926554,-0.003136209081760186,-0.003048244553551957,-0.007711991141791407,-0.00836414091964814,0.022209974098081772
2022-04-05,-0.008000612738864377,-0.0158060438854675,-0.006327158992771202,-0.014310784624816872,-0.021281383837109893,0.0009156469172421055,0.0008136672284433738,0.006253651194611321,0.0021159301695003307,-0.02372284040487465
2022-04-06,-0.011606629019222449,0.0059076490529426295,-0.006900628728667767,-0.007783652625932919,-0.02394476368463127,0.012603242785290089,0.014737507777447409,0.0197012047911478,0.015117291320231508,-0.025851597379806513
2022-04-07,0.006502708538789231,0.013003825818921186,-0.0010655807395115672,0.003400360714432527,0.0015538189875869343,0.012064090915322538,-0.008250477831615121,-0.0024740072776944662,0.01905644892906877,0.005091589516166837
2022-04-08,0.0061218855571428905,0.02714748931248097,0.010079893687694755,-0.005606853051577185,-0.014072886592730255,0.004200681458176861,0.003630457816340333,0.003383901690754706,0.005968618940760917,-0.00926156999492728
2022-04-11,-0.004985344018625781,-0.030512350679971073,-0.00449705352068686,-0.0032177950461658466,-0.025517936036673114,-0.00407334521038717,-0.013784841461078598,-0.013737140758986206,-0.02008396134883036,-0.01872810189172369
2022-04-12,0.00022707813749022428,0.016457129615507174,-0.010929158749868053,-0.0016130755452136252,-0.004452383223384689,0.00025494887264721134,-0.003066495419042025,0.003812687205761499,-0.009762565098512525,0.002211633908358177
2022-04-13,0.014654914127260098,0.014809384931405404,0.0,0.009338871703114341,0.015962764652848353,0.0055952941316228305,0.004086693615140916,-0.0019702645983896,0.004893195961609217,0.02456299024322489
2022-04-14,-0.003362812613417519,0.003261120518041456,-0.011320878746191058,-0.0011000607438464167,-0.024586015580420777,-0.00025352616182604525,-0.005726148726483325,0.0005261234338013469,-0.0048212294640993785,-0.014082196141399323
2022-04-18,0.0008976085508847983,0.014546203142724798,0.005946264404347532,-0.0035083475390349462,0.0032679111143069646,-0.008278861204424304,-0.002464098218325866,-0.005402885761916394,-0.011096748400165531,0.003022346463463438
2022-04-19,0.009379324916254577,-0.008179237361234019,0.013649123166099801,0.01801142639918825,0.01858647053549015,0.015104390104982376,0.020753538612250183,0.006453284439862463,0.009508872361908059,0.028591401416610412
2022-04-20,0.006314774355318077,0.0038500648039437014,0.006887507560471588,0.00540927416118075,-0.0009346953519252644,0.0148800598213958,0.018751945669427245,0.008106790110444911,0.013347701201287289,-0.012954881521870775
2022-04-21,-0.01647974165174733,-0.03224850851336973,-0.015966374819517095,-0.010253279236276502,-0.017108320447121943,-0.0008690400155521644,-0.006543006678502306,-0.016676511964321315,-0.011110596964146053,-0.009730104563150585
2022-04-22,-0.03810312255353455,-0.02475683247063197,-0.030227153094430612,-0.024883357556959775,-0.0283881317659415,-0.015775838969886012,-0.01806575267976995,-0.016960037845660365,-0.037155692561550546,-0.02349606864152494
2022-04-25,-0.0028029539168358967,-0.03362996961381876,0.0016579437308352262,0.0,0.014914908140684423,0.004407022347782784,-0.004669644587181245,-0.006892689750823037,0.006710487051154497,0.007197120789878928
2022-04-26,-0.015559014947881556,0.0013562498056813293,-0.0254383019150188,-0.02208505077373015,-0.03796296649394552,-0.01557475859106983,-0.015793420874545022,-0.010085503257690585,-0.017768485791434512,-0.05192041790462393
2022-04-27,0.014622786746868129,0.014531849651065187,-0.000849812702920349,0.0037320560704520982,0.014696317617867775,0.0036940745712746768,-0.006013572563941721,-0.004806204645355901,-0.0021960205605960903,0.00011894201374766358
2022-04-28,0.015680674213281794,0.02987280505672654,0.012671177242212997,0.011215814231602806,0.039250449109911247,0.014641223735063652,0.018137307171068883,0.011087819030354844,0.013702975698193131,0.02030966600834931
2022-04-29,-0.020256553079658644,-0.026006055124619527,-0.03502141147165696,-0.02685913825749268,-0.042568465583004055,-0.02756590451241211,-0.04940327055131487,-0.030405843954238163,-0.026060134028169826,-0.05215235358683564
2022-05-02,-0.0030626183193456996,0.01584167380631209,0.00028951740898959657,0.002099884492874984,0.015088776422706764,-0.013224749875715095,-0.02630858537739593,-0.010296980315881249,-0.006236380155651183,0.014506237652351742
2022-05-03,0.011144456017594983,0.027643259185104237,0.012951528015281146,0.0065864814711055954,0.0017396587396270697,-0.0028755262904323177,0.012044437975619307,0.003820744586052414,0.0031614896012785026,-0.002483982070340801
2022-05-04,0.031916305877967,0.0406947541568633,0.030139109818019944,0.0285557372192572,0.03451077686024312,0.022263434775120838,0.011685874114331208,0.02207075232088041,0.021930430286490218,0.028937300849903844
2022-05-05,-0.03144943079151104,-0.015160260416624835,-0.029567304216339248,-0.02647399520873162,-0.04929046652065085,-0.0191271484163978,-0.025935705612432716,-0.010276403523081765,-0.019623345118288987,-0.05767527296836787
2022-05-06,-0.014446697705765508,0.029370561048737184,-0.0071703539186002705,-0.006781928613852215,-0.008077204310390867,0.0010433574828900023,-0.010209023971176925,0.007924901309731018,-0.003154443912329269,-0.012754134960527944
2022-05-09,-0.032095936057720306,-0.08635382871728632,-0.024181840800810532,-0.02448067898526347,-0.039468427437630835,-0.00039097917409783734,-0.047742016464256666,-0.00750620646162988,-0.026230756952796076,-0.04355243274887583
2022-05-10,-0.006249560435061784,0.00903090505033523,-0.008886428377206348,-0.0065659048679646064,0.0151298066094825,-0.00693470672145184,-0.022478145535083018,-0.012213043645899826,0.003553206425434122,-0.0029767438764251686
2022-05-11,0.00049164344565402,0.013331206942061559,-0.009266018562806604,-0.009112539955713582,-0.0320711183876171,-0.004342522708574417,-0.001436694936383887,0.007177339797888701,-0.00664307871117853,-0.03649505726385393
2022-05-12,-0.0018448596082838553,0.0042336816400945,-0.00753593674753813,0.0018509545498860238,-0.010365176954121827,-0.00026399400900365484,0.007400926600571788,-0.010147821847769611,0.009633737592016845,0.006846840775994344
2022-05-13,0.015269486461615332,0.03361142427398198,0.014418969421579143,0.012646743561192232,0.032694054017500924,0.01492581956171295,0.02466971804348603,0.011829349750939383,0.010553175550022846,0.03861723123237614
2022-05-16,-0.0018201355619210113,0.026026126319022406,-0.008385794403982079,-0.001397243635991856,-0.008871741408167813,0.00453798625903748,-0.00815580417259111,0.0030751657801507686,0.007360334503663026,-0.02183632649811039
2022-05-17,0.027904416577264828,0.01151233292864011,0.02641466238467035,0.022441723613037732,0.028550521203858484,-0.006880126316410165,0.010705176767700561,0.01027485644018352,0.013646165346965314,0.0249168101162554
2022-05-18,-0.03155435375821058,-0.02596892812735815,-0.027919439299870695,-0.037942450538536045,-0.046836657143579756,-0.0665117237699288,-0.029600223796972636,-0.009716673458582143,-0.02615180369282427,-0.06761912229236666
2022-05-19,0.007044727937146522,-0.003678227510658792,-0.006648709512904449,-0.008998419255167187,-0.011026874770100899,-0.017980507359679782,-0.0019096462782519463,-0.0020944030555539663,0.002185959314075954,0.0006997757751998032
2022-05-20,-0.0024237601267243255,0.004289487010951869,-0.0018209149772539937,-0.010861205625238544,0.0022150517233982927,0.00212397265653197,0.011637644902054019,0.002791663886146871,0.012093060624620889,-0.01757808329377058
2022-05-23,0.018155232741711807,0.026072716309064544,0.03198598349246049,0.016248022802958135,0.022706993737803167,0.020440209696206912,0.012903773632272082,0.011916377931655715,0.008746013720369504,0.00745009580674921
2022-05-24,-0.0057355947811717324,0.0038056015785831467,-0.0020615530682579347,-0.0005484277118036435,-0.014954298808842078,0.016220438849643085,0.011587354858143174,0.019775812252564286,0.0029743229000618425,-0.026068444779309658
2022-05-25,0.00442400379209736,0.020442461195913603,0.007928368169607012,0.005797236157925026,0.011591875337904543,0.00027265213555688556,0.005514890242647078,-0.0006757352225210568,-0.0003044672458301785,0.02783429601379419
2022-05-26,0.018206000405891258,0.010987160148501686,0.022843261251774966,0.020082657393576196,0.023739849152486007,0.010576320070433454,-0.0011465096441248535,0.0028336771622549,0.004256972996399809,0.04787899906538213
2022-05-27,0.023159653005345858,0.018123285833803134,0.016726078055756245,0.020316027235548872,0.03327754076561443,0.011532929014591886,0.027826560880152715,0.015510378502723044,0.01647576790360009,0.0337310678870212
2022-05-31,-0.015341315932696784,-0.015137050141868407,-0.0028151035038946337,-0.008098103329487707,-0.00716572033517781,-0.007091638544222101,-0.013477367632884573,-0.013894218738781319,-0.01344655250474881,0.005059947413391654
2022-06-01,-0.010046819358330584,0.016153110261263988,-0.016200464567482982,-0.00614312280896607,-0.002994766450496457,-0.013111008667194347,-0.010913900809328593,-0.0016161597639416279,-0.014472738730861424,-0.010472400605590751
2022-06-02,0.027218192147057167,-0.0031646599170010855,0.01365989279590337,0.01894352941809561,0.023920745423992466,0.014452637773287261,0.014976345743970438,0.006715238967361021,0.007871843639708838,0.030143110537411914
2022-06-03,-0.009759573526279052,0.013157377931023907,-0.014520054121258792,-0.0038645202917790503,-0.024206461702704546,-0.010108325658800793,-0.012692789516633914,-0.004830417426744594,-0.011792886355047834,-0.02968541120999118
2022-06-06,0.009416740210995167,-0.0011177764646518704,0.002863590688435341,0.004177318332050941,7.138052008396912e-05,0.00040606165802710626,-0.0029694707534430277,0.004428820728288198,0.00015394558418162251,0.009950096756464874
2022-06-07,0.007175026370214649,0.029425132065345916,0.007691459716416149,0.013354911966425825,0.011858078550904094,0.0052671701975088026,0.011599815335435231,0.0060076552078666585,0.012932269006820228,-0.002461963849640547
2022-06-08,-0.020985734927764683,0.0021695882675484145,-0.017750168675284828,-0.01826527329094485,-0.011357995773974902,-0.012333151929229928,-0.024262945307992643,-0.01975997041202965,-0.0079383971591502,-0.005920923094316613
2022-06-09,-0.023925239160674388,-0.02235444846606661,-0.025451271430284122,-0.019886433730673878,-0.027064064821414102,-0.01511453525820975,-0.02320506121890158,-0.02432270889972201,-0.022866636032000176,-0.018241323956988555
2022-06-10,-0.03110184724616504,-0.017099986711885114,-0.0368177006498901,-0.029930553545664464,-0.03919420103089339,-0.004300992669637204,-0.02399901023506353,-0.007680195342221362,-0.01620386488118755,-0.040691989186231646
2022-06-13,-0.039842913080262575,-0.05360409686852281,-0.030272222246873513,-0.030513746325805644,-0.04533280501761593,-0.021787016973698458,-0.04928829904859708,-0.04706748974939493,-0.03074925958943153,-0.04726873985489095
2022-06-14,-0.007674433271681925,0.0019011121063764154,-0.00859184624330201,-0.002499829138635491,0.00628606708308538,-0.011865185320637678,-0.007170416141446657,-0.02559661176612016,-0.009578124753593192,-0.0007985337130468367
2022-06-15,-0.0002570833141189273,-0.022327232553909466,0.011123456611634327,0.00962448566786827,0.020879907461714975,0.0010060600729701289,0.02261568967037204,0.006460838289042733,0.010071134631008904,0.02771850325326619
2022-06-16,-0.036757691275192274,-0.05797253000947846,-0.025609419163832477,-0.03392494905643088,-0.041557204246783296,-0.007642735014471926,-0.02415869391325708,-0.019509172763406607,-0.014811579392387336,-0.05019294704950865
2022-06-17,-0.0017337326939228538,-0.05622062727447354,0.0029140947566274867,-0.0025679133220836083,0.009109005814357514,-0.003625689447690127,0.0059025997816897855,-0.009359492380579412,-0.0005835154308283798,0.010859510898910464
2022-06-21,0.015006696043560096,0.05050857473546871,0.01976039574842626,0.018078103933224933,0.02512876325877456,0.026334396172348014,0.018452171797226434,0.01885617919837063,0.026565004009164013,0.028202366514367215
2022-06-22,-0.012925496053334753,-0.04085485895803687,-0.002232992917016731,-0.005549136010317014,-0.004245563539078072,-0.0007129365752971163,0.016076980883083628,0.010466551212068124,0.013770870564609823,-0.001934834756801455
2022-06-23,-0.01377492595138248,-0.03777166322897982,-0.0038401675630515566,-0.005113673544736196,0.01485907828798867,0.019217621991617584,0.019494589362590353,0.023267362541578896,0.022197519731610098,0.015588043535478381
2022-06-24,0.03893837747287143,0.013075843103906045,0.036207271655847285,0.0343594436196677,0.035310793362229524,0.0194045884937099,0.02151682201742936,0.017246726466664815,0.016466079367523062,0.03742877438981483
2022-06-27,-0.008273906979268211,0.028911809066746858,-0.0034070404083301384,-0.0023670987039184966,-0.006767045160303591,-0.0027489214795226578,-0.0035944175918718718,0.008082103309654374,0.0037082486011966093,-0.010531985683185353
2022-06-28,-0.01073923773500918,0.026646527004476315,-0.009978383330751921,-0.011691962397506535,-0.030408558311287838,-0.013441754745298537,-0.01377663797967581,-0.0037441665317924453,-0.01758102693885496,-0.040764756727536246
2022-06-29,-0.007224104677446454,-0.03536976563076748,-0.005656883659226714,-0.005840517730176599,0.0020200287138782804,0.006258126855873598,-0.006347493151418227,0.000721081291762023,0.008673618046293217,-0.0007881089452485408
2022-06-30,-0.01188538034881773,-0.02130693226358722,-0.00886352716680706,0.0030963637693668723,-0.013439868706095292,0.0006933643975326084,0.0007343767275922713,0.011040269564917903,-0.002258783663832312,-0.014801163868343353
2022-07-01,0.007040412473899472,0.014852148131226527,0.013579752497525124,0.00866405163086676,0.0022788409940956884,0.01430536081814557,0.017708108981978103,0.024229891366490976,0.011166192556394137,0.018235390081528243
2022-07-05,-0.020307672960223823,-0.040488885660640316,-0.0034560941261083922,-0.015096390762242201,0.012479596506455932,-0.006439460195806679,-0.004095928196007167,-0.03469363306811244,-0.0058001068236223615,0.022109549144585915
2022-07-06,0.006313564031638533,-0.017220705613146016,-0.002521467018657888,0.005745076068918142,0.008567148670465949,0.0028819994760070355,-0.0007242343307960272,0.01032106475132229,0.006725227576185234,-0.003288743824219736
2022-07-07,0.008853743123392266,0.03541866914382245,0.014411420903325445,0.011732008067080206,0.0204625757474101,0.000959285544512799,0.0007242343307960973,-0.000998515548467786,0.004228301808070008,0.025466694042291283
2022-07-08,-0.009811820151909675,-0.00042307983355941657,-0.002179834129167435,-0.004539702031964388,0.00045159919697059203,-0.0017817180519429272,-0.004597563667396912,-0.003289020522277527,0.0029875597652803763,0.00013611131083384592
2022-07-11,-0.0027428351155286673,-0.009630456327921682,-0.008137745135795536,-0.006734170807913732,-0.01386851707477537,-0.0013728048856342496,0.0,0.006282311307322654,-0.0025273634104527017,-0.027778297781324485
2022-07-12,-0.0019240745785677668,-0.019688771567126995,-0.006305030928818689,-0.0030967027647590527,-0.013754206127391784,-0.0028885745847725152,-0.006325870509200813,-0.004850946405750862,-0.01281094303607461,-0.006059248325794793
2022-07-13,-0.005795674683270762,-0.0015976553303378303,-0.00889469182919438,-0.012251822318094727,-0.0026340328637332404,0.0006885075202769152,-0.005384422033156993,-0.0041564314138477715,-0.009756050711249836,0.008164370121121403
2022-07-14,-0.018577276328094573,-0.01907904607330592,-0.019330599076319784,-0.005714586131207547,0.009111914207801811,0.0008254909842300736,-0.009864504457639686,0.0,-0.0029062629387103193,-0.0008416275771664532
2022-07-15,0.01552801520003584,0.016167328865031742,0.033272491911854746,0.015550935080575342,0.01745020696516327,0.003295975668327446,0.01598058251402044,0.0018652018192064437,0.023861642049984248,0.01600706671842119
2022-07-18,0.00235690790233936,0.02263172328132006,-0.003783139099942913,-0.006005957854459581,-0.009716004892795454,-0.0097818787830127,-0.009804060684654644,-0.014002361924327049,-0.021347615510045683,0.002895671644483232
2022-07-19,0.03001190314810274,0.030322594546318273,0.029564977631149986,0.03505939091109297,0.030054836073646615,0.010467083683362929,0.0272128136029873,0.006376140233945351,0.01688288626572411,0.03017487404754255
2022-07-20,0.001745644768008502,0.009632277145027856,0.003673067879183537,0.007688534788316265,0.015497074432554058,-0.006735897816937016,-0.005046366292503892,-0.013378208502535259,-0.00992404163758328,0.016298269165935315
2022-07-21,0.014120308267557643,-0.01768510050188254,0.006395567373826705,0.0071889346939836216,0.013968068951418037,0.0030299228119086466,0.010305720341606055,0.0026315167214268284,0.01569367374123306,0.02261133292097087
2022-07-22,-0.007168481650894185,-0.008257892539589778,-0.005784584995078688,-0.003201102906336658,-0.013895087839995409,0.00657874260425596,0.0076008058493833,0.013631227212895202,-0.004150749272052626,-0.005798797827703752
2022-07-25,0.004121430714394261,0.03602621269628428,0.006391796938510632,0.004742910517915119,-0.006360157092695841,0.004906296548199077,0.0007097413372105477,0.012453007122201253,0.0052239224683619905,-0.008631726911196952
2022-07-26,-0.006789510877851569,-0.009125087163763089,-0.014054880967610912,-0.005406266808296051,-0.01634149229664266,-0.00231380221190357,0.001889945154614586,0.005956333673424641,0.0051205461165498055,-0.03272907835604327
2022-07-27,0.011950914210564515,0.02232406336783157,0.01526764481082558,0.015369561117530954,0.04211549634578709,0.0067897258572516,0.005413716189715379,0.0008480160306508333,0.0062317230943964765,0.03715157393698312
2022-07-28,0.017532671236328793,0.005603921253814646,0.007246347517250417,0.02070150882641331,0.015109391522248156,0.01584354948871829,0.036191692839271976,0.03525731363788645,0.006343209623451218,0.017050431869344275
2022-07-29,0.01327065477607228,0.042459593758589036,0.014040477526972541,0.02038633341375567,0.01523140676929887,-0.007756357160385552,0.0038412100190852705,0.008555587096972116,-0.003317652933134947,0.0380547285435546
2022-08-01,-0.008096020461407052,-0.0208744050558058,-0.008340799828650899,0.0010451273194028202,-0.0021518998886681257,0.01240802299523444,-0.009062093543350264,0.0010812139426714614,-0.007429268337029312,0.004961856410521219
2022-08-02,-0.010245890820244501,-0.002346556735350398,-0.011129478843333575,-0.01060559473524601,-0.007113180597105119,-0.007987517725024002,-0.013287760342009023,-0.00202816371605825,-0.00358300217563977,-0.00686764723851868
2022-08-03,0.0010422768211309278,-0.029133213561856452,0.015010774274827866,0.009351395397975552,0.02624635297679856,0.0065277135149815185,0.00414269383941119,0.0062067887540520885,0.009122378262713225,0.024074078578501988
2022-08-04,0.000651072504285385,-0.03779199232148552,-0.0032829810461554605,0.003653560029119655,0.004557184211918617,-0.006661388346757116,0.0009183391422328657,0.0021502786220493468,-0.004930821918488497,0.004076266277396011
2022-08-05,0.0035075252439178443,0.01962187123655834,0.0071493306566113414,0.001561854593133601,-0.002309999100244102,-0.0022748714376168372,0.003207362996464966,-0.003630914647287368,-0.0003804264526348376,-0.017196643866147186
2022-08-08,0.005561243381721558,0.005186326734188541,-0.0005941717146105159,-0.00031239467348467104,-0.00853841338660146,-0.000536096578928529,0.007292771008006861,0.0014806360252380161,0.0023554889251961334,0.004493583091966521
2022-08-09,-0.004913085139321785,0.017408368659430906,0.005036204861386114,-0.0036488206114981938,-0.01006618299551565,-0.0014758624218895416,0.00791592873924916,0.01110324243287713,-0.0030403372168716666,-0.016062880994420867
2022-08-10,0.02798742760936342,0.007197819237785862,0.02221030097966666,0.02169717036949143,0.026936057117082857,0.007356727394008343,0.013425812035723567,0.004380684123948613,0.010827236911879645,0.027808502824632597
2022-08-11,0.003396866693827995,0.03382191239851632,0.01178025081624718,0.005300750106509142,-0.003920207877241675,-0.002401701414675628,-0.0046786260938031544,-0.00013264150594169698,-0.006497620986019787,-0.005103067311447643
2022-08-12,0.01866424611186748,0.007547415162950938,0.015587825125471957,0.014934773290340682,0.01971399279838933,0.008645261184953375,0.016829397664016695,0.016162242415726925,0.012728437261697426,0.022378135637741492
2022-08-15,-0.0006169133653527099,-0.019690449791150224,-0.00028173378999291374,0.0024009162731254115,0.006288011659311444,0.009883661904838598,0.004382249672059799,0.008307206749196175,0.005001966419866802,0.006862000516022492
2022-08-16,0.005535741738730741,-0.0023423944602678852,0.007287129243573846,0.004486250027125585,-0.0027089512495378043,0.011213985211880445,-0.003943045009086578,0.0028398587423454653,-0.0026846254890537267,0.010987235811054985
2022-08-17,-0.013834215641201077,0.008303143413935472,-0.005039019652381344,-0.007989586650265036,-0.007170976518058155,-0.0028568069202923544,-0.0028573275806650883,-0.0016768674492547056,-0.0058408816910438125,-0.010811755964188607
2022-08-18,0.0031044623950820097,0.026518661755219334,0.0011218771071546975,0.004002732103223541,0.0051841219064287045,0.0033754996840784854,-0.006847319865153702,0.003737215510318593,-0.004441030762279002,-0.0002921149840982191
2022-08-19,-0.018521331635208006,-0.00025190389114974904,-0.020105604146921932,-0.012967094347292388,-0.01833063704027911,-0.0032454576493974588,-0.009799654035129429,-0.0005147166943789743,0.00271239443982059,-0.020851845691540895
2022-08-22,-0.016043038024742072,-0.0018895532082392516,-0.022271167675917653,-0.019203539550315236,-0.028280734540157147,-0.010193519925838643,-0.02103433726793637,-0.013736092319323386,-0.013177166976825848,-0.028148825895737747
2022-08-23,0.009834335387944407,0.03542623423561846,-0.004103425535749413,0.0018546170633344293,-0.0026428686108118066,-0.004344052012738548,-0.015200542533585425,-0.0060200697619437965,-0.01404836164578953,0.0028201919254804285
2022-08-24,0.002158739398138512,0.0122168054131689,0.005272644829366994,0.0032886556574972963,0.0006264447401820256,0.0025033477040309784,0.007859451549258045,0.003145441748616555,0.0012360097209560298,0.004276297633692178
2022-08-25,0.022447366528771353,0.007664531449436037,0.015364725591841679,0.015172772060314603,0.016769928313166708,0.004595368231181959,0.015309185715923768,0.00613124141874964,0.01098117869990228,0.011877614538662597
2022-08-26,-0.031108848271803113,-0.011760619147000228,-0.030375873616462337,-0.03527905536660347,-0.04364325259443146,-0.025069263424644203,-0.025724626978351522,-0.015465356933510468,-0.02827125580265688,-0.038815879851837425
2022-08-29,-0.007060840124380551,0.01497655190338939,-0.007143008870571789,-0.004511742457970202,-0.01331377061839398,-0.0016129224983767003,-0.008646082030120364,0.003033194378675592,-0.007016384881438103,-0.005337625992860449
2022-08-30,-0.016497037007285123,-0.03447966674152038,-0.0053907727329469,-0.014512320867741277,-0.010487472668037384,-0.010413243442689218,-0.01441950444884497,-0.014724882241502734,-0.006667923280477358,-0.011206530479169577
2022-08-31,-0.012388000482764774,-0.009150781031105497,-0.007535915474217194,-0.008465052175419494,-0.00978471229929773,-0.00613643930050536,-0.0035777137625038332,-0.006569700614598999,-0.006391753638919247,-0.009917633350622951
2022-09-01,-0.013215300170859753,-0.024903641471214284,0.0030211966803171003,0.001397822522745144,-0.004891352791645026,0.005592469712695327,0.0035777137625039555,0.01429099334812522,0.01629805582996582,0.009089629425110568
2022-09-02,-0.000940946528421097,0.018173023026903254,-0.007874227019237963,-0.009718000955599786,-0.013086888433730598,-0.013143907955288962,-0.017291584366816756,-0.01079966494703988,-0.014456266076898178,-0.009218449828210793
2022-09-06,-0.0030982471738843437,-0.009297622738602043,-0.0024351276891470897,0.001626195490127471,-0.006645936876986849,-0.005666438118139498,0.010362950971535312,0.0025438623666527507,0.0009596875835648314,-0.002060136313635867
2022-09-07,0.027282329663612936,-0.011681368616745172,0.01961718967683471,0.015905766563839765,0.015861961131474197,0.017857571891609393,0.01899844732778075,0.030807997261467667,0.016174184915250654,0.030214910970869466
2022-09-08,0.00966809545673635,0.004332963636623859,0.01747916862422257,0.002980932271497028,0.003424720714618438,-0.0025899138251911777,0.002818987214866907,-0.0007780619109760481,0.01723171133002826,0.009273518226736614
2022-09-09,0.014970080263101418,0.02461820062780146,0.00906334176420449,0.012885551988555021,0.01957839292878311,0.009779974162670697,0.009571505080239262,0.004013909656299938,0.008773945198564575,0.018779271594334415
2022-09-12,0.009307086176182259,0.018195865808711645,0.00811613417547232,0.005964030501842355,0.015907630716220218,0.003912205161575253,0.008329716926773662,0.009518107598340795,0.0066444636315056045,0.012806970808329744
2022-09-13,-0.036311443133831646,-0.025542985006477902,-0.03795139296833368,-0.03838652988969513,-0.054545443182142425,-0.033962022131736824,-0.03876014923488961,-0.026986698372333015,-0.03359440316233901,-0.052937591154978814
2022-09-14,-0.012313897453215586,0.027855079576640643,-0.0030031736498959028,-0.00195311079414098,0.003629545741065771,-0.00041789225602474676,-0.012290568018206586,0.008120749501808496,0.0005508389925412727,0.012765347635301554
2022-09-15,-0.013277335104811537,-0.026106701540680417,0.003303062668801254,-0.010481568689882608,-0.023291503212797535,-0.00839615104604363,-0.02206509761741198,-0.025231028236921534,0.005570645553254404,-0.005136805543902447
2022-09-16,-0.015921899952028667,-0.021565785474714702,-0.009033561493458814,-0.021074546578968838,-0.005578162793554228,0.002385988677675064,0.0002477182110820093,-0.003752748731725783,-0.0028206106492487445,-0.008071801038547485
2022-09-19,0.016418515774724786,0.000592477609812355,0.01127807144612433,0.013480912158298717,0.008121553065760954,0.006624193461721499,-0.0019023981219963286,0.013308390912862237,-0.005402827069587072,0.014049750735680528
2022-09-20,-0.019181373280121546,-0.0069792861269793866,-0.014842000299334548,-0.012523882669760969,-0.005888901024250249,-0.005482038410096506,-0.026661580942513544,-0.014647643509139658,-0.011791114850180525,-0.017099721289100797
2022-09-21,-0.022098596063575737,-0.014764546247807328,-0.020969123446799662,-0.013366725346312069,-0.015743290958208395,-0.0038125836920457107,-0.01477681870566046,-0.013767080351862976,-0.016728352242842186,-0.02395955779642701
2022-09-22,-0.012093720106343055,-0.003560719837016139,-0.016970961697021933,-0.01516758472285275,-0.010236089124721846,-0.0014155803478533792,-0.009446076117102428,-0.003574980001860159,0.005283084493123713,-0.023345754357472614
2022-09-23,-0.020681901718742436,-0.07144897694430744,-0.015974741652138247,-0.01893461862698311,-0.013166582227240497,-0.01714857597557046,-0.012469232451794078,-0.011637583170858078,-0.005119967261870802,-0.023289021636693528
2022-09-26,-0.016354197337873248,-0.024852376247182457,-0.015906768894577955,-0.010556986668308734,-0.006974382869099064,0.000720524177784228,-0.027332022881205724,-0.024403421307887106,-0.00957894577931231,-0.002256518771122018
2022-09-27,0.002225901926980797,0.01113765972080175,-0.00426299089759561,-0.0033444011160078152,0.0013013264139184466,-0.017434681173628785,-0.013256051310983553,-0.016993548162132575,-0.003048380044521535,0.003144008711441596
2022-09-28,0.025462173896185825,0.04335065236565591,0.01952549148138916,0.021775886333443212,0.010510218521252177,0.011946530290543189,0.0187281951664903,0.010690600436209532,0.02163077253635944,0.02666281617719496
2022-09-29,-0.014847403072755904,0.0,-0.012648369776431153,-0.017477924342967778,-0.02640309078491834,-0.01664739593607306,-0.028225364969606242,-0.04091774003564005,-0.008433206698738134,-0.03516014338240859
2022-09-30,-0.0026432384790826507,-0.00802140440852349,-0.009180112553272208,-0.013191333595831757,-0.019343739866246865,-0.01752892802444288,0.010608517334823873,-0.019500215017231776,-0.013857822861339056,-0.01987827957280393
2022-10-03,0.031978372285297284,0.05497329576788482,0.02665099172964082,0.029732414916015717,0.030511632395653986,0.017086863093423565,0.01843508675099738,0.028886964848335306,0.020351142304997995,0.000982144581538363
2022-10-04,0.03608302385995358,0.042077414884229905,0.03652774794651057,0.03421006419355441,0.033010911364696964,0.01506001219356931,0.01568871387656565,0.02098558427154557,0.022954646495812657,0.034329398778402735
2022-10-05,-0.011327805177971969,0.02045467951216895,-0.00776028568650337,-0.005450387763243948,0.003312787687393151,-0.00582153751099084,-0.018692006485393688,-0.02246950295701225,0.0033155771925985097,-0.005912961714882314
2022-10-06,-0.010614606931170072,0.017621540238340967,-0.014122359638333104,-0.011566027190351722,-0.00822325982150105,-0.014704049021364473,-0.03336469085490692,-0.03352771455205992,-0.012849340967035753,-0.007114655835075802
2022-10-07,-0.02502271780170075,-0.007793357206844734,-0.02398960883355444,-0.019305020496937338,-0.041997103057028105,-0.015073839560355755,-0.024035222929912028,-0.02095213250082339,-0.02138105926429908,-0.035000471167808404
2022-10-10,0.0021573390154648827,-0.020751728932557237,-0.00454247235266982,0.0035164481535152766,-0.016951690283306814,0.0036023834620038196,-0.0113586962445452,0.0017236785802478057,-0.006299461641782611,-0.006204897059129071
2022-10-11,-0.007787944028698184,-0.008020040142537715,-0.01276401316509086,-0.00023399531946574672,-0.015446386831424005,0.008207160873503988,0.009329345180932098,-0.003607613713181252,0.005320206176922939,-0.00818908462612989
2022-10-12,-0.007557112325524497,0.008020040142537755,-0.002308240022755751,-0.00787274193181484,-0.0030836734156083775,0.005336034090174298,-0.01343861761352853,-0.033879782726748214,-0.004909851107233255,0.002593427705470523
2022-10-13,0.028900209224942953,0.04000290931896617,0.04043875515680758,0.021819781771500457,0.030584498006155484,0.016419906477693057,0.018648411743098614,0.0247242969970618,0.023030512216145514,0.010875818287482915
2022-10-14,-0.034312229728068154,-0.03800774884437696,-0.016946716464399842,-0.022173747922185294,-0.028527614846739487,-0.018195526075952533,-0.025436120402878844,-0.014535739835647002,-0.006756924830681672,-0.038077038998754434
2022-10-17,0.024628129180974023,0.012379390361022488,0.02484204979906488,0.021596348962459565,0.030024229192985592,0.0107518765652768,0.03663184154003771,0.0207013350631578,0.015933812217924188,0.039783429878087626
2022-10-18,0.019415382460493485,0.00869711294111533,0.015915322910651307,0.02385030937534849,0.008438764793863211,0.012954205960811342,0.013046470337054836,0.01811694281570347,0.005544932676997582,0.013688279820955204
2022-10-19,-0.011859428074298585,0.029088664755949647,-0.016544589295892857,-0.007129462437914558,-0.002887593096259454,-0.004638299899060262,-0.02539739340322049,-0.013086399223276576,-0.014080835498327698,-0.011275634067323745
2022-10-20,-0.007269575302479895,0.0009472237470427619,-0.01618324455915694,-0.01984371749366967,0.0005782377773652969,-0.014045458514223917,-0.004925504865656378,-0.025571169567385907,-0.008528450357012721,-0.01953752107475665
2022-10-21,0.03403488248573597,0.028470090994700038,0.029316586891628374,0.027085909823078003,0.026403090784918235,0.015207143152484275,0.006946652689493666,0.01833170491911664,0.022214264650391925,0.02870871833475671
2022-10-24,-0.005824519909267246,0.004705200455994779,0.01326979339270107,0.013217094432346699,0.013738232187066672,0.01783448770437405,-0.0005771517730323435,0.008336468445901187,0.019098814302423914,0.004134612674532118
2022-10-25,0.024455195649595994,0.0010302899648247015,0.011884921203406337,0.013373941832025393,0.01893742156180502,0.013029429753759052,0.03877669091101131,0.019851944754675437,0.007569516846262964,0.02472864861350575
2022-10-26,0.007032735485131034,0.013518829334251773,0.0024205893390058615,0.0035073136526382062,-0.022513554998584217,0.006591350287342798,-0.001945383131398319,-0.0004609337532077571,0.011019212371512148,-0.008083497221337882
2022-10-27,-0.0025639269424247166,0.0036044925278362716,0.008126469532016466,0.011638711556241518,-0.011449684713019739,0.0008384972182482827,0.0005562271435732442,0.007957181571352383,-0.005264960999172428,-0.003859113400987062
2022-10-28,0.009949213638544806,0.003479265457480148,0.024575610718310256,0.022984510881081194,0.04256635214530891,0.02169022828182967,0.02335597788270124,0.027065533591931843,0.016314751885294822,0.0008971202392671273
2022-10-31,-0.009003849805240943,0.008368372349825374,-0.006161151047061286,-0.0028574664665512173,-0.013284406928131971,-0.005894037127490959,-0.0024473759869072876,-0.009389989980703284,-0.0008282257604924933,-0.0064362430383635245
2022-11-01,0.0025616174750418223,0.009620201700858717,0.002645159776998344,-0.0009543631080898049,-0.008403120692808796,-0.0031669538562422717,-0.0016345654824576996,0.0038860046878011474,0.0006025025590445098,-0.010188315545981394
2022-11-02,-0.026330086512874527,-0.024395305615845908,-0.012701557099393551,-0.01776790428631439,-0.035153229953512256,-0.01752968705124197,-0.026528630849224577,-0.009743185839307385,-0.017160513010464954,-0.03853921008367167
2022-11-03,0.007574347802913015,0.018324330353582063,-0.010158313490106196,0.010420875263844467,-0.02984803322702023,-0.0033739147548039836,-0.0005602178002963446,0.004358744415494483,-0.004221218907079334,-0.005995622824232258
2022-11-04,0.03412114906860369,0.012105597884282846,0.018152449714713796,0.01590368412814652,0.018098105799907147,0.0117596413603281,0.013912382639531007,0.00612991716739837,0.0060575852758361845,0.008325326498455545
2022-11-07,0.007792388642119429,0.017027519060877766,0.009976605467906293,0.010671512173400089,0.016557786798957475,0.008868123702110552,-0.00027632470697868625,-0.01926330565633455,0.010645657159033995,-0.007006148194878842
2022-11-08,0.017087943922981595,0.0009673514139333701,0.005822818122697697,0.008704016864528579,0.00954711210760413,0.002892786087099905,0.006062403474675279,0.006965407216031394,0.0049795438415687785,-0.0024933209445609436
2022-11-09,-0.016298937733449287,-0.0501178854679625,-0.016979600015671007,-0.014025579980854557,-0.026352880979608573,-0.010925912201164348,-0.011049828296522244,-0.00787749225017441,-0.010820668833242206,-0.031019377413197484
2022-11-10,0.0538665993325423,0.022008293552331294,0.049254025084563384,0.04109816851434729,0.07897358424829241,0.02322979624601723,0.07386958626458613,0.04607060782677004,0.025093260412445178,0.07053668145425392
2022-11-11,0.012010160998831699,0.02864667701751308,0.008117456388310412,-0.0006026598063603454,0.01696776053524062,-0.001087789345621714,-0.0005158452427496989,-0.01124663285314876,-0.01231767106881124,0.02371254622804363
2022-11-14,-0.0013547242380795028,-0.0003221426525867064,-0.014319648925351054,-0.006147556853502827,-0.008599176943266104,-0.00792013662366851,-0.02694763210112341,-0.01196935008989087,0.0009010396435737857,-0.01597909369499485
2022-11-15,-0.001480023014755179,0.010471327731481272,0.002259557108133001,0.0068506785380795104,0.012048462815267561,0.008328011206295498,0.012386735566353722,0.010940515418313625,-0.0012768340770853263,0.013564093916950012
2022-11-16,-0.009798539560418203,-0.020619334744001534,-0.004808207571280816,-0.007255187162477567,-0.01379258314495082,0.004882696253105786,-0.0070970628856080464,0.00892941950960337,-0.0004508723879677152,-0.01538666499343037
2022-11-17,-0.0096436848606885,0.002167924303542997,-0.005401808112238768,-0.0017205409546062562,0.0012892398602487487,-0.0002704977753709847,-0.009008910542193767,-0.017642363701539352,-0.00045101495998544586,-0.012211944891444825
2022-11-18,0.006648000323622992,-0.007935274930976283,0.0082330251796346,0.007368097073605901,0.0011362207606305256,0.01063491148920431,0.01269508043341224,0.020988411716662048,0.012036040054558392,0.0013485544935623612
2022-11-21,0.0033697696764771355,-0.013625362945176073,0.0031049143987460863,0.003212762445477751,-0.010808294785640526,0.009462177535920619,0.007071042168611778,0.004492360916336169,0.00044604062508136366,-0.014574958995884056
2022-11-22,0.022422940621878766,0.03082876112911743,0.010095375005849557,0.0076888583930948785,0.01917644271269583,0.007268856147787344,0.004945966115323203,0.008494664679926489,0.008653022560308988,0.011235693231430307
2022-11-23,0.003891095934168221,-0.010893695553978304,0.004176867383750219,0.003772917304709332,0.00882013145605289,0.0034179245387812984,0.0015567507535063088,0.011120891843258136,0.003968387674621137,0.0143428955482183
2022-11-25,-0.0003642687632857463,-0.003693938282148525,0.0033285069776332046,0.0038574322696766747,-0.005821156859036593,0.0006560574066249917,0.005945434798600302,0.0057962134134365555,0.00592338599833082,0.0005612020282619269
2022-11-28,-0.0225917216174888,-0.027813476363942147,-0.017318795931269792,-0.018330834671192012,-0.021639886704900357,-0.003810564678469814,-0.028495036408005683,-0.010343865476873007,-0.007538310786366536,-0.006189059445727817
2022-11-29,0.003347516043939998,0.014996276054482234,0.005899783198307529,0.006114442074931912,-0.009838381846711526,-0.0038251406419951583,0.016568494730089926,-0.007433659455137479,-0.002501237054822379,-0.003179407690588658
2022-11-30,0.02384701833041744,0.004949102246381223,0.016942505417957235,0.016353818638988785,0.04898859070358897,0.019888170902786405,0.023203132112947784,0.024661240921896133,0.02358209332743731,0.03388496321978694
2022-12-01,0.0012075508951817672,-0.0032965839658363636,-0.005800492236613814,0.0002948877274135509,0.0013965152688459506,-0.004544540180962617,-0.0020410135045295756,-0.0008404717914531897,0.0028730307033311706,-0.00013687361109991546
2022-12-02,0.010923836987009938,-0.00596181377419393,-0.004720319185772011,0.005684031970609677,-0.00581940478057411,0.00454454018096271,-0.0048637812493717465,-0.0047752854577095966,0.0025791170791964976,-0.0013009112788856124
2022-12-05,-0.020017408917363224,-0.030124530102514452,-0.025082162546191382,-0.016851588640924585,-0.01676195021517038,-0.012646114325470503,-0.017081023083256205,-0.005647412035898509,-0.009632916675404894,-0.029267770639212914
2022-12-06,-0.008931420764752014,-0.026714802425819802,-0.008886652845829792,-0.011897189122227586,-0.02164348874155513,-0.006185379286684563,-0.007598619788945976,0.006210367210293642,-0.007613141675837172,-0.015713676903932505
2022-12-07,-0.0022146225705884973,-0.0023467140060892057,-0.0040389746389056696,-0.0013083792931987037,-0.005079606150029902,0.004215578763850257,0.002101695021250564,-0.004654275927312362,0.00819100470452189,-0.0060379208242874625
2022-12-08,0.007363214730301303,-0.004474370877049358,0.0008670193088100414,0.005923873125997376,0.01622567142539936,0.005375190434438874,0.00732235168489041,0.006481724425277103,0.008983215251843382,0.009614456069561617
2022-12-09,-0.009952868985326112,-0.02460999604428137,-0.0026031990970924288,-0.008242749888950976,-0.006168316334154556,-0.007744349224671094,-0.0020866833100014557,-0.005209943157642939,-0.012889261201658814,-0.004365027160955587
2022-12-12,0.008606795099680247,0.02590731940594791,0.013233579290184502,0.01701395229654317,0.02161173153111557,0.010486423998603391,0.008320399628355289,0.022613590808647367,0.010597211499308711,0.0025069693220380602
2022-12-13,0.01373968829435396,0.018796816586802902,0.002569020320802003,0.0037639479633028335,0.011742272402916433,-0.0014351891363576395,0.02177067140159462,0.0030319979479621565,0.003078751693032786,0.0
2022-12-14,-0.010805695089793581,-0.006148842982222914,-0.012621921871950369,-0.0018804023930914823,-0.00845863852794753,-0.000653338797779893,-0.009674045216196126,-0.001239150792435185,0.0015715497122106151,-0.007467855675219637
2022-12-15,-0.03099291157567297,-0.006069844031536446,-0.019826070713580606,-0.024464969267106614,-0.03812141734780689,-0.01713248341090203,-0.011578732408956191,-0.01219850538808582,-0.018514266209996955,-0.016570316402053854
2022-12-16,-0.004290252978732447,-0.012369933819840487,-0.007685268786232607,-0.004271936882913832,-0.013324656693278935,-0.004930657615946513,-0.02994690297867471,-0.017161608332486224,-0.014648788733768929,-0.018863619501748363
2022-12-19,-0.013079663447839434,-0.00011961802263881124,-0.0026909862478952623,-0.005278560553223998,-0.01342424689921269,-0.0006324071766481293,-0.011910570818654782,-0.003984822899122675,-0.0037413588095889087,-0.0161848020619234
2022-12-20,0.006554813570971894,0.014978660958648164,0.004182782203594811,0.0012348260049531384,0.0015138681075839513,-0.0008081912987429386,-0.002185670095720798,0.0002872051169352566,-0.00022324318545281308,-0.011712141535221165
2022-12-21,0.008673618881499312,0.018819094793734593,0.015384910139384967,0.01864451871790394,0.01642355152516256,0.009921148438462564,0.010069782371746955,0.013830755868323675,0.013079954285128337,0.01581333924283001
2022-12-22,-0.009698891902184766,-0.023312565462318316,-0.008847044069645872,-0.012799767189395218,-0.025540701974701662,-0.002270687999281606,-0.004886305074243155,-0.006107534582383852,-0.001395762966333059,-0.02602939678844792
2022-12-23,0.006900668188519536,0.03138531116355767,0.005612394461952774,0.005912328849001474,0.0010439322501228409,0.0052009870898959715,0.008939645013051754,0.010205630047698524,0.0005876219995099,0.006822369047251194
2022-12-27,0.0008913533424826479,0.010625859661827131,-0.0002946863194532788,0.0030444200619299654,-0.009515496821973739,0.00477718082928491,-0.0008094006757232993,0.006185701027301411,-0.0025748377112285578,-0.016358103833329352
2022-12-28,-0.015386876363234037,-0.022643385988278548,-0.0035420742231121838,-0.01315751634701055,-0.01625518508578547,-0.012521823654806892,-0.016052544305143867,-0.009576117448108046,-0.006503381648899726,-0.008438939631209922
2022-12-29,0.010795725585844365,0.010408397448195454,0.013801722163078558,0.012245090000098718,0.02585074651078986,0.00428043644782148,0.021972915370208925,0.007190774988480052,0.010840433715732829,0.025414698290006053
2022-12-30,-0.007055635537300501,0.00630763959131493,-0.0026282391343549123,-0.003963088270289196,-0.0013649191986368724,-0.0049506966368117805,-0.009164310328150386,-0.00959915689983286,-0.0036005549882750583,-0.0027061006761593177
2023-01-03,-0.0010303959310628483,-0.035728249054629437,0.0035026688094846902,0.0021359784019761873,-0.00952778917586377,-0.0037631930824851456,0.003783574196778299,0.0,-0.0028749475459820956,-0.00597933683944948
2023-01-04,0.01724735065421299,-0.00011884596951913165,0.015898440715904832,0.008800872525143841,0.0025928029922150627,0.003897080247714738,0.02267057374074263,0.009037016251603257,0.002654209502342231,0.01438306468831619
2023-01-05,-0.015959416956407575,0.018084264607984134,-0.007484111652093906,-0.010835053567401163,-0.019611799908120932,-0.010109871729873961,-0.02970910747466059,-0.021885176242914802,-0.010286940502321302,-0.009333260343125194
2023-01-06,0.03378573413742591,0.01879100926765419,0.022004241129203215,0.027019231553804163,0.02887442169377422,0.02634037032391268,0.02865375795208879,0.019915429044952276,0.009181806654545722,0.02320988830219573
2023-01-09,0.006325345231911952,-0.0035463649233152587,-0.0036813988719539567,-0.00446954513390792,0.01155796791950494,-0.00981315422642474,-0.0005280927163320165,0.006737664507334863,-0.016873184262312307,0.006038819630044288
2023-01-10,0.009965162892010262,0.007080681242891089,0.005657785705350272,0.005459920498531688,0.006162659669742685,-0.0013335456203653147,0.0029011209310465156,0.0002795372286483618,0.008360588402011624,0.01249057105434523
2023-01-11,0.015547488277030301,0.003068136799329301,0.009265560371628786,0.009557203756221362,0.017179826865736922,0.000533542916197796,0.03569968038835726,0.008079553290087159,0.005633828478505697,0.02662306548302692
2023-01-12,0.0037293733232622783,0.018881118443522544,0.0019545388736633557,0.0058662844838529285,0.007405118946325303,-0.007899778669734259,0.011119667639647831,-0.006821542698929739,-0.0031838999074197396,0.0016635614603132142
2023-01-13,0.006105287467736029,0.0014463770499044295,0.0075033840243992145,-0.0011704288740556586,0.0028398755460911818,0.004693908890659989,-0.005797058556613111,-0.003638225082341277,0.004439766238571113,0.009348882203612458
2023-01-17,-0.01007583860192801,0.0021098750006359923,-0.0066668765288421805,-0.008527497760289356,0.004510989110285739,0.000668556875014601,0.0002527881806780234,-0.00140274939617385,-0.004662021994474057,0.0007157101826422171
2023-01-18,-0.01420514212719738,-0.01847441768877497,-0.01884968673953416,-0.018980130220302985,-0.012976793146681863,-0.027655228691700753,-0.015535820251166132,-0.02429962693461162,-0.014192957533127337,-0.013104011290703169
2023-01-19,-0.007733363960082838,0.012354091310683464,-0.011712961350378425,-0.020780196732989937,-0.011738802966670153,-0.009529840384422639,-0.004888724750864345,-0.010120202075384364,0.002404453200247814,-0.016736059957935232
2023-01-20,0.019887026366967372,0.009885331603484763,0.015680979067935304,0.013833974449681275,0.0266971268734986,0.007741437332808609,0.01154012645688812,0.005940057916840258,0.005016048807838656,0.023957357154905073
2023-01-23,0.003256591820258643,0.0013253212665634013,0.011531769924136914,0.010851301002242618,0.022510075179470648,0.0031621792967009075,0.002800661568582873,0.00028880341257679317,0.003429022666283627,0.015492831537978495
2023-01-24,0.0006018162863571702,-0.0038705738902561375,0.0005588527286195335,0.0065737884196228795,-0.0004467550954892157,0.004109586473807002,0.004313004139122154,0.005041300787001075,-0.006645487868436889,-0.0011338430652124334
2023-01-25,0.002043489996662855,0.00011075293264077234,0.0077955613380095755,-0.005575103845981637,-0.002087383684555956,0.00245766966170583,0.0010123042381447707,-0.013597764007817117,0.0002996260486711705,0.00509363905112294
2023-01-26,0.004792340351592672,0.03108720358275471,0.005254914712268566,0.005475684138845887,0.01584481680131197,-0.0035518711577498534,0.011316554524778276,0.003344402372459924,0.0018706917497021225,0.02025773405145828
2023-01-27,-0.003232323806052941,-0.0203978613736463,0.0,0.004161358402206937,0.00417832082221166,-0.0028780311778506965,0.00896188996989796,0.0,-0.006826099053808338,0.022428315890625723
2023-01-30,-0.00685784154869681,-0.02317579557252274,-0.004977997140001096,-0.00983652369874349,-0.019277334449650674,0.0012344237454576727,-0.012217974046946509,-0.004510360974069995,-0.009072996116682783,-0.017186700526398507
2023-01-31,0.021734867823828705,0.008823507637535961,0.013493483354356352,0.016831932985397983,0.013849615455676227,0.010770851232075742,0.018148291377995892,0.0074089850529409414,0.012829601692639268,0.02264889240388379
2023-02-01,0.006593491258053438,-0.019878038514134,0.0,0.007239224561211272,0.023263433980660764,0.007969585987569066,0.007364014719345929,0.0017355639162781784,0.00471275953447641,0.01878661136428767
2023-02-02,-0.0031736222363743117,-0.02306333722778164,0.0027313609078569094,0.007767808121576246,0.026940720685540816,-0.008647665839084375,0.022728200747065972,0.00216495426973461,-0.0068149133927550565,0.030163474666464556
2023-02-03,-0.018177047228939855,-0.002207799249113442,-0.0019113119758101392,-0.005236529239165736,-0.008358898991311967,-0.003943180092950685,-0.021017903148334797,-0.02112700716957256,-0.0029346946098709288,-0.031285894620797026
2023-02-06,-0.011091024626173401,-0.004547681503301804,-0.000273201597750893,-0.002433593208983181,-0.012277934698511893,0.001225121494554759,-0.006368050841028535,0.008504488684596087,-0.005592650187687039,-0.0014547946066521347
2023-02-07,0.013366482396366147,0.03197148576705144,0.011416122044239314,0.003114141741772335,0.024685542677251482,-0.00422704306365738,-0.0039387291991394196,-0.00043819871686945344,0.006421368868884093,0.0023131133429428845
2023-02-08,-0.008046780767148565,-0.008982012694151878,-0.0059635957163955726,-0.005651596060580155,-0.012125394251887021,-0.0076816265605780965,-0.0027171669649748735,-0.016940828650706053,-0.0029410122402959062,-0.00855239768092673
2023-02-09,-0.014575535836398907,-0.008602330641592305,-0.011210056463768785,-0.009030242068227352,-0.0055155370998219355,-0.00441653467161264,-0.009692952013231644,-0.013762468018541342,-0.008799528845650773,-0.0018660512957277247
2023-02-10,0.003663700526869308,0.03841858397354014,0.0032943587360378616,0.007074132290093694,-0.004619707972150801,0.009224689752061994,0.001995789621093757,0.019687569318916565,0.00940347066784746,-0.011809712524796283
2023-02-13,0.00522833814988119,-0.002552691482535033,0.011444116080256318,0.009063877918231827,0.017162094167628143,0.011310103040807736,0.009180340783743022,0.0060369569258720245,0.008268071321901795,0.014541022157340324
2023-02-14,0.002301544112993924,0.0003333131084349054,-0.005433378777812305,-0.002720071626205287,0.004262202529549132,-0.009120129557289976,-0.010427255728922426,-0.004266052067966695,-0.005931000903802459,0.011903174392483727
2023-02-15,0.004346449951008705,-0.017144245275527766,0.0010891495413352088,0.006206768720982608,0.004660926031344796,0.0019126410616016965,0.00274133306448178,0.006465548436495926,-0.00498209672956659,0.011633527659348827
2023-02-16,-0.011388824997352654,-0.009881692411145976,-0.010119245486823138,-0.010399017583403766,-0.01750264348595861,-0.007259813747916595,-0.009251072688505849,-0.0076458446020029975,-0.010039835308889663,-0.022074490781038267
2023-02-17,-0.009426367175713475,-0.036262008296757645,0.0002750350626215959,0.006524391466531108,-0.012579676899148481,0.012840078602611969,-0.005036777544787957,0.010717169946232001,0.008903906976043168,0.00019950151773262903
2023-02-21,-0.01661938853441434,-0.004983224615474088,-0.020825664700325295,-0.023172672942577088,-0.0240311747404683,-0.0038074863505833507,-0.01988821462163691,-0.01886852531395402,-0.013040328556113744,-0.03397730260221699
2023-02-22,0.007475629573006505,-0.006683368285713813,-0.0011229771763975722,-0.0024865976202486308,-0.001466370999758937,-0.001500004590957948,-0.009054833815221954,-0.0038763616462970853,-0.0033831877167061373,0.005072045830755597
2023-02-23,0.0011166054181217225,0.014975200591591391,0.0008424922518089737,0.004669617899866404,0.016445116610570305,-0.0012285803505681257,0.00956962813095243,-0.005242532361614195,0.002692189738125123,-0.0008208063048057916
2023-02-24,0.006673075074628644,-0.0012983543429015416,0.000841557381141407,-0.005765401613323602,-0.017986946052684704,-0.0067164622191071095,-0.01870664316271999,0.0003005677793478545,-0.01298828649797986,-0.01586141968565888
2023-02-27,0.0033200624078518325,0.0029487623525795118,-0.0002805533125554783,0.008833452546589106,0.005349634007862315,-0.001101055763653005,0.001572127109734147,-0.006778737936255861,-0.003039340646546556,0.012297181348016722
2023-02-28,0.0045318679156413294,-0.014472442663981448,0.001961771689647085,-0.0022752611823874205,-0.0021951548187092527,-0.008295114961928892,0.0005237537259605588,-0.017688732547050487,-0.007442564792187364,-0.0006870011883076319
2023-03-01,0.007790560442112536,0.019523727778557803,-0.0033652680100419046,0.003953599980992734,-0.0073516817284799635,-0.007385253610690625,-0.015561627710581446,-0.016598549248391704,-0.0016527643741961688,-0.01265345465241047
2023-03-02,0.011333605968719554,0.008749959076880327,-0.004786630166326155,0.011670781184927701,0.012247604864705441,0.013613146513352624,0.012941229298339298,0.018749988545627816,0.006124946950452998,-0.003345723842052468
2023-03-03,0.014166096740036209,0.013499007038125068,0.015682262381022025,0.010764914212384723,0.021274761814416628,0.0008274705062726725,0.01665398530188378,0.016896709207537487,0.011132439044274934,0.021276106273568303
2023-03-06,-0.0163264414444874,0.0004583068437669332,0.0008331429767951602,-0.0018345222881366015,0.004769645811313083,0.002615796156967777,-0.003878756135622507,0.00481841244825699,-0.0004646129263176711,-0.0073401197710765325
2023-03-07,-0.01990113763468623,-0.017564639420171457,-0.02615841311149519,-0.012936056767274086,-0.012505749170673795,-0.009949052171554559,-0.025450636088082134,-0.016509176170968278,-0.016241569167852007,-0.013726523125981016
2023-03-08,0.0048906781559556484,-0.01031175040688901,-0.003711421734326453,0.002346815872724782,0.008235862428424461,0.0016650452119640095,0.013986297001159805,0.007606959221545499,-0.005367392051729797,-0.0018165526239859178
2023-03-09,-0.02607180605626451,-0.014235278737651442,-0.04146578231294059,-0.014857345752115399,-0.014439589266397549,-0.00933215739953059,-0.023062536633408758,-0.008065177092820463,-0.010182337214801896,-0.02413506095535557
2023-03-10,-0.021511628272602647,-0.01286603658084606,-0.018354772817681275,-0.0188119797498066,-0.017739456672134446,-0.00490988902912021,-0.03243217775914466,-0.015862398897516606,-0.007382953688569816,-0.010007514479237182
2023-03-13,-0.010285501420223761,-0.020541241095006164,-0.040278008482503534,-0.005672561183123716,0.005435408035057534,0.005049681618350286,0.015938583246952326,0.015251093475547711,0.009300044127147591,0.0020963780009318534
2023-03-14,0.012712995398236851,0.009834068963817586,0.02003212653210248,0.010509425742617637,0.022813121306100324,0.009053966785665175,0.010306569458019398,0.013062079210576146,0.008898209475492212,0.016826058002855828
2023-03-15,-0.03294727905162808,-0.055195825773113515,-0.027011671830698462,-0.02493654909084846,0.0005727598805805491,0.006495778618186286,0.000539604277253737,0.013489431632297086,-0.0008704907793807418,-0.001491948332166906
2023-03-16,0.011407545178973837,0.010799636622385022,0.01892193087546005,0.01280052195818573,0.0276656980903,0.0006885806490179852,0.0,0.00667733623035068,0.009298076087392944,0.01790044724291121
2023-03-17,-0.015636435761829656,-0.01585360585790726,-0.032706463607016185,-0.016517543561341975,-0.0013929099579602085,-0.00732312251546736,-0.023190144282871594,-0.009659315623190475,-0.012946147213217844,-0.012864487586843014
2023-03-20,0.02036746773380936,0.019821703819444828,0.01106520083319928,0.01315660425416762,0.0026927161258036053,0.01376936421000604,0.010672756440102267,0.007791475152684013,0.012594659188377266,0.0043196152256983434
2023-03-21,0.012047628114143519,0.0340344059946207,0.025028959877404642,0.01151709918186976,0.008049235186048671,-0.0008250045115840261,-0.005792423512985416,-0.02035504012787681,0.006046532862048283,0.027253675403031797
2023-03-22,-0.017929466697359772,-0.021500595487232085,-0.023426239518103725,-0.019338652413846462,-0.010002079758569277,-0.009258395369539926,-0.03719801841154307,-0.019845320211491314,-0.015225222572267062,-0.02253058923611799
2023-03-23,-0.0011804881832414916,-0.013950381830761253,-0.006749156064716457,-0.0028969466051068917,0.016134526151295406,-0.0038950106595939836,-0.006047338116690807,-0.010307612014869837,-0.0019095990502629944,-0.0010556237863370546
2023-03-24,0.008104629826535488,0.003858865974813953,-0.0006451465219724897,0.00413610709702881,0.002606842496949315,0.016860578113828746,0.025382598539375502,0.0307620682666833,0.013762804719717909,-0.0032437042583726393
2023-03-27,0.007393338119832488,0.021088373968938937,0.013780129472635988,0.008323551563037506,-0.007772053740955465,0.005330431856358175,-0.0033849854376026608,0.00121690574780445,0.0040765321248813395,0.0020463346709962186
2023-03-28,0.004770351304333749,0.015343443987438579,-0.0003183756902065022,0.00510350178500473,-0.004706031071008941,0.0017703649531748058,-0.0033964225333330813,0.0027332696578313176,-0.006042261596761767,-0.0011990257037820255
2023-03-29,0.013795068539677744,0.013769706934611972,0.014538860596009279,0.01445406126258431,0.02073389596707248,0.0055638355519336815,0.023537094279294613,0.014451694839781298,0.0027509405893433696,0.018805768478889248
2023-03-30,0.006826616557385579,0.004385774383272447,-0.002198913943681077,0.0021052610729807232,0.011552154684181365,0.00283743351629935,0.012931931237883481,0.004324496845463736,0.0054013299816353675,0.008688631607387342
2023-03-31,0.01612232305625343,0.0069055926331604844,0.010946222775106745,0.013132021133496112,0.014205503024904384,0.008063376385041836,0.021633916867549858,0.007265474637390524,0.010638852075651654,0.02635739706678449
2023-04-03,0.006303080746819637,0.04427837587310718,0.0018644077045859653,0.0017773785107005726,-0.0015905488061129696,0.005206609010352377,-0.009407309566968156,-0.006818843822960726,0.011138044660335421,-0.009203594079935457
2023-04-04,-0.014519104478953668,-0.018299704659028512,-0.009357370757050626,-0.02265005260179159,-0.005520120735041656,-0.001999309586348838,0.0002698619649024338,0.005044210259876361,0.00015278441976599306,-0.001621141925358372
2023-04-05,-0.002252600312032021,0.01494464656680047,-0.0012543457789609728,-0.013103917316308954,-0.011470119043639322,0.004658889574686511,-0.005142741501193515,0.02556973542498774,0.01711377453075804,-0.020695551424010028
2023-04-06,-0.0023832738460533584,-0.015297881248498704,0.003758139289834085,-0.0003070319519705912,0.00565082167909165,0.0007965295997562633,0.006761297766314703,0.007043455244424575,0.002474732517578048,0.00020728283622887264
2023-04-10,0.004760881200008093,0.007970149457115754,0.0021858680981782868,0.009062162924164941,-0.0005369741079531023,0.0,0.005108175539828964,-0.002007255717299668,-0.0006743089805499088,0.004405992752882551
2023-04-11,0.007718971674493652,0.00941160028503384,0.00869569372184796,0.005962187429724833,-0.009440911330870978,0.0029151923603281844,0.004815521139790716,0.0008608143902377252,0.003367246779399589,0.001578980433132762
2023-04-12,0.0007440519452142368,0.0006935941338506873,-0.0021668603046340403,0.003319411281387664,-0.005707649181077229,-0.00450888652504626,-0.002939804115273249,-0.0010043355146956492,0.0002982291565450806,-0.015622143517760952
2023-04-13,0.010233755838062809,0.006221180013820698,0.008946576568648407,0.0037087517329017503,0.018431955223985542,0.005566852976806724,-0.003217380196653118,0.00014352112445785233,0.012909416698833635,0.021844080700548604
2023-04-14,-0.00726377174006527,0.0018361115357888645,0.009779987913950548,-0.0012014485919842892,-0.005567997172571304,-0.00636465352012532,-0.01733513442337069,-0.011258788010143714,-0.008067377510048952,0.0012940441008487636
2023-04-17,0.005790480680120952,-0.011878514308891997,0.011490882085210609,0.007882462196860849,0.0036263408496351114,0.006364653520125351,0.02242438092248606,0.005500547641468478,-0.0008174985317607409,0.0070550683369256205
2023-04-18,0.004168502078223929,0.00393671022100119,0.0030021550036752162,0.004759029998986698,0.003078423452485082,0.003035106282580308,-0.0016043877278764263,-0.005210318334610581,-0.0068662098486454715,0.001620821126770107
2023-04-19,-0.0028180016738167794,-0.0034723896931509244,0.002395215607205685,-0.0007916136893518998,-0.002877542331252038,-0.0006590937329082021,0.00586976310432715,0.007661868460809454,0.0030658066130506783,-0.0009452213160728193
2023-04-20,-0.0011047017291804559,-0.008851886541578162,-0.00299478189407733,-0.0017834451089548116,-0.006589103572029267,0.002370598291224119,-0.012043474385704843,-0.0002880137861788945,-0.004114323773142123,-0.015521243604787734
2023-04-21,-0.008882525847503965,-0.005866555102989953,-0.00360593068317925,-0.002283489409719894,-0.003243111526030215,0.00720887540756929,0.0010766135145837204,0.002876712141416248,0.006723743616835628,0.010985008654620508
2023-04-24,0.006792553646782106,0.015181961685236417,-0.0024109763511964786,0.002382622415320443,-0.004408945324606352,0.004040367249396877,-0.0026933109915302264,0.005014792432857334,0.005569027871887753,-0.00013550663931641301
2023-04-25,-0.02189967715198035,-0.018954469097737785,-0.017349603520620364,-0.01861556240709779,-0.021575594150266882,-0.0013015232264447726,-0.00921171549026365,-0.0010010084765157492,-0.010719837470668118,-0.020015705910470753
2023-04-26,-0.01189594531615171,-0.013437331628612395,-0.009563513038044742,-0.019071369036853032,0.01475488247154844,-0.007845240496021049,-0.008198988124295778,-0.023741475352969662,-0.01432263380221806,-0.005136856248157859
2023-04-27,0.013529924381219206,0.003584844326764182,0.01599038165410207,0.019576517325616515,0.020994951012754746,0.011096254032291367,0.023862323491837898,0.011941162961357166,0.005225101549792574,0.02603435260772915
2023-04-28,0.011612858969736167,0.0153886370880924,0.011827132513236553,0.009646354495448053,0.010798619864853646,0.005308498691170375,0.011456035259834447,-0.0014487773857992715,0.008498519464722052,0.002573246542930397
2023-05-01,-0.0004966678492992765,-0.01134105549361115,-0.0027165581148542142,0.005385484576600514,0.000596385935534837,0.000774312774689199,-0.009314787301668487,0.0017380269896741449,0.005154067248052883,-0.00992315233210837
2023-05-02,-0.00973551961863199,-0.044456982341166046,-0.022933362747372406,-0.010498474419344159,-0.009386609623237101,-0.00271347162373692,-0.01726032854626084,-0.01223041256523193,-0.00433051713997995,0.0010239882286353602
2023-05-03,-0.01109850275007289,-0.019060062300482107,-0.011510518075556312,-0.003826794771905035,-0.008463324769310113,-0.00818433419264521,-0.006276596084709847,-0.0027876458815821077,-0.001347860610784702,-0.00794690845352148
2023-05-04,-0.006489035105864768,-0.011203081954508625,-0.012911487795224167,-0.01095689613632656,-0.004800555854766557,-0.002481659149114133,0.009264427272928255,0.007610231573808771,-0.007974208962010242,-0.00773338654364864
2023-05-05,0.01670908466485092,0.02677914329648728,0.02442200587078052,0.014984717169216665,0.024768521129865367,0.009241921641560619,0.015341404434335923,0.006394390367959345,0.008947692618373368,0.020037901444978492
2023-05-08,-0.003269191359935184,0.0,0.0015454446915361545,-0.003624348329129676,-0.0005291645947936242,-0.002984408579054205,-0.006968463920207916,-0.00304679025989404,-0.0021729753331459,0.003391239805266168
2023-05-09,-0.009109537465476998,0.0003739343190785889,-0.0037130379966479987,0.0022163954104296975,-0.007703378434437077,-0.0031238080208064803,-0.0032329817073776445,-0.0013086491047978614,-0.006699121294395906,-0.00027107970470487217
2023-05-10,0.0006356676366380617,-0.011403016007905135,-0.005595161213082136,-0.0036293835302780224,0.012126303003463824,-0.0015657330964706864,0.00940018336504394,0.009124541417714908,0.002790263247467573,0.0050667631140448
2023-05-11,-0.009828537091629548,-0.012044299069064615,-0.0015598459330274656,-0.0060785070560350095,-0.004488780642611422,0.0029984159429115357,-0.010479942319239056,-0.010289251590030855,-0.003092802684857576,0.004638974139351091
2023-05-12,0.0017942916324285591,0.0015292300783785449,-0.004067048367794244,0.0007111726490743633,-0.0013240187123528644,0.0038979019950139615,0.0018889277830485497,0.005520149537007853,-0.001360437766509889,-0.008487303059237557
2023-05-15,0.008415164512446413,0.0050813204342144876,0.008117373831210405,0.004862274894556875,0.008246552698751769,-0.0024668383492067077,-0.0018889277830485187,-0.012683231352612278,-0.0017414130282742426,0.0012845633781099664
2023-05-16,-0.016643588119744705,-0.024888803084166394,-0.009372176053372533,-0.013633316251157135,0.00105072098521054,-0.008485067584428282,-0.02710655123852226,-0.022402848497911566,-0.00837069764716131,-0.00406175462808336
2023-05-17,0.006562306120846261,0.019043106320532476,0.019888951668969555,0.017063199456746128,0.013235803924987613,-0.0005246524053989477,0.012960577488202866,-0.003607261431358822,0.0012217824222010576,0.020611074314862865
2023-05-18,0.005882448421378158,0.007238625032354781,0.0073575587683570465,0.0072244774790301645,0.0202610509897587,-0.004864900936500725,-0.006321447100064443,-0.0030163494685393408,-0.002445427606331724,0.015429297712605657
2023-05-19,0.0025465865487452302,0.0076887795634592235,-0.004285307391434245,-0.0024024178999963,-0.00044465367987285527,0.0006588331932016689,-0.0016556256527421249,-0.0015113721091815663,0.004656358762068289,-0.00841049561876235
2023-05-22,-0.0052278366370814644,-0.004152076954277241,0.0018387568635316804,-0.00020048225365380682,0.001903421811283984,-0.015263524803014336,0.006606119295377487,0.00030243192302673326,0.0009895982501802402,-0.0031058777058562237
2023-05-23,-0.015589853522211065,0.010660351686199157,-0.01170328363793943,-0.012101793666770585,-0.014877428494125848,-0.00738272848406463,-0.012422608476012125,-0.003484136145574662,-0.011016069835187488,-0.00917640669931839
2023-05-24,-0.011493187803472967,0.004356848639699776,-0.013096676271484593,-0.012969235732393681,-0.007360755866517849,-0.006488540178992772,-0.022188655102689196,-0.006546390337419073,-0.006869700545651392,-0.0036806417639989536
2023-05-25,-0.003552866087067634,-0.017921404229217508,-0.0003137895906616341,0.003283594180283852,0.03764671309332975,-0.007623108890770901,0.0022692993691350296,-0.013532508490569455,-0.010276391448567167,-0.004502504311768977
2023-05-26,0.004996785735265571,-0.003927870962793916,0.008130127355634058,0.007451091764257115,0.028000904097934817,0.003410219237674648,0.011551361768833274,0.0,-0.00203666736334716,0.023232998228800022
2023-05-30,-0.005392056256672099,-0.010336167719571344,-0.00031147081790539386,-0.0015263617786706418,0.005326322877211897,-0.01150544104454867,0.0030764088424869115,-0.00387797682392669,-0.006213917655180346,0.006689372975497034
2023-05-31,-0.010739343927376431,-0.01772951903260304,-0.010648463231763577,-0.013741211454878745,-0.00836527367316876,0.0011016345824834887,0.00640227252216901,0.009128336379061942,0.00856352648731599,-0.009061016243819293
2023-06-01,0.013241685848784811,0.012327297231774947,0.010648463231763654,0.012722069946162306,0.010114340253424295,-0.0008259126179429386,0.00027727388671264165,-0.007420142378251036,0.006549748088425955,0.011737333944225397
2023-06-02,0.03299332589692852,0.029982183970899905,0.021572544768244044,0.02864087664234479,0.005707953991243962,0.013678026258911657,0.020862713429098272,0.010342144133481643,0.012741919873100345,0.023196978744921718
2023-06-05,-0.0007637237677632787,-0.0066554263604116926,-0.005196407609362016,-0.006959071555551241,-0.005768128328803507,-0.00367476871067085,-0.004629035400869794,0.004749027511719408,0.0035999842173971577,0.0029890390755285302
2023-06-06,0.0063483542411521925,0.008031176264184946,0.012486855502765098,0.00626539501811841,-0.00024129697333507915,-0.005057529131280323,0.005986590128128348,-0.0007644091587529081,-0.008368783014722958,0.010360877802129862
2023-06-07,0.011826993587241348,0.02615156606953174,0.003926512294690358,0.01593263084413744,-0.015061362899910682,-0.0032943570996370373,0.01827984679737299,0.01683500219641532,-0.003939967968565623,-0.006810837933065315
2023-06-08,-0.0036338881434240028,-0.004270418714292593,-0.000904397608673294,0.0017546806084150705,0.010772537865422762,0.0068510581555785615,-0.00614566805308941,0.004352005756364847,0.006404288206933444,0.014698708159099929
2023-06-09,-0.008319489912092172,-0.005517796868713574,0.0003017580631137402,-0.0026330989388025595,0.004951735545572571,-0.0016400870922008823,-0.005105430116476639,-0.005857071498674044,0.003071438950941208,0.005162209817177635
2023-06-12,0.004546435292612744,-0.009636805111778932,-0.0003017580631137775,0.00710347334790742,0.021512616199254552,-0.0002734962916398672,-0.0005389750976162645,-0.0018091624357705442,0.003597474288160276,0.017037688400822558
2023-06-13,0.02292068795647242,0.004706428900176293,0.006016907034375656,0.011568769476477676,0.006054308039372336,0.004096190276016577,0.0072513711389321405,-0.00015075886671645603,0.005029574548018471,0.010314322221874466
2023-06-14,-0.004195882836739905,-0.01030903412893589,-0.003906872002526553,-0.0026876070564283523,0.010260562450574308,0.006113052063812093,0.005337641363298501,-0.0006038943349534561,-0.01031523739467373,-0.0007243881163608818
2023-06-15,0.008497276944140647,0.010926480381787274,0.013161956783755027,0.014976218244504116,0.012794107996181536,0.009971430264925417,0.004249627157594042,0.010814190983694554,0.01539564980156052,0.0065022749725740184
2023-06-16,0.0024493751160066454,-0.001482740866534119,-0.0020824160636556256,-0.001610746031426819,-0.008280386957898954,0.001206303809543935,-0.0010605746535643531,0.005363678577954594,-7.576528476494164e-05,-0.0015013746636296811
2023-06-20,-0.013626484072253323,-0.02263631412853176,-0.007506463769791347,-0.007454116513763969,-0.0067809615648222864,-0.00763605333022049,-0.010799993165615094,-0.01179759604399656,-0.0011245364642554574,0.007463910833885521
2023-06-21,0.003234560546745167,0.007881004332818797,-0.0012062059546233874,0.0055482040353074455,-0.014907271335690956,0.003527511634759385,-0.004341909272023858,0.008000725996131199,0.00015187747397514743,-0.012087822124686122
2023-06-22,-0.002362606625822281,-0.013511764848324972,-0.00787651881349874,-0.00727648046231434,0.008126789017843888,0.005806370423922516,-0.014242920298319582,-0.007697538829104984,0.006818923761896862,0.012685313452981942
2023-06-23,-0.008125810430479075,-0.0072128886456371485,-0.0042669746581828335,-0.007619927934878305,-0.010909883510005387,-0.0066193678240111945,-0.010816917957698062,-0.014806045277623213,-0.0033276759068140665,-0.01165734314500092
2023-06-26,0.010364292634662197,0.01780827812987252,-0.0021401819498415514,0.008292428563260436,-0.007200456169339465,0.001354331992245268,0.022063766459205755,0.009793401435989198,-0.005698318480378066,-0.012896257265397712
2023-06-27,0.014062226808997023,0.0022832186650700616,0.007926583648966022,0.011931498016401918,0.019517028483584137,0.0029735555639710852,0.010851974683854532,0.0003045550135030006,-0.002288377223270962,0.021262457017147685
2023-06-28,-0.006883093918210415,0.010084491129739777,-0.002432398936219068,0.0,0.0005854534113280232,-0.006770741396876996,0.00269472034433304,-0.014876440115914016,-0.0032123065333255437,0.0039482792376274575
2023-06-29,0.012501667222514485,0.011472969831874348,0.017202895383341,0.009631973998193512,0.0017544881765550397,-0.0009515816012011111,0.009108065928410555,0.0,0.006490811513957158,0.001073824206662836
2023-06-30,0.009335155139497656,0.0064267750901503325,0.00864004756341424,0.008515353376458982,0.015768476903391778,0.00866647710536621,0.005053936101813734,0.01106351678575058,0.010222886843235085,0.012622886816810916
2023-07-03,0.0037336886229907,0.002338015335174126,0.005620424762418332,0.0001862849971851652,-0.0021305172721862967,0.007789342579780485,0.007928128556371518,0.007459926568847604,-0.008245992274565593,0.01200009339441492
2023-07-05,-0.02495408299629306,-0.00554603383498885,-0.0020671086493958754,-0.005417892745099424,-0.006186549412397253,-0.0017405640126493638,0.004988582783473365,0.011311338894000801,-0.0005316627111414922,0.00040707926279083507
2023-07-06,-0.007298755702504544,-0.022751314764813853,-0.008608971812195745,-0.007521782308863628,-0.0026712630028869603,-0.002549609682886772,-0.0055152692830077055,-0.01222195373772821,-0.008012903385388457,-0.016242317171742474
2023-07-07,0.00865377927064624,0.021266942683116054,0.0014893124917559038,0.0022625111813461443,-0.0043711062795155796,-0.013118133960908957,-0.004751816388120713,-0.007313783673810695,-0.011713875500170265,0.0012406741870946356
2023-07-10,-0.00024623139213821493,0.007767565378185832,0.004456092908199913,0.01411822456542362,0.0026248109893190165,-0.00027206628691857593,0.003434050953288203,-0.00429123951452525,0.007875916873800357,0.003065528316113214
2023-07-11,0.009801483409237668,0.021746779150137282,0.011785573115901997,0.011722080813088231,0.0021531149158652224,0.001496846450434192,0.011275822627555492,0.012363800605419195,0.00023058895925041485,0.00832353993164412
2023-07-12,0.013081605501349056,0.00921125735410603,0.006423169481445331,-0.0017449451917063486,0.01127146426607854,0.00230848434694712,0.0046827002849186925,0.014458127436668215,-0.002694832430247111,0.00894943983422042
2023-07-13,0.007791426672178371,-0.0038178085603485616,0.00348644530771757,0.0012860326939317806,0.01296303820393532,0.004196389043606073,0.006725326009170024,0.003432959002527723,0.0003852538756443559,0.009328567776214483
2023-07-14,-0.005867657665045221,-0.02677190307904694,-0.006693047489558931,-0.002941979028449062,-0.0014762716875642732,0.003371104514847905,0.0,-0.003881819513928703,0.014917268928645287,0.002576092728212023
2023-07-17,0.0009601602879949089,-0.0019660713863398054,0.009589008267523295,0.003767826216804889,0.012703688778343058,-0.002966117934484327,-0.00854379562699806,-0.011584953070390504,-0.004566250038529357,0.004050791859681089
2023-07-18,0.007769076052187904,0.010036912089544847,0.011214981261132365,0.005579769420075808,0.011269476523994706,-0.0010806622442195127,-0.00835509372269122,-0.007747886282688457,0.007371843742903044,0.004090908246524713
2023-07-19,-0.005372267212913432,0.005828543189510671,0.004280166314356836,-0.00045633599823377384,-0.0024996004313132102,0.010086629338787451,0.010951958386268744,0.010166337050995712,0.0046078004897407284,0.00350977481588176
2023-07-20,0.00239146250305329,0.011676408770797352,0.0073761624217621915,0.004461680309846602,-0.020167538005628188,0.008527904279418373,-0.003377393522103056,0.018101717927812695,0.016445318915734353,-0.03466758782068882
2023-07-21,0.00011922603472274879,0.008817009456586533,-0.0033974927823394187,-0.0047353352635574435,-0.000510731910738638,0.0034436615830734656,0.004414058734809982,0.014863152125244201,0.010032629381154701,0.00023377155641548917
2023-07-24,0.003099786171095993,0.016004131614373602,0.009596463428635899,0.0022792827416591548,0.0017584920358056056,0.0038271227300928174,0.009539864490980075,-0.0026327284134704115,-0.0022043519475172155,0.006529317413627883
2023-07-25,0.017814512584445358,0.005239494717986769,-0.006482020843059157,-0.0012757640344727237,0.011383529822696975,-0.00026335774562052494,-0.007469427615951973,0.0017561445656287956,-0.0004411249073844665,-0.002327021132139182
2023-07-26,-0.0033967326253183717,0.0003481706071130373,0.005920012354683896,0.006997149939991893,-0.013539634422789208,0.0011851049226297003,0.003613008541470589,0.0,-0.0006631700440336035,-0.00023297294442326815
2023-07-27,-0.006474199102223029,-0.006405521553239281,-0.012728286756015674,-0.008639947962454195,-0.002900888986262021,-0.008856190387109386,-0.021349502755455003,-0.017848474366040413,-0.007391241634665692,-0.01042350386297518
2023-07-28,0.006943156249787896,0.0030333590353929813,0.001990577129299693,0.006192056275908791,0.013522441394855212,0.010302519202279913,-0.0028989530842225965,-0.002235016252844471,0.0029631264245378658,0.016811062236362327
2023-07-31,0.005263557927822959,0.01880854766334227,0.003686725440431632,0.0023573597965173944,0.002301501808391664,-0.004609915876409445,0.007886556024077977,0.00044746490354182736,-0.007722538907412021,0.005656443169366971
2023-08-01,-0.004442916378734527,-0.004697902461077718,0.0,0.0029840943859544733,0.0016806719326652457,-0.005427108733149541,-0.0018346739317824615,-0.012301469623430001,-0.005231807208304507,-0.011403388364356462
2023-08-02,-0.012498695249899978,-0.013179390955387373,-0.008527972903977681,-0.010529422852703493,-0.025052409118494788,0.003577566892803525,-0.004206191895502645,0.0,0.0006740766688638845,-0.018093678366912367
2023-08-03,-0.006188969356941006,0.010073802120827216,0.0005708300328321936,-0.006315940946078249,-0.0040833138872536055,-0.002781396756095162,-0.013793217904429169,-0.023056200738395614,-0.005029714518919209,0.0023684015885358763
2023-08-04,-0.002270926336650722,0.001381473861354547,-0.004002099088216221,-0.006079115934406209,-0.013693893445189629,-0.009996878451116712,-0.009931656299894318,-0.011652536514158459,-0.0035436955560220027,0.014443639773256398
2023-08-07,0.006559718014248561,0.001149708262719383,0.01393844854487131,0.01221274189741545,0.002800213265032053,0.008138306757073966,0.012598728012468297,-0.0001561169313797693,0.011489626972793838,0.01020721596191931
2023-08-08,-0.01063654981122912,0.004929186641660202,-0.009080601279024674,-0.004573810884964957,-0.00772003597618464,-0.007200995483850824,-0.005073959494140783,0.004677907558237347,0.007661496506646083,-0.007994699731832686
2023-08-09,-0.004093423272565456,0.012500348735404485,-0.007439591404783658,-0.0005502366156211943,-0.013001218880339843,0.0014711135887486904,0.0024068877815666854,0.0021756903294005998,-0.0002966708134735211,-0.011936114668534687
2023-08-10,0.0007236388511299681,-0.00011301051452431926,0.0008611696900229364,-0.002755806766579151,0.0001191835879415354,-0.0020065809987754183,-0.0032101734526078876,-0.0031094324197272166,-0.0006672981413204065,0.0024103405246065626
2023-08-11,-0.0027766025553425853,0.015243539944952613,0.0020065546239320647,0.0016543514411267411,-0.0074024970990336485,0.0016056527164410074,0.0018738533265516425,0.005435113886128978,0.006210749278592449,-0.0034114317175672677
2023-08-14,0.0021738979402739817,-0.004235755830110532,-0.0020065546239319667,0.00036738386221951995,0.015812385248414492,-0.0049590015085261285,-0.005363435219921038,-0.00792979542240993,0.0030176603571068533,0.003059215914064044
2023-08-15,-0.01641888088343855,-0.020996304107869172,-0.018534922736836774,-0.012842767897513286,-0.00989815859290938,-0.010806600479311172,-0.010270374041281765,-0.016367994123707572,-0.0036812683735898775,-0.01372172353988651
2023-08-16,-0.006767243389280904,-0.00870769833964242,-0.0014626511826300382,-0.005594736495700064,-0.009575592526526814,-0.00231153348159777,-0.012300230756078738,0.004433239491500172,-0.007625794688764474,-0.012464238900791425
2023-08-17,-0.0019771990783266006,0.011896565469579281,-0.004988889829911208,-0.008451610398633496,-0.009546883595853518,-0.009711936964982555,-0.007453444908185271,-0.002214163046213332,-0.007984444925100405,-0.01708912486315263
2023-08-18,-0.00012371729239870092,0.009844491151079717,-0.0002943924476641889,0.001884260065108799,0.0015166049710996382,0.0037043597833212607,0.002767046793591869,0.00521126451225099,0.00037446563626524024,-0.0022720379463550765
2023-08-21,0.00012371729239862457,-0.006325443368276076,-0.0011779674524323202,-0.001224473696728612,0.018915684541412507,-0.006732952075923424,-0.00860275886372374,-0.006319957064342852,0.0010478659592464434,0.01143071054345363
2023-08-22,-0.000866442336070031,-0.007735234526207969,-0.00947308096376567,-0.002358789014536221,-0.0011308447259745099,-0.005668958571494934,0.003060987478844491,0.0028488655083504463,-0.003522450162441509,0.0014575210339524145
2023-08-23,0.001608524368642091,-0.002515454995929488,0.00976793775809124,0.010244016540043017,0.017883357759367335,0.006633653488500396,0.014619046019559982,0.003943570237347505,0.0029988636860030274,0.007979364227252482
2023-08-24,-0.00421186508071621,-0.00689260625342328,-0.0035410869762533726,-0.012229741259697734,-0.023317407574568728,-0.008021287483060028,-0.004665933101720142,-0.005842108912271436,-0.008720484701341331,-0.019761741429132024
2023-08-25,0.0029748220162198417,0.009636382252154138,0.004718590082024218,0.008388923612681487,0.01012763011894125,0.005538793067644542,0.0027473970714626743,0.007572232172120604,0.007297347796025537,0.01111472888646738
2023-08-28,0.007275453607562635,0.006713258711930249,0.0055741370785754585,0.008132709823649893,0.00814636645542406,0.0045463917910121875,0.007924369135339955,-0.00015713066144436427,0.0023210152747107546,0.004000258252720323
2023-08-29,0.016450699743619297,0.0027178910799043107,0.009028902769238518,0.0076052955164801145,0.019849707973085922,0.0035673473179561746,0.011366926825823796,0.0037652475848852862,0.008933773004607551,0.024674635846383786
2023-08-30,0.0022937779704325046,0.004964039630355396,0.0005795336741740108,0.00451720687994824,0.0075220741265967445,0.0016424622846511036,0.003492281756687438,-0.004551532479685561,-0.0007413513839768631,0.004298941186997461
2023-08-31,-0.00048258117470528544,0.000675056175560129,-0.0037741457222256218,-0.004517206879948193,0.004850843699295508,-0.005072307527007309,-0.007266881492014918,-0.009642013141792508,-0.012013850027025322,0.0031097415008532756
2023-09-01,0.01115740267546873,0.020261204486626577,0.008976384123343503,0.005252695731861084,0.003069456394465093,-0.008557665896497159,-0.000540264090554883,-0.005095568246475552,0.0026989693713864583,-0.006110988333417422
2023-09-05,-0.018665240896891117,0.005275851794198324,-0.01014029017823813,-0.016962805445750833,0.0035691211566290662,-0.008631647054683134,-0.010050470805348252,-0.015444236361146151,-0.01038555460348653,0.0007070405811263756
2023-09-06,-0.0021902695142053175,0.0004385070686994752,-0.0005828679263257968,-0.004309658508862244,-0.01063153725904532,-0.0011190628870511301,-0.001912769330542442,0.002267163975478827,-0.005461583222020075,-0.008933213083989188
2023-09-07,-0.004517452134677992,-0.0009867742527694108,-0.002625720694305956,-0.0032914662976676135,-0.014566150556108505,0.0023768148817673623,0.008172060046417058,0.01301745814050558,0.004477827741526208,0.0027891949189036334
2023-09-08,0.0009785409216251466,0.00960599060987169,0.002042977677701382,-0.005005034796181737,0.002085752542499223,0.001255828100903973,-0.006532548372606803,0.008743466612964917,0.0,0.0
2023-09-11,0.004269403522811375,-0.013232057539243619,0.004653851298136262,0.00028410991927655413,0.005195114285652408,0.008609957318026253,0.0005463263293679643,0.004106647137113446,0.006866952352466308,0.0265479981105964
2023-09-12,-0.0023152878741095517,0.023284536738003642,0.0066520498230322285,-0.0036029675365725584,-0.018302219045308193,-0.008609957318026225,0.0,0.001260374179747098,-0.0012792679017323066,-0.009101175820449427
2023-09-13,-0.005873938917856164,-0.00755677530890297,0.0,-0.006671247543210552,0.0025181855614635233,0.0030634837226896096,-0.010149607600159406,0.011893598111422116,0.0001508346971257728,0.007888674037556642
2023-09-14,0.014015300955378366,0.011635409138402856,0.009182339264693308,0.009800879432119738,0.007226731183938934,0.010099364310776257,0.018033159599402788,0.014517817714205026,0.0031571889590551044,0.009774105023092687
2023-09-15,-0.01119630503306043,-0.014565674675574273,-0.005154451123594863,-0.00579285317140772,-0.019408262249742195,-0.008293172787950031,-0.003798152748554247,-0.004302512189018727,-0.007911952626421005,-0.017255367952679852
2023-09-18,-0.004165374745468175,0.008438458150289275,0.002735889140516261,0.0011087484465472069,0.004794752459875245,-0.0003495187078582001,-0.008778517236111541,-0.0007454284860547245,-0.0015202624374917228,-0.010934976170594185
2023-09-19,-0.0008647542327871158,-0.009380626488190737,-0.001151089253829946,-0.004211646429917366,-0.0005316978580685441,-0.0023788971297052652,-0.005265007098307192,-0.0054522603541849405,0.0008363366163278809,-0.005023800719079098
2023-09-20,-0.010561011588331465,-0.009358745635744618,-0.006934270121710594,-0.003940856051560546,-0.015840126573608632,0.0009802851204182054,0.0019428932276809136,0.0009367741164010791,7.606188563136859e-05,-0.010004149718870354
2023-09-21,-0.0203149649731602,-0.013811441168002266,-0.01666475909904927,-0.016506680673111042,-0.015363438277774782,-0.012961795171069813,-0.03527934285434142,-0.010510650937823404,-0.008778918516936551,-0.02767007114589116
2023-09-22,-0.00102005217027715,0.0016806748471712872,-0.007694689032123713,-0.0034324991590929453,0.0021311466056207896,-0.005403001295822365,-0.00691855700868462,-0.0018943157339906891,-0.0020725048028561698,-0.009893057194268915
2023-09-25,0.00787976766422517,0.012462825634051072,0.0023741442681566444,0.00499789847780934,0.003218465521860266,-0.0035706608271387557,-0.0017370991786872783,-0.0014229489346309946,0.005440552337750585,0.006132882091804292
2023-09-26,-0.014537288913990056,-0.005767034441679428,-0.013427020796661823,-0.01536689525038266,-0.018170791626795215,-0.007468005436774935,-0.017834113469113424,-0.030361430050469217,-0.008518699205068661,-0.018386918242114515
2023-09-27,-0.00012847057140857486,0.02460849190934672,-0.0015031540219668533,0.007417258478367574,0.0015423033941188973,-0.008250936347086901,-0.008889103949293731,-0.019433880951856896,-0.005022031411736067,-0.003844543140384637
2023-09-28,0.010733484202478931,0.00108462748170304,0.007194040505298347,0.004228095579861253,0.007064155661178188,0.0030477946117088033,0.010362877573839527,-0.021856974438284053,0.0047909949485193054,0.011115202034633828
2023-09-29,-0.0016533518893545795,-0.020368672053047848,-0.009302534451803957,-0.005312490097334032,0.0034218556179939985,-0.0029023094457176664,0.0035284030536390652,0.0016981941509902625,-0.0075836142056539884,0.005294051593172527
2023-10-02,-0.013328430021102271,-0.02011472775179841,-0.008476906674601253,-0.009813227107233428,0.01067917691102068,-0.006853857380057708,-0.01836560927937602,-0.0476114589918586,-0.001399023039259493,0.0008072051693551619
2023-10-03,-0.0027130119491050684,-0.0006774686784981394,-0.0159366695487875,-0.00699711844711253,-0.017105017735212547,-0.007195818445113388,-0.018404369513207803,0.011501436982695167,-0.008907034654194663,-0.024632105712694464
2023-10-04,0.011703455537283323,-0.0319054973888875,0.0073870467666022,0.003204874230255684,0.012386315626558135,0.007927328807703993,0.010601245039273089,-0.0010560139208417344,0.004229002813187587,0.01952924098808987
2023-10-05,-0.01222119851098456,-0.006199782833235447,0.004589066200967786,-0.005917131001854434,0.0013331623185041943,-0.019937351007210592,0.0072051893394750105,-0.005828933049705119,0.005455693971144487,-0.005003325423464694
2023-10-06,0.009404380358872805,0.005966725695047024,0.008511064356229255,0.01358671949143094,0.018539597408344037,-0.00553441630759817,0.0038810697178763382,0.014072343434965995,0.010437991564584612,0.006997706053426325
2023-10-09,0.0012811876615893391,0.03281602320557399,0.000605028793343935,0.015556172371610999,0.005158584086372084,0.0008997249285019798,0.013025676454116508,0.009907191502580036,0.0034552992879209495,0.0010580020454380586
2023-10-10,0.010572795875302804,0.0012409284565303897,0.007233008512314403,0.006038832250258825,0.0015363089198879413,0.010138767553010188,0.0035232844910207768,0.013570524917211408,0.004741290352808844,0.010887190596046547
2023-10-11,0.002404696557010463,-0.012935640300508432,0.0015005075854195018,0.006002354361687546,0.009228064739391917,-0.006847294424192578,0.020021106729122353,0.016078919233820148,-0.004434878652093198,0.003561849908118864
2023-10-12,-0.015028366415871153,0.0011416414561553196,-0.006316456176131482,-0.009114654328380632,0.0009356493679596182,-0.010963767840109735,-0.013302807936026432,-0.015567224039686526,-0.008619152912086318,-0.01097204274568956
2023-10-13,-0.003728318490249702,0.021777903877219527,0.002109622840203797,-0.008903808115486399,-0.014424405828773556,0.0087208905778018,-0.0002912106764025056,0.011192248803959822,0.006240872456955126,-0.014798431366047731
2023-10-16,0.009741425402830416,0.006674749960874876,0.010483996926809094,0.010558344093884762,0.009560994779391619,0.010275981666632924,0.010140573641825393,0.010234182469464536,0.007499345771272175,0.01603739555376197
2023-10-17,0.009773368313880745,0.010368557833778458,0.004756174808920128,0.0031071627971556003,-0.004650884659260986,0.004287956404905568,-0.005202211216768448,-0.0026743537561432495,-0.0013732088712268922,0.0023495226883524212
2023-10-18,-0.026234812046291633,0.009066673172830378,-0.017349794575932925,-0.024435741279020796,-0.010321123475754215,0.0036816712283764983,-0.0222687576692991,-0.00874089078290156,-0.008740892238410972,-0.02374828449654052
2023-10-19,-0.0117387423417024,-0.00174148439887887,-0.013366168235161437,-0.009282042714292827,-0.005740219883297555,-0.007376886810137374,-0.024900175407558244,-0.010011186734379575,-0.009906554018376293,-0.02588207183218479
2023-10-20,-0.012143555981029244,-0.016917768600768403,-0.015408574286019671,-0.010381660635797024,-0.017054979567468476,-0.003857471958685934,-0.00517737242228439,-0.010456993454043035,-0.003974623790620432,-0.015632990517822583
2023-10-23,-0.011218310244849499,-0.016307842471820797,-0.006230603282472321,-0.00467138045151314,0.0011580834155352647,-0.0019345736197295027,-0.008586310755998808,-0.008479730489697785,-0.006266617318402316,0.001185830685272413
2023-10-24,0.011749100478834292,-0.014176449231289731,0.0068515337975696864,0.007504310793347589,0.006861248225661436,0.008453894438320795,0.01254805825202187,0.02539605300140854,0.003059888166156356,0.010610480606076745
2023-10-25,-0.01174910047883419,-0.0018293799118454387,-0.0037314414233670687,-0.012913801827632491,-0.011869851833510454,0.0033910794987539196,-0.02120892637793843,0.005575751634863988,-0.008970817392333942,-0.020403423601916937
2023-10-26,0.0069592501983848625,-0.007811487404117524,-0.002183085426897753,-0.0042051024914053145,-0.0192895304782004,-0.0064975417550506434,0.02090456783807123,0.00855640026023366,-0.009929796843519271,-0.015749606534087687
2023-10-27,-0.00040000462323829596,-0.024280484213518087,-0.018273824968405426,-0.008877895984408756,0.005788855616976933,-0.013723169029581983,-0.015946355883108863,-0.019057824357208965,-0.017069640069357277,0.010415830719469107
2023-10-30,0.010221058627397231,0.003303165009323816,0.017649209910490876,0.012366136738774354,0.010680017475251494,0.015499592535583426,0.003086412701359676,0.007633059532407476,0.005587764996354267,0.009116690689718997
2023-10-31,0.004480002762380685,0.003292192855016965,0.010874648123195493,0.007347019653622217,0.007097931225542595,0.0035429867913898913,0.01983271608963285,0.008580666400866414,0.005717305133249105,0.007523372046751955
2023-11-01,0.0005260146151957383,-0.002350612882974745,0.0064685836308885705,0.0032481399046068327,0.019143842068562848,-0.001032087649862138,0.005122892506214653,0.01132790737988965,0.0020855156727776366,0.012284430986532927
2023-11-02,0.019132333386364924,0.02979062495001441,0.023366518741652718,0.020362833729975476,0.01678596059609902,0.012897781045543935,0.030489439557674695,0.01854480660422618,0.015740860516333877,0.02577228013305759
2023-11-03,0.015605437286363665,-0.01010109790604162,0.01311090918311948,0.00879851206014399,0.010240789196623907,0.0011641834269600182,0.02334060927952673,0.00583669556774275,0.004956999432164178,0.013953041469601852
2023-11-06,-0.0049620399528567715,-0.011370287392329982,-0.0029646296443600526,-0.0026610442832636183,0.006557542216812144,0.0015986758321455954,-0.013765551625548106,-0.0025898746192338936,0.00664901316963771,0.0012473281402318867
2023-11-07,-0.019578367757324907,-0.022419726713436294,-0.0014856762346080082,-0.0024701842964792733,0.010872561854376392,0.002465858272150326,-0.008409608507822708,-0.007320026444210624,0.0007015783381780264,0.011096661555335393
2023-11-08,0.003116924024913873,-0.012609177837162967,0.00118836393908486,0.002272634576325892,0.005648329470202415,-0.003919061896801608,0.005807319285262819,-0.007374139956492345,-0.0014034630418127728,-0.0026546479835544232
2023-11-09,-0.008594975768759132,-0.003025650893866109,-0.004166236200935685,-0.0021739041238083463,-0.004676319111494551,-0.004080348282680767,-0.015463569525747616,-0.013245287211201884,-0.02089233019698063,-0.018843740897350247
2023-11-10,0.011702214757999678,0.010969894255604132,0.011269021726673,0.014339442791622593,0.02578667112073137,0.006984883594867753,0.011111395900224618,0.005319172210722582,0.005957284925786371,0.016492182416663292
2023-11-13,-0.0014228404430418878,0.007167526841835607,-0.0014752408022006504,0.000877116031021856,-0.005866161976575777,0.0031850861373799873,-0.008468728674848136,-0.012008156679219338,0.005764614204406089,0.00426608309962421
2023-11-14,0.029087238079273582,0.00888808068327638,0.018724528752424273,0.019871534833767586,0.01980576491183449,0.010210760284654157,0.05255375737390949,0.03915617699610674,0.006748863739742993,0.0331299972815911
2023-11-15,0.004391044553248364,-0.0018894580608383666,0.005492299846428031,0.002098876427854325,0.001262768150447972,0.007980581690395509,0.0022233587406668997,-0.0030700883895760545,0.0007817936457478365,0.0011927924866989238
2023-11-16,0.0030002396491293653,-0.019696426202733444,0.0040277722744645065,0.00019067781646589036,0.004980058814465822,-0.012425798403096537,-0.0002777650696609286,0.005326458928863877,0.00428900482384965,-0.010306013607938095
2023-11-17,0.0018701896744199877,0.02075963063174872,0.005154467827160224,0.006364313783713512,-0.0020765867222318664,-0.0012944461223053751,-0.0011112547402292595,0.0027327967462480304,-0.002025185253874203,0.00666315281200829
2023-11-20,0.001742732424813309,0.001415947384050002,0.003991030947909023,0.003025495641616262,0.01439265679007995,-0.0007198091570694574,0.0077540066155939846,-0.003054918517819925,0.006063477962215931,0.005132201154378642
2023-11-21,0.0038478355472137665,-0.0022427864537343553,-0.0005690439036132488,-0.0007556470398309789,-0.008121478630722991,0.0030196290465143286,-0.004977893695930733,0.00209121177132888,0.006026872391450704,-0.002562854626050546
2023-11-22,0.0006190839621168176,-0.00047259086438781073,0.00397708657541388,0.0021705563529847496,0.0044479483661936945,0.0071529768968529904,0.0030448491281553783,0.0048092731895703275,0.004764853011625247,0.0030388827712226588
2023-11-24,0.004324272412654725,0.004129420094396318,0.0031139714190729882,0.0024479705111864476,-0.00195026251100712,0.003699629499873744,0.003862245252505511,0.0025554759306640183,0.005352592586424039,0.0009515622057419754
2023-11-27,-0.0012336983950326987,-0.003538667497761008,-0.0033975411543151588,-0.005658306356146354,-5.42586682456412e-05,-0.002844751594824375,0.003573087212744761,0.001593911703596601,-0.006273152464314315,0.0016036183976012625
2023-11-28,0.0019729308751351786,0.0002361837990361292,-0.00028342501875874436,-0.002367040957626904,0.0018962963117174281,0.004547587266974792,0.005471838123086755,0.003180221931218436,-0.005154704535281747,0.005739620086686914
2023-11-29,0.005160364712893014,-0.00747001827204443,0.007067114899252726,0.003784640602286751,0.0007574960255839813,-0.008114565603770794,0.0076107985358827915,-0.007969401462393803,0.0003083495007095467,-0.002717571804356047
2023-11-30,0.009877525911491297,0.006643081876372923,0.011204583132862116,0.010895368391359152,0.0014593206345528379,0.009956066832744002,0.008090632993655533,0.0043113120616700635,0.012491069333950057,-0.0014212742486125443
2023-12-01,0.011341654421298416,0.005188300772450699,0.007492594580743111,0.015663514542953408,0.00226574623566802,0.0040956345116878075,0.020734132554692926,0.012194328932056329,0.0039524122912925185,0.013593790674022286
2023-12-04,-0.01170578297787285,-0.004597548175815227,-0.0011062907328955607,0.001653948630339652,-0.01225289191119452,0.001267711309436855,0.005509846258354149,-0.003942925504293009,0.0018944805741735236,-0.003806481024691574
2023-12-05,-0.013811882775332192,-0.017642700324647133,-0.004994503337237552,-0.008112102186308692,0.005982462981196581,-0.00791403852051597,-0.004195107457956133,-0.007136734347407503,-0.001287875509747767,0.001758581870295162
2023-12-06,-0.0020944678045665254,-0.015024978029009022,-0.005019684606047251,0.004432938777175875,-0.00849493366270743,-0.002557215373520828,-0.003421572238983557,0.013280846078223765,0.0007576187215940257,0.0014632780068928057
2023-12-07,0.006760463603578505,-0.006860268695194609,0.004741369015238281,0.0009211335170732582,0.012067474969942744,0.004258361310879812,0.001317400401793038,-0.0022011862265234896,-0.00121253801926614,0.008212039347004634
2023-12-08,0.003668281179484988,0.01075936603546696,0.00527281892804663,0.0031252754704693166,0.00850059273149805,-0.0069647833407373025,-0.0021084990545290603,-0.0018906693135259858,0.0016673277889554987,0.004572049257959918
2023-12-11,0.00705444238622319,0.0012154949416446584,0.006070382498576679,0.009499552076078093,0.008694589896807903,0.009511261498636674,0.0034241661956514297,0.006445029359992034,0.006565958477192338,0.0026525853048599175
2023-12-12,0.005800498387753429,-0.013820547223419346,0.007127285176996082,0.00453513432922706,0.006616582285491838,0.003244060856626751,-0.00026297312360753925,-0.004082283097317014,0.0042781678580012476,0.0031048945063219227
2023-12-13,0.01209677367704997,0.01382054722341942,0.015987578352963886,0.011069639720207799,0.008772294860148879,0.01800338118802892,0.03565339007283504,0.03706413340850784,0.018257948494634104,0.01300427067721829
2023-12-14,0.01641207876422426,0.02896984120694053,0.009896864429460767,0.01280587911860402,-0.002460964809550034,-0.01476958102053126,0.027289346944027303,-0.013123946886083622,-0.004865874587173015,0.013340569983438988
2023-12-15,-0.0025796610964645126,-0.005323581459612983,-0.005872892777228343,-0.001326277775799682,0.00502052413829698,0.0,-0.012175651117488796,-0.01751018970824118,-0.008535464809792934,0.002066853813398616
2023-12-18,0.0015475805025718674,0.008134526873620955,0.003330995469366587,-4.446833363426772e-05,0.002985641117784337,0.010355804043078365,-0.002757728363427605,-0.0022592541619416554,0.00163088836602266,0.0061855925395936946
2023-12-19,0.009165897414516677,0.011926709530243013,0.007480483852736073,0.007710451142442163,0.0037979470055363616,0.001957807435255107,0.006817250705553887,0.005677379224718281,0.006704908705274371,0.007802932409822271
2023-12-20,-0.015442011962954728,-0.00931655215490117,-0.017994156182041383,-0.016288044852922103,-0.015225900021545053,-0.019609907223737958,-0.012661387288764956,-0.020494752326584438,-0.014584428770562702,-0.018414420712386272
2023-12-21,0.010516869986045976,0.003902215826380782,0.009708457937601547,0.010266631007291901,0.011167566343962826,0.006956761884759364,0.008374500962940486,0.0017641265250627357,0.012131308674192433,0.01510145928059339
2023-12-22,0.006210937704005292,0.0029462248701209097,0.0021449179715920127,0.004784655074745403,0.0013025454055897849,0.007610969354816814,0.00403529159320747,0.003359201156014376,0.004974494286592308,-0.007382984849526859
2023-12-26,0.004662120340454346,0.008553567871487634,0.004009323401950699,0.007046520803853962,0.004156844690646591,0.004203406911770849,0.007272724826626782,0.006049900939137832,0.002219419647369084,0.004225619228915395
2023-12-27,0.0024387875604297625,-0.004443362442071781,0.0031954840580163462,0.0014910930371100427,-5.185004326541321e-05,0.004603420111959844,0.0057306617909234905,-0.0006350460641218667,0.004203386342902402,0.0034338223483170996
2023-12-28,-0.0038351614013445307,-0.015352281775208178,0.0029205907479302423,0.00026287502306512233,0.001192031691000768,0.0004176590451985518,0.006191916640138593,0.007121973521103718,0.0025723108069592615,-0.005210822751463937
2023-12-29,-0.003966952323243689,-0.002263778691630648,-0.0031863601495452057,-0.0012273647745005276,-0.0030605868340174,0.002084445133853304,-0.010923557290012171,-0.001262468652204519,0.0010271673871638468,-0.006188611412405922
2024-01-02,-0.0017550755286457886,0.0106775801807262,0.00424615827189067,-0.01013982774466917,-0.026533469044050902,0.011182690606740688,0.009193759077138972,0.014422631485772717,0.017444769289921596,-0.009326884964175178
2024-01-03,-0.010832543459278837,0.01615414985875874,-0.00851063425227819,-0.015000184794037011,-0.010242193898327158,-0.007856185862637616,-0.02403116101775256,0.003728381715463767,-0.0016587324246185523,-0.020415764518853765
2024-01-04,-0.00320163689875579,-0.017689264570985,0.003998530879047599,0.0012584507701637834,-0.007357383674756225,-0.0013844932595555612,-0.002536887823273317,-0.0031059552184262824,0.004967965843416576,-0.007053690864305307
2024-01-05,0.0016612617168267436,0.0008269153908742243,0.004247285272014196,0.0011673721277149645,-0.0002715826590614258,-0.0022193639996257036,-0.0020340077133675517,0.0037260029374767186,-0.0008622577198434798,0.0015651362208727276
2024-01-08,0.0042596023594260474,-0.011640584796279356,0.006337606156827623,0.006529932733184995,0.024782836705093438,0.007332967758020262,0.013650377603246054,0.007257095454945411,0.008802273771521967,0.0168882833271288
2024-01-09,-0.011518336728614265,-0.016139197502345125,-0.0063376061568276255,-0.003125585841333295,0.0015881527707106748,0.0026157207974693074,-0.007054740989584029,-0.008187248033333018,-0.00014254059849539807,-0.003709236967812134
2024-01-10,-0.0013145311584220032,-0.0098834146504573,0.001588171007345507,0.005085063133497255,0.008480639016147547,-0.0020646971571887294,0.0015158959472089996,-0.00015512011991228607,0.004550465096523632,0.007972207649238325
2024-01-11,-0.0029942385038027176,0.0025718875116498455,-0.003709558716024869,-0.002316337476672209,0.005074947348110128,-0.00013744828892657353,-0.009384773607441417,-0.02354529309088618,-0.0007097696233012308,-0.001305455447476109
2024-01-12,0.0009591206707047661,0.011189530297590275,-0.0018599524619950694,-8.909452482121867e-05,0.003230434301400952,0.0031642212608183847,0.007616178115421085,0.005701656590379456,-0.002487548489918168,-0.012112876175128483
2024-01-16,-0.011570515971513401,-0.024115120797743413,-0.006939038058352023,-0.010130575304918857,0.00249368365532583,-0.005509557414772411,-0.006088315857339954,-0.01095683372636903,-0.005995847923676675,-0.001150548855664974
2024-01-17,-0.007300067178109532,-0.008335973468446951,-0.0018764058102668717,-0.006780812642289646,-0.004941539981367127,-0.0006910439438337703,-0.018490670228921872,-0.01463636548837198,-0.002006555859073164,-0.00878604136859262
2024-01-18,0.0031697525095651735,-0.0016255358640380627,0.0016085028610287792,0.013426479380600867,0.0200815947462522,-0.001244680067482471,-0.006500964094180842,-0.010751044147296085,-0.00014339843404399184,0.0056735414248843
2024-01-19,0.0009732607751411803,0.0032481268410760947,0.01594503909738821,0.006513038098009589,0.022788740559179708,-0.0029102924699841116,0.009606618955368525,-0.0013110887738052174,0.0005739246823474179,0.009594748702876051
2024-01-22,0.0029144977557608214,0.003735355533165794,0.004734445480093142,0.007706897055699766,0.004386506965070469,-0.004869614761096572,0.004640630945289949,-0.005096507037208892,0.004364416855076377,-0.00441258806334477
2024-01-23,0.00326849622570203,0.0021103176106013143,0.0015729735527739085,-0.0007944037484018336,0.004020821893573609,0.01081983965675906,-0.005416220659811845,0.0018113455085408783,-0.0007143317589035368,-0.0024148866967473254
2024-01-24,-0.013628874938298471,0.014160258899383577,0.003922209747480545,-0.006201343440827212,0.006862376352843212,-0.012355355716331968,-0.013800488605776998,-0.01374985929487104,-0.009186745412062021,-0.003806990374237399
2024-01-25,0.010481664135602444,0.022247066087840727,0.00494603344350006,0.009551731644285842,0.004173216876273526,0.009592040664493014,0.01354193134004486,0.017854610977469487,-0.0015153441032404165,-0.012444180649225008
2024-01-26,0.0003636715859968683,0.007386395415265255,0.003629097466556522,-0.0015855866474036042,-0.011580697222137906,0.004830746000180162,-0.0044068012296923755,0.0029450416745283796,0.005688565669790325,0.0045536915379859
2024-01-29,0.004956648700469137,-0.0014253419323113077,0.0025837213287046397,0.006502521586428945,0.009127924262837591,0.005766303553885491,0.007248109504789803,0.006351247164675132,0.007012142434851085,0.014514340450926458
2024-01-30,0.0045723956869867044,0.010288090156179123,0.012566055721735057,0.0003503847150375949,-0.00828573447987415,0.005596688595390712,-0.0093288828419583,-0.00032465597590430987,0.0022790618608876643,-0.0005741708300732527
2024-01-31,-0.01317172555698537,-0.01888316899078438,-0.012308070743955391,-0.011625015973064819,-0.021222033804049845,-0.0073779198809617984,-0.007316399611030683,-0.0021133344507833726,-0.0013525523478368408,-0.018376856762397288
2024-02-01,0.016527396119121577,-0.00011992918294436876,0.001546920622841031,0.0168646677214786,0.012517619155463656,0.02022727953032007,0.017418872370603453,0.018860932104000524,0.012881352785518796,0.0190660007278923
2024-02-02,-0.005879857872968064,0.001437809119713407,0.004112988054416908,0.006684394592754322,0.010287944556156494,-0.00323057157990392,-0.01270914023575029,-0.018210286228327113,-0.0014778009341688903,0.017694558184704754
2024-02-05,-0.025722337792685273,-0.0025175242494798198,-0.005917893655037655,-0.005465722017868101,0.0022718732520506024,-0.006221372400641712,-0.020037871288743847,-0.021036063663785083,0.0030938800284736395,-0.014199104640531503
2024-02-06,0.017504695221585306,0.0032356543160475437,0.0020627304986685587,0.008920570523171759,-0.00459862839551675,0.002303811970303467,0.01506559611565714,0.0036472205440998247,0.010823837053321789,0.006045028446083015
2024-02-07,0.007976838156759656,0.0020320688832931363,0.007440379499249657,0.006617117515735097,0.013146261193472925,-0.0009480051370482821,-0.0005248612108648366,0.0006616919526005098,0.0027050040692548293,0.011138499970707367
2024-02-08,-0.0013250780960128493,0.010216315372150132,-0.0038415424315928802,0.00017123508198337817,0.0031255339374954877,-0.00027121202072500754,0.0054971363839516375,-0.007136238124955741,-0.0017332476008313099,0.004376218442374161
2024-02-09,0.0021675442599926402,-0.015484038571490714,0.0028186068852374415,0.001540403454550224,0.01336844757890927,-0.009258044892485499,0.0026066674761776342,0.003823458927202335,-0.0007635377000327517,0.007084395833970069
2024-02-12,0.00790716844316845,0.010982584236353517,0.004595142859937799,0.0014525491316260072,-0.007631044857586055,0.007087347476308933,-0.0031291395302789336,0.011547397253728735,0.0013185917216311782,-0.0008341148779387789
2024-02-13,-0.01418148360285205,-0.010142770630129172,-0.013591487021699917,-0.010298734807157792,-0.017114714572391027,-0.010787108410747221,-0.0184504797130699,-0.016704233421669625,-0.009336154463747432,-0.020117646408255564
2024-02-14,0.0063944318136767726,-0.0009596899034775997,0.009507993229956649,0.01659709779937612,0.010401702312266229,-0.0019237970512996682,0.006628301394585591,0.005488547522594544,0.008642508612942974,0.010502670820042768
2024-02-15,0.018705542218768325,0.02747027233836834,0.01699024997274082,0.007438825859470677,-0.0021010919836212238,0.006444203736042805,0.02376414141138936,0.016613624381201172,0.007259994898103644,0.011504615148552265
2024-02-16,0.005297375688286707,-0.0005843036292104127,-0.0035262174608049882,-0.005997483710422907,-0.009237873709058344,0.0015021621162252395,-0.010376330237002136,-0.0011426232748647108,0.0032327608491084276,-0.0059592327227749875
2024-02-20,-0.0021155465522151853,-0.009157010866337162,-0.002779834175976305,-0.00313962017939079,-0.01022146012918826,0.010452751938174793,-0.0015656328559029104,-0.000653542798861714,-0.003370478282181427,-0.009485031917132935
2024-02-21,0.005514903347818948,0.01857857756428792,0.003032091165016841,0.003986557867175428,-0.006303650745750909,0.003639415441325509,0.00728604571461109,0.013150634702769672,0.002202404063894532,0.007360229361387671
2024-02-22,0.010012760248235573,0.0017350001206144511,0.011537437793129122,0.012283503720899572,0.0321987027003315,0.0030900470370804445,0.0025892256482611203,-0.007771985033404764,0.011688248764464816,0.01923820539576099
2024-02-23,0.005890893530648199,-0.006609076246195219,0.004975323032512522,0.005254081134565182,-0.002335499141275208,0.003080419689493435,0.0012922093297978213,0.007126627210026719,0.004745359559068036,-0.004512827329041937
2024-02-26,-0.00600669099732078,0.003483905402547093,-0.004975323032512615,-0.0014982763389230454,0.0009738127162185384,-0.004019683375652942,-0.011428711693681976,-0.01988652809284181,-0.0051532466959272535,0.0030842117735289006
2024-02-27,0.003700721377841695,-0.004298502468964759,0.0027394855342556296,0.0014982763389229572,0.0008754106516714466,0.00013414130735218404,0.0007837030551134259,0.018756148759580867,-0.0024502831366413143,0.0032938751244031487
2024-02-28,0.003111969201939872,-0.001981388445263637,0.0037234929953532574,0.003404796982506911,-0.004727364716649989,0.0010734611887574172,0.012709140235750295,0.0030652703518982043,-0.004987097892334907,0.003938738458137311
2024-02-29,0.007566058844365136,0.0048875945630151175,-0.0004956719330742032,0.0030625035765092915,0.011076646695558627,-0.0016107874778869505,0.007957758345598755,0.00032204158225776865,-0.008183746141428161,0.006746763840719243
2024-03-01,0.0045579077040251315,0.011542504727616195,-0.0012402067921602944,0.004288197402536213,0.018097883361274037,0.00013452188591234882,0.010934821667017671,-0.0061378502985950725,0.010441295136515408,0.003302265501533955
2024-03-04,0.007249715124319638,-0.010729985339198327,0.0024789751417094064,0.0036143010955111752,0.0,0.0008054466203743985,0.011316546442922409,0.016709859199521008,-0.0015045746350246037,-0.013604227903130279
2024-03-05,-0.005318843642721918,0.007396219627863542,0.00024741324496744166,-0.008233217863170798,-0.024884661936275632,0.002412454695650194,-0.012835231970359889,-0.0028721374982896572,-0.007487667659370807,-0.012514783865804294
2024-03-06,0.007348459128965753,0.0031040677603060888,0.005184699359401099,0.005194857000804268,0.007897570326692267,0.008398590027578626,0.005557032162190711,0.00954201358168507,0.006803030896174839,-0.003556966488799343
2024-03-07,0.012202720426102032,0.008458188051180033,-0.0014787825846401292,0.008027563419758172,0.01565773959537181,0.005691770291182207,0.0,0.00646837711193652,0.004646183617826709,0.007598586917870704
2024-03-08,-0.0058028249568273325,0.003522054230918036,0.001724855661612889,-0.0022052328951636508,-0.014982316195169775,-0.007951079023548227,0.011769058896341323,0.0025129773326646827,-0.001842406362355114,-0.003708851081216351
2024-03-11,0.01124038513827553,0.010267971082644977,0.0017217886121967186,-0.00516455599974872,-0.0027530143343195887,0.005440104647028809,-0.004991170661874306,0.005007088480987591,-0.0005462741325094651,-0.0027212947875558564
2024-03-12,-0.00011070793685484,-0.0015727282601120877,0.004169254760180805,0.004428310485572326,0.020297505737993427,0.005147418145490938,-0.0025050100138967473,-0.009723992795250656,0.004635407750062982,0.008582720033564141
2024-03-13,0.009802269469535408,0.01583967350369888,0.007315453999482844,0.002696706820119611,-0.01086327916473342,0.0024983114666562605,-0.006290064906250436,0.0067541344264688725,-0.003884073853702849,-0.0020971568113188387
2024-03-14,-0.0052745794419817565,0.010239610117297841,-0.008049903050960849,-0.004252620423136978,0.00019151468413778104,-0.0077780609735003765,-0.014235086431968278,-0.008015742297584552,-0.003556862408424932,-0.006374362527878546
2024-03-15,0.0004407585290584718,0.0029532305893491396,-0.0009799761711903085,0.00016403360939000648,-0.015202634992173123,-0.00039720647347707335,-0.0005122267928674634,0.0014191970006059043,-0.003982218622808368,-0.010002982754126297
2024-03-18,0.0018218958118251668,0.003451002522933161,0.0057170896184892805,0.001773816667039853,0.004902978409640291,0.006408193966126985,-0.00015485702776881697,0.0045967869267037765,-0.00011724909660255893,0.007608918471707119
2024-03-19,0.00011039614118085412,0.011346585877805421,0.004881651954073687,0.008578054737619998,0.00517314860931528,0.0037035266547601167,0.0,0.008817730779102424,0.006606794440174277,0.008620898161912801
2024-03-20,0.009988358930806645,-0.001411203037145801,0.011860384868473246,0.011967471527193786,0.01112574690429758,0.0030322047199122636,0.004118398356912706,0.0012533616409823884,-0.0022660977867711377,0.014787322856484045
2024-03-21,0.004141770706286929,0.005956965516704439,0.008147601372921838,0.009838147122107534,0.0007150158413288137,0.000526540723320992,0.003845889943705059,-0.0015669635112428068,0.0013055109589215927,0.005821935192286402
2024-03-22,-0.006218933155574843,-0.0021620257439269237,-0.011522021010332404,-0.003428419912451957,0.00033353844170372674,-0.004879677225256607,-0.011840778477790926,0.0014103396180681186,-0.0013740865442171764,-0.008772793716538925
2024-03-25,0.00032833305413973815,0.009264276111900586,-0.0038703652663391102,-0.006490151149199666,-0.006643975380868557,-0.002780299832508288,-0.003891469677055986,0.004686944244254286,-0.0013761945739770333,-0.0032890808814078822
2024-03-26,-0.0007663361006021344,-0.00775021801493189,0.003387483041979299,-0.0036239520789352647,-0.004132744835329535,0.000529989433407513,-0.004167639350013968,-0.011443171699809443,0.0036425558528552374,0.0012621684609798165
2024-03-27,0.01424172125546378,0.009250411778984937,0.011766116323643935,0.015927367351387604,0.005091455290339469,0.010413493074292901,0.02500442439855316,0.027522528075980775,0.013220757418531903,0.011504851259885821
2024-03-28,0.002695037074026578,0.010755623942888485,0.005475483010750498,0.00015868789628755572,-0.002158262648429514,0.0013104103903956103,0.0063442462491027085,0.0068780084067665784,0.00013535945193135284,-0.0030950580314307663
2024-04-01,-0.002371204370837581,0.007387118805963835,-0.005475483010750409,-0.007730571421221943,0.002780935624510179,-0.008020547208603469,-0.017609158491462166,-0.0061114655875163645,-0.008565678976125122,-0.00747806787244951
2024-04-02,-0.003675715039331156,0.013886915342732635,-0.005265712827646773,-0.0046511078079738925,-0.009670807010066788,-0.005161797169222162,-0.011132689522784586,0.0016844400902190882,-0.015688650164646132,-0.014847721517299179
2024-04-03,0.005939185553325629,0.006820166065701779,-0.0004799845001352614,0.005131089423856732,0.0026555197066269486,-0.01107490345122849,0.0005205075406124588,-0.003985957780818063,-0.0011103305953586316,0.0007226116246072579
2024-04-04,-0.01017208827060997,-0.0006180127618261489,-0.011348716601676554,-0.008835465442336174,-0.01594204056080308,-0.004303008400189482,-0.007836954359255572,-0.001998921597675171,-0.014546730059637154,-0.01179406750308729
2024-04-05,0.008987189385040175,0.010660213704764594,0.009425998258155037,0.0137812699054392,0.01139923105019744,0.0016157717009267927,0.006534964317492917,0.002920288508895431,0.008906870404627459,0.005551093382837204
2024-04-08,0.0007541035816893416,-0.006341456077906789,0.0043208114342258115,-0.0017522389710106735,-0.0011631762272518767,-0.0014809339801952978,0.008561423588682622,0.006577252623292387,-0.003216806706040427,0.009460606881422487
2024-04-09,0.0023668678370396268,0.00030780590248272307,-0.005765114292213448,-0.002314228452630955,0.005030687753741216,0.004838745189469876,0.012578825732363744,0.005473683433780407,0.003566162579887826,0.004697249496436177
2024-04-10,-0.015703875830930573,0.0030726097692144803,-0.015048893789093371,-0.008585941334987301,-0.0123311464132679,-0.00362688917401896,-0.041938541558826384,-0.0172825478278807,-0.011795511486052741,-0.015556709602072087
2024-04-11,-0.0007643189264272658,-0.0007162675356110848,-0.0071174024851549415,0.0011276514225588192,0.01978227089791833,-0.002425290922702639,0.0010635438817797574,-0.0020075647070015353,-0.004104787602079834,0.008030603661693829
2024-04-12,-0.017855746837966837,-0.016404723238011086,-0.013389795145423105,-0.010763740801948482,-0.01632019483598965,-0.010168680919405626,-0.010418258321983067,-0.007603466264622054,-0.015004422811425664,-0.01635248459739885
2024-04-15,-0.004793516194917905,-0.009406292986587716,-0.005004938932211804,-0.0071859638694920566,-0.019167975774311008,-0.004096690747446071,-0.0176083948111579,-0.009232497016046991,-0.002017708108539672,-0.01679644957767762
2024-04-16,-0.007740030558716028,-0.00875404423025373,-0.006796783282172189,-0.0022974289863651595,0.0011901541868818484,0.0004102710895120823,-0.01542312209178253,-0.01329342890346272,0.0003604655496512292,-0.005700687747729956
2024-04-17,0.0022495678327921365,-0.002864331461667848,0.002522815808976372,-0.00518841704852312,-0.014528112518457642,0.003686419657933991,-0.008361285848946172,0.020654938141288735,-0.0017320364534739547,-0.004862511661735617
2024-04-18,0.0003368967035496985,-0.003085573922643217,0.0035211453792540585,-0.003473787297315894,-0.011481178964002052,0.004622768537692275,0.0002799226179121833,0.005602305954614794,-7.239008523471152e-05,-0.006228423182870631
2024-04-19,-0.000786476915049758,0.011969961037257188,0.013714078692806627,-0.001824607053657786,-0.020817591683132106,0.0097193495150964,0.003909459168735995,0.015246322741748192,0.0037495161603298033,-0.008797329223289244
2024-04-22,0.001011338173261938,0.0065070957635090685,0.012061640997889441,0.007525400346950674,0.00889389452784828,0.009492641142292662,0.008050070649885274,0.00912833551096725,0.0038070206373864938,0.004408384204841646
2024-04-23,-0.008684571091822258,0.005529199279450025,0.006341608301767523,0.013827222744776439,0.014717542907693176,0.0027904307622624784,0.00908216035801544,0.004683809826234145,0.012964166759684372,0.011835192057497038
2024-04-24,0.0006793520611265993,0.0007280168857405027,-0.0002432578115760561,-0.00799496170743877,0.0045549916683588374,0.007535175641930899,0.003828324052849066,0.006011715751041795,-0.0031188498980893138,0.009517574186840093
2024-04-25,0.007106361703721933,0.004563745316410036,-0.005853604856723977,0.0030260477217451936,-0.0021733901710903787,-0.0023733784727087083,-0.005747996167732329,0.002693244952190675,-0.006695544999964715,0.0008606376621847382
2024-04-26,0.006162791606449968,-0.009252983043183219,-0.0014688912514162899,0.001631796556981612,0.011222062227505731,-0.0021144326944531437,0.0008231839075979964,-0.010968437187852152,0.00028576954696336415,0.00896526575300484
2024-04-29,0.008343103973080952,0.006766249726058391,-0.0014710520673173772,0.006662944883833898,0.004294486263879413,0.0031698687599748146,0.011182272750736829,0.013505424391693586,0.0033524197282396835,0.022984306098499423
2024-04-30,-0.01833476545751344,-0.030227180821157728,-0.009861765413418534,-0.016000430521610723,-0.022270282646729905,-0.004361191497892863,-0.01861532419241891,-0.005230232156032271,-0.0007125220252424241,-0.024634129230875292
2024-05-01,0.005176497054762786,-0.016060645313888566,0.0,-0.002471694602345672,-0.010293862316073136,-0.006378088391463148,0.0005526538922906373,0.011471081513679541,0.001780241791522485,-0.006283494160093677
2024-05-02,-0.00517649705476275,0.005742472521599522,0.002474549624058047,0.005757941430896742,0.014310907686490766,0.008362873990511818,0.014258383727607462,0.005318482355261625,-0.0007117613867298584,0.012527401228815025
2024-05-03,0.010103261599018054,0.0001080736462323449,0.002221861518591951,0.0069475740337468115,0.02747840951652327,0.0030358062480892126,0.007864618836540778,0.007924616727388121,0.0024883913030909503,0.006711128313288703
2024-05-06,0.006013532038231967,0.007854943768446294,0.012742203910108465,0.01004959952195498,0.011681691534372667,0.0005269531009686797,0.0002700594147122982,0.005103292271813189,0.004039376583365987,0.010622835333292032
2024-05-07,0.011809513231753149,-0.0009651172717650887,0.003403127811491986,0.0027379167274088363,-0.003274786976152791,0.010873128694383387,0.010476923031661554,0.011279930033018474,0.008240138688230916,-0.007199904559004069
2024-05-08,-0.0046187126425330585,-0.0011808444072528438,0.003633205314414724,0.0,0.002835679890550923,-0.003001237512175413,-0.009397414103343387,0.010442739849128076,-0.0034427392532587215,-0.0037601547179062517
2024-05-09,0.011071582456961122,0.013336999801325909,0.007467153376793268,0.009922477196553049,-0.0002930464416583658,0.00858813558778199,0.023461529794664895,0.015112086021256233,0.008550035979587185,0.006780419117571835
2024-05-10,0.0011982383272004507,-0.005526597833562467,0.0038324510373397183,0.0007163543996288384,0.003704363371391182,0.0056847890061602745,-0.0036959294915886198,-0.0009816317943297783,0.0020215912759658644,-0.005375836649609263
2024-05-13,-0.000653453671744843,-0.0026678443900945968,-0.004072272845221759,-0.004225958453323221,0.0047081291902809795,-0.002838354905264048,0.002641358159225746,0.0,-0.0009752444945608982,-0.001292220006084096
2024-05-14,0.0009801930731343155,0.0012814744214175665,0.00502797759929588,-0.00023973889583025872,0.008822612681660482,-0.0019397625020884557,0.007096895513880441,0.0026625461941792664,0.0042433815483202625,0.004543575683521639
2024-05-15,0.0017400626683933378,0.002238766238795782,0.007376627474185474,0.006532308455393025,0.02226171244027194,0.0006470750425777104,0.016881356881833166,0.014862400008283136,0.014745569800006504,0.001509920303450864
2024-05-16,-0.007197421280397725,-0.002772557781914464,0.0,-0.005972902607296829,-0.003479763418906862,0.014129914553985266,-0.001804377889332851,-0.0034527600457991124,-0.0011635716900396825,-0.00650345796767335
2024-05-17,0.008500613225561207,0.013891391137501648,0.007322611057132699,0.0011176233176899773,-0.002216398643413353,-0.0024263579646715875,0.0,0.0008296564100527438,0.0019155598568180946,0.005105378218609767
2024-05-20,0.001409684075255303,-0.0065504940163507675,-0.013744258544638177,0.0019130958658123906,0.011686534658552381,-0.006928522614785146,-0.006211182365121838,-0.0016602256573591504,-0.00212102393750743,-0.0074702843606887885
2024-05-21,0.0,-0.004887881142054939,0.0064216474875054465,-0.003270381445795621,0.0016319924797821564,0.005905118052397797,-0.000779037813184797,0.00896005940926726,0.0017108401981412772,0.006406598369865218
2024-05-22,-0.009800869895442486,-0.01935959941869093,-0.005706174661066529,0.0011976121000125135,0.0022335084964193296,-0.0039757312107141785,-0.008610675527274644,-0.011871878748753811,0.0017762130932755902,-0.010474232287349056
2024-05-23,-0.008903696701432129,-0.009164333850407413,-0.013925761981326128,-0.011880880301361309,-0.00816744658327063,-0.01189267839117379,-0.021455063703791896,-0.01708759310056801,-0.010980734567600146,-0.016322770811413465
2024-05-24,0.008684743122491095,0.0014236333517874187,0.006026319081973825,0.0050745491955977,0.00839999512020732,0.002597441368495708,0.0,0.009979868433739734,-0.0033872699304566723,0.010019282556747925
2024-05-28,-0.0038382051457235564,0.010235224705726055,-0.011116548887543697,-0.012287857205798981,0.004219844287438031,-0.00781233679580589,-0.005907572025558875,-0.000979433891778237,-0.012191276825906087,-0.002452670917200986
2024-05-29,-0.014387183069664763,-0.01781555688056904,-0.008051900892359317,-0.014254421040934724,-0.006359994903289399,-0.007215587730612172,-0.009471049820364922,-0.012963369215055719,-0.007810610679703973,-0.00658883821400721
2024-05-30,0.008104413898710909,0.0028630573679461115,0.005375163101130259,0.006824930901715821,-0.02308361985956977,0.0026297820079189036,0.014307209936259595,0.013383276397971301,0.000494307201755273,0.005903397950924488
2024-05-31,0.011980163570101194,0.024547743873313387,0.014513916089229079,0.012055204521063564,0.0015714447317241788,0.015506130240123574,0.0196398022058228,0.017478640968928993,0.014509731847391157,0.005584693043127008
2024-06-03,-0.005917238209850217,-0.026528987128722935,-0.006263504260534095,-0.012301073680871667,0.0025185744864863083,-0.0003880356488037272,-0.003949987372461914,-0.011479454567670879,0.007003995949179242,-0.0004547332374754701
2024-06-04,-0.011162130375919661,-0.00963196436072533,-0.004602279548577137,-0.0024620866515225478,0.0020863655321550147,0.008629189017618506,0.009453717279820776,-0.00041739509841611953,0.0028981245758362313,0.0010229472756968644
2024-06-05,0.006866668966830941,-0.00011120548155851734,0.0029092964589607253,0.010056124171587681,0.02197066790950909,-0.002182296942691322,-0.0013077790241308829,-0.00572189167287731,0.0045373555727634815,0.005832858030403774
2024-06-06,0.001103200907465922,0.005215675674509012,-0.00048426358639414014,-0.005956029094248493,-0.0033418079191387885,0.0030794649639819083,0.0015691937575299797,-0.010410727069147497,0.0032869823010805315,0.007257512132521357
2024-06-07,-0.010083720932680281,-0.003992552740798704,0.004590968262715378,0.001063233202948647,0.0023219818287116604,-0.00500909978026579,-0.00786984842848564,-0.01094910240971947,0.001093120497398533,-0.004100485139920482
2024-06-10,-0.0010028223882579607,0.007527996187711251,-0.0038648512092059983,0.0031014660228364595,0.0025476892802107605,-0.0007730221071343377,0.004991377195360984,0.012785964127204395,0.0036810887093180027,0.0032031577090671725
2024-06-11,-0.0003344682562853249,-0.0019871487058554086,-0.011439681825564787,-0.005720765986560386,0.018427343187158794,-0.0005156456787601486,-0.003149707160996594,-0.006088491962307313,-0.0041589729879512,-0.0026404346104221604
2024-06-12,0.0018937544028793697,-0.010777261662576632,-0.000979772532030732,0.009462632721043827,0.021878096283847265,-0.011019727944652708,0.007072941250455044,-0.006554809708650525,-0.002120406231875434,0.010353448181399527
2024-06-13,-0.00033385875348418984,-0.00920232896488108,-0.0007353875334629647,-0.006434668138293669,0.007878781793642403,0.0013028330598118228,0.004947188148037462,0.002284910556682214,-0.0008221051943613573,0.0007791748714260049
2024-06-14,-0.009284595280826069,-0.007468553878465723,-0.00319274979254615,-0.010101547439841256,0.003740388579643863,0.0018209312244442505,0.0007789415750242135,-0.0024275730129289276,-0.0003425540841969391,-0.007931090430180818
2024-06-17,0.0073899425529353096,0.0026090287475367176,0.008816853011285236,0.010999996544443353,0.015039784922289287,0.009442103710152137,-0.005204157333536733,-0.011070781252039159,-0.0010286917559736166,0.01739943839053188
2024-06-18,-0.0011161651388993485,0.004182874269004884,0.006320028085850302,0.005373745190029951,0.0012539881176330682,0.001286367877570666,0.0039054425580868214,0.0004336239304927093,0.0013028958236025298,-0.003367379290203465
2024-06-20,0.001004613517209168,0.01822203930467501,0.005316613830607619,0.000649418653010724,-0.011299008897575446,-0.002187914626828162,-0.0026020748153529646,0.008633224824434474,0.003283842939330285,0.0012709406691902914
2024-06-21,0.00011155162169005595,-0.005777109708268883,-0.0038639178892590944,-0.0021121704176976772,-0.0017498266687366393,0.0007727153349267598,0.0026020748153530115,-0.0058912589478549915,0.0027966746648464625,0.008413723975295545
2024-06-24,0.0064244493276288,0.024901999450172525,0.01022270756402732,0.004242447181163151,-0.024821911082263153,0.010606795491150539,0.006723944597665394,0.013061855238157657,0.00581615376237818,-0.004278479004793605
2024-06-25,-0.01277746436339962,0.0022980206424698777,-0.0074814755104179636,-0.008568467614368691,0.018177440527834265,-0.0064383545903439095,-0.014180804669900534,-0.00950897881797926,-0.003132337699644116,-0.004031569485985361
2024-06-26,-0.0006773280336930767,-0.009885829765307833,-0.006318330485908005,-0.0027081479656389483,-0.001148500925200126,-0.002069129417811652,-0.001323314321303448,-0.004206615292276798,-0.0035525526885454924,0.01439429670041829
2024-06-27,-0.002825838521715511,0.0023155036573355046,-0.001219539680589199,0.0010678210552846447,0.0004860285301029711,-0.004280778841015337,0.008963791950737423,0.0017427428591380097,-0.001644038717699885,0.006090600250145346
2024-06-28,-0.0003397057833937808,0.003847120857851115,0.003411237044448394,0.0004102538355493705,-0.000530280446519824,-0.0044302238447125756,0.008103770435646767,-0.011236865102116416,-0.0008228183327397156,-0.011176454503505311
2024-07-01,-0.015519983216663515,0.000548572069368841,0.0021868092223943456,-0.01080743423227222,0.007530297858467152,-0.007076328478139638,-0.009679626238489562,-0.006921527695792041,-0.005642086711927767,0.003393498264080433
2024-07-02,0.0018384211699079619,-0.0007680320632197496,0.011583273983997269,0.005459606496017303,0.00498876672619722,0.006945791526926233,0.004197270144087235,0.005158838205426353,-0.0036635335713929473,0.019264655288297846
2024-07-03,0.007434192655498762,0.004379810538788546,-0.003123998279816946,0.003623205202086147,0.013398708335058048,-0.00169926394829662,-0.0010476141104141796,0.006009699679361961,-0.00764683631877931,0.006357763260831265
2024-07-05,0.0015939886832352609,-0.01574675906823073,-0.00024079209680687413,-0.0036232052020861755,0.0030533815785886327,0.01222226496788114,0.0036618578812964097,0.0017520202515265964,0.007716071645108971,0.008114991388512812
2024-07-08,0.0029534766975012764,-0.006122847108675188,-0.0026515065082535674,0.0012367937051049492,0.006804269924700536,-0.001551970079177874,0.002347411616043177,0.0010205863163098513,-0.0011084498343186726,0.0004754953776218222
2024-07-09,-0.010261100585068857,-0.008861234171085312,0.007694221259285407,-0.004376548400893412,-0.0008106640039788356,-0.002591981296417262,0.00026033159567901174,0.0029104177367668327,0.004840707627518762,0.0033209297710145467
2024-07-10,0.013319046634263093,0.006737227757195045,0.0038249300209059903,0.008897796314226655,0.014408236303128343,0.0044022758949375206,0.0070065935805345425,0.009400404973975712,0.009407357953559887,0.007497318408433041
2024-07-11,0.013590257496916084,0.010353523318047427,0.007843291409138666,0.012633181129567609,-0.025352139790449226,-0.0037537022215479604,0.026287148841636913,0.01811623102881717,0.007014535901499873,-0.012773845673800398
2024-07-12,0.009548265374888192,0.002544086668392338,0.0033088435725593074,0.005733831091865798,0.008893019832910725,0.004399530974609186,0.0072782592337480275,0.007324137185572736,0.006224319600959197,0.01298279557114093
2024-07-15,-0.002544646607954422,0.015021471256282599,0.014523532277430534,0.007141434367361741,0.0017947860322060753,-0.005827114619252728,0.004242031753530071,-0.024577030875086635,-0.0035132950210671654,-0.0011494413151392426
2024-07-16,0.019200680605841236,0.004451977268416134,0.011330944043143215,0.024640050054448238,-0.003335779848114288,0.00956447204007478,0.009417572904032655,0.007736563036792278,0.014179887620339823,0.017773811728428186
2024-07-17,-0.002066756056879213,0.00991797725011725,0.007559327625501452,-0.012876017675002101,-0.03967318529446884,0.012781384194906582,0.00884105429623851,0.000570751350055607,0.004527308196086735,-0.016833320310629483
2024-07-18,-0.009959216116331902,0.001822169535607193,-0.012168595376661361,-0.007853844409186173,8.917074274653508e-05,-0.004965297508503287,-0.008347662475795594,-0.0008561919739039559,-0.02298023908935964,-0.01023765730569542
2024-07-19,-0.008948716561795085,-0.010982196176483897,-0.010216164699075438,-0.005510481324411611,-0.01576681010106525,-0.0033241186174645682,-0.001233537037630397,0.0011413883452061522,0.005084940795533956,-0.008958280430494984
2024-07-22,0.003323796934420127,-0.006298864300056355,0.005585462246084492,0.010119093536663654,0.023403239001066792,0.0006402262842072581,0.00982555673603532,0.008377646153166263,0.005731811918068501,0.010961605554738333
2024-07-23,0.003973767335541828,-0.016033667619860872,0.0018547279083437169,-0.0019043145537753592,-0.003988559241882991,-0.003589799279894059,-0.0017124488581837464,-0.006241204978338129,-0.0006053275030318775,-0.004486600336421713
2024-07-24,-0.012861777179261808,0.00011066316408345346,-0.013761042366835225,-0.021760068475004612,-0.04226610423972193,-0.0008993900050530156,-0.013806998988792034,0.01117810201043745,0.008308323463872322,-0.041752556921171934
2024-07-25,0.0027861082422343474,0.017120725433019787,0.0037505111905338775,0.008004148478906382,-0.01075809957075504,-0.0011575631223209998,-0.005476752647707999,-0.008336329871078546,-0.005017228194467624,-0.003923913822207984
2024-07-26,0.016226328834760696,0.003150665485420536,0.015554524762951674,0.016927951646103036,0.0126090796806286,0.010115980622823715,0.01658662316776378,0.009742487271038698,0.005617548778435799,0.011123539885483546
2024-07-29,0.0017502450411746825,-0.008606031190317146,-0.0013830065850608864,-0.0017434093463961154,-0.004448465565330726,0.0003820850080356939,0.006363176309067658,0.004486080774424239,0.0005999604153702983,0.016564362566309308
2024-07-30,-0.003284237219235808,0.015416471877765556,0.011467953132776298,0.0029303010297698556,-0.025446458123298966,-0.0067728135746113185,0.007292118586544384,0.005162182247816506,0.0008658233145123573,-0.005563279704233843
2024-07-31,0.010363696172704445,0.0041929062652614505,-0.0025117401182878463,0.011089009146410537,0.04147921032960716,-0.0017965871939090918,-0.002424802658751981,0.012858883966412368,-0.003668863400716655,0.015371626828058836
2024-08-01,-0.0040236025557074,-0.0268568896301028,-0.01427605856487541,-0.018709946610347652,-0.03800758971364266,0.009205918746079138,0.015418346447515224,0.01783694200349876,0.01017338414872588,-0.024840523424440843
2024-08-02,-0.019031543481884013,-0.02612611995687444,-0.024889783981090298,-0.022239160378330465,-0.028507242119240207,0.008743769882223347,0.0007168940157654817,0.0016181754885392467,-0.0019868369005366037,-0.03749228911092688
2024-08-05,-0.022576378752671378,-0.022305907117336883,-0.02943521963572642,-0.017507539058492488,-0.033881495617477955,-0.019878353490641223,-0.02933171520884859,-0.026763063449135725,-0.0270765739278057,-0.028676984424824827
2024-08-06,0.005099013177658231,0.006112152912028619,0.01603147745087922,0.011951460877114415,0.013501220307063197,0.006925670485320491,0.021898618156345112,0.008406393223651554,0.004620198537919858,0.01098035009111944
2024-08-07,-0.013655183332209846,0.00401583263866412,0.001204163033139433,-0.004845829454539314,-0.016334876575225626,0.0010219581115595586,-0.00724651716027267,0.005610613723612655,-0.010220560643212126,-0.01760364868910311
2024-08-08,0.01534894454649043,0.02129913219751765,0.015996557125633578,0.022791194571779822,0.03666617277604977,0.009024554147415318,0.0084491000814862,0.0010912157349609968,0.021880571950997935,0.02158268321281997
2024-08-09,-0.0007900233182277124,0.0022392978180180143,0.004254322400640244,0.00016084893028920678,0.004484138306341892,0.0015174394853405074,0.005035501802157402,0.0034020949029481937,0.004946124045894321,0.0033323033385758384
2024-08-12,-0.004413647223900604,0.004909018825497746,-0.0052023554981075705,-0.00508193076945798,0.008136851791108176,-0.005066638888624978,-0.005997355122752687,0.0017642733864295373,-0.0038076929721893816,-0.003965681797305475
2024-08-13,0.009931368629238635,-0.009729991060929255,0.008263545704224948,0.010458602598891269,0.03026430917428394,0.004560946968323878,0.006953459879528451,0.005814478780034057,0.01204133137070492,0.024741828330431072
2024-08-14,0.0,0.005827099231828811,0.012152540933638779,0.004073334037935386,0.00546060991762555,0.004540440071772899,0.003577826868907968,-0.0006742318210666837,0.0035645837558477794,-0.005351434250327947
2024-08-15,0.01570974204844192,0.011884405752357167,0.009248607640278409,0.013380499983163567,0.02835832772884003,0.01026534305950601,-0.002861082216766444,-0.00013496587586368761,0.00624073123881556,0.03141334377150592
2024-08-16,0.0012152185762982419,-0.0011046373738446537,0.007337824916289828,-0.0014167147726690187,0.0016724545866678988,0.0027364799999908857,-0.00047783707978460026,0.0044429908825589365,0.0010468691161407075,0.002350760809112891
2024-08-19,0.004736548816694346,0.006719801669486049,0.005468292963523348,0.006046070432252074,0.016351659060661636,0.0033479128417378905,0.005954502400798491,0.006560730533474965,0.006065246474291911,0.012211635860867057
2024-08-20,-0.0036329897269944907,-0.02670381377274038,-0.0031860983057429345,-0.002743621673583529,-0.003516440418066427,0.004939529983755183,0.0009496804024499323,-0.002137499817827704,0.004023088374654466,-0.0009174639901836127
2024-08-21,0.01140489548794617,0.0016900432987734097,-0.001596863964727186,0.006026257489916091,0.005868767879892654,0.00675217365662616,0.0033158886182757634,0.007063378265920091,0.0016822605267968152,0.012555064671963653
2024-08-22,-0.0020740078320421666,0.0025857562223647415,0.005691414668523944,-0.001249184924219855,-0.02327631684363571,-0.0014694051212065943,0.00612907284561631,-0.0011958659367206025,0.0006464579779821083,-0.01742626643059244
2024-08-23,0.013134664682037856,0.014823569722709958,0.008589560641492962,0.009950238906530719,0.016068848929828326,0.0028143274862089283,0.019088045157878004,0.0027883806785369675,0.0043191971039071506,0.01913093735768643
2024-08-26,0.004411535278981588,0.008921204502113844,0.0031460917175495295,-0.0010833793316049921,-0.012626290430054572,0.0070620022787929275,-0.0006918322386044956,0.0064758617424747165,-0.0005146607621254969,-0.007801520440468616
2024-08-27,0.00010751684684532404,-0.009363864228209484,0.005147131602067657,0.0006191830335846429,0.006040913940901691,0.0024238153250218065,0.002534722862686785,-0.007935543385794608,0.0015434914058790221,-0.00263216187181118
2024-08-28,-0.004303419766079875,-0.006440324088714263,0.002452296049097167,-0.0004644724237099587,-0.013894283019284229,-0.004245442968009327,-0.003458222290859665,0.0,0.0011561328139596406,-0.009728771521847649
2024-08-29,0.005483650336318932,0.012949013761269267,0.008867258908747823,0.007021015810556374,-0.009064782587729922,-0.004995833584342746,-0.003933524476961951,0.005429325600119936,0.002115960459643703,0.0011941355578972915
2024-08-30,0.0108776544963523,0.0037317870939370264,0.009445489358832758,0.010629767380628583,0.013203422890230562,0.007909060019513659,0.009690756802782351,0.007499678026929893,0.006893914008576503,0.014968350763441945
2024-09-03,-0.022959956933586594,-0.025182781548886684,-0.007461012032297265,-0.022384668660187193,-0.0470194237754915,0.007004663845182721,0.002293458807938537,-0.0014431290083204346,-0.0019102248450330824,-0.013829666414583067
2024-09-04,-0.004132564279161322,-0.013915180534994536,0.0011007785273728114,0.0010106229969256625,-0.0025721406809919053,0.004682802226329547,0.0022884881540518043,0.008496362703981646,-0.0017221672110875586,0.0025975376803952293
2024-09-05,-0.007877564263530605,-0.007776677185330243,-0.011062172483728068,-0.011725210642377306,-0.001527337452610361,-0.0038406607592314313,-0.0027466666362494707,-0.0024761700872918137,-0.013821864940437339,0.01128549641039201
2024-09-06,-0.012712145006943345,-0.01259333168719696,-0.014791705561047294,-0.010194819316992294,-0.026279799848373694,-0.0020464597749415663,0.0,-0.009570523849624639,-0.0034367652568278767,-0.025601513562948805
2024-09-09,0.009631921339820097,0.007182614149822301,0.014791705561047237,0.015214483199224757,0.0162463859051659,0.007682272597252731,0.01184796319368668,0.01009246473649681,0.006990951282645336,0.014478170821375385
2024-09-10,0.00044057601418144457,-0.017349224395617712,-0.010286186055817688,0.0017195747175235419,0.01484621119161332,-0.000239078373110567,0.017512694948640252,0.0046838957523357904,0.004569165729604693,0.011390469274480822
2024-09-11,0.0024200513287070085,-0.009322269880015019,-0.004731590279793686,0.0017948472341267985,0.033562355743390525,-0.009372874796404806,-0.0026743442557462726,0.003110210934406179,-0.0029581060632897505,0.009940897058249324
2024-09-12,0.009186415742830968,0.00896977171029867,0.002256027284215936,0.007688247009459001,0.00824031258081218,0.006138272870082175,0.0017837206388378662,0.0021975170917139693,0.003600064581437948,0.011203721630857758
2024-09-13,0.008994839462129995,0.005623794457527164,0.002924815598971772,0.010083801792647134,0.005002568535089015,0.007054630919904269,0.007103145766381127,0.013975555304298497,0.0020512606529639135,0.006777023758313031
2024-09-16,0.009235521200489098,0.011384939460907222,0.012946686369466531,0.005118201070781128,-0.003817959373414341,0.0039240353823523635,0.003312541660535394,0.00761012392122741,0.0068922538685719055,-0.0017159407287970579
2024-09-17,0.0019222078332423072,0.013424558768311324,0.005308633598490149,0.005471017285628903,-0.001959996530978448,-0.00953974171956569,-0.00796837859692135,-0.0007581579528935337,-0.010356428252961188,0.005087226874001317
2024-09-18,-0.0042767333400818355,0.001935683564699459,-0.0030932626283615185,-0.0008338179572763139,-0.00916722288644208,-0.0038417749355544512,-0.002892918269080732,-0.007616224457715967,-0.001671989456978829,-0.0019695798501990123
2024-09-19,0.01499468637761806,0.011873157959560277,0.011003572144079049,0.017070121125589127,0.029267854552709364,-0.005911075305073602,-0.0024546786625222338,-0.0058785268354797715,0.003598012134564288,0.022520056066431225
2024-09-20,-0.00709706382742402,-0.002250729249790241,-0.0006568006120551468,-0.007033562386628841,-0.004886332968349875,0.004828232964191775,-0.0017889060886313213,0.026060822078807958,-0.004113173527598284,-0.002285058228040445
2024-09-23,0.008696545529290715,0.012272252052142796,-0.0012096379735859707,0.006689717842029922,-0.00018468556053361637,0.00578137827714475,0.011005608433723734,0.009870503727823433,-0.001960442982967015,0.01207728188247528
2024-09-24,0.013562736296220164,-0.0024717217347068527,-0.008397859659165827,0.007157686185549561,0.006820873576316001,-0.002409789142706498,0.0,-0.007120902464018856,-0.0020097256006076066,0.008720310543771672
2024-09-25,-0.006705799965673953,-0.019766551785323046,-0.0060100906722025515,-0.004691575875801098,0.002858071729355917,-0.0025368226343885115,-0.004244498824930935,0.005251969899255692,-0.00978219294895771,-0.003599175427091643
2024-09-26,0.020499024317431565,-0.019814102008306536,0.005122011816930647,0.004988853414480364,0.013157165453663466,0.002295351522215188,-0.009898803650810596,-0.0068832928545487304,0.0033367444877868777,0.004247579693669814
2024-09-27,-0.0017524409529202315,0.020158153667917005,0.0028833557218027207,0.0014102556649131538,-0.009373955130694469,0.0018083700930334407,0.0013556453018512464,0.009871910656448343,-0.0005226671697167888,0.0014948214114037894
2024-09-30,-0.005587093545679029,0.006971958103967714,0.0037582200448400506,0.004513818881015582,0.002927715133563388,-0.00024071026866067345,0.008543158348959244,0.004466541854861664,0.006513888140708733,-0.002342926066380623
2024-10-01,-0.0024933985719114943,0.02252352176081596,-0.005309709761656613,0.0005166935274289227,-0.024663864292781088,-0.003379210037936423,-0.006062526477354646,0.008014363755136877,-0.005273050486258245,-0.004050717635481949
2024-10-02,-0.0038558524717723906,0.010192719804189619,0.001108477228157249,-0.0018465941490729224,0.007373093256134848,-0.008498372101505556,-0.00360998172294857,0.0004911676736883694,-0.002025453410904681,-0.008504663764157783
2024-10-03,-0.011129921373639065,0.017482966449353605,-0.005332210689308529,-0.00511420696331342,0.004137727797665233,-0.01004784966283577,-0.009767438404073485,-0.0003682797606166031,-0.009066626786155024,-0.011640750628557715
2024-10-04,0.0048451143359782385,0.009272406458184362,0.01678842457712854,0.006960801112386367,0.011069030010690113,0.003319637527460289,-0.006641455241752394,-0.0015976440870087566,0.0007918623747059931,0.013155571526996958
2024-10-07,-0.0029464105359452253,0.003535273220826862,-0.012343001256410444,-0.002438165207106601,-0.006903823974308833,-0.00999205814580083,-0.0073801189160099525,-0.02326710632303559,-0.004428273509733361,-0.015664142510102532
2024-10-08,-0.004647720878607529,-0.026439983303833948,0.005749766439258965,0.0022166756191170024,0.018510050419956587,0.004946738907434937,0.0030048292230060517,0.0005036690586704924,0.005416807790976755,0.00969199316912967
2024-10-09,0.0063325649968719935,0.0060211423232855174,0.009218592558309023,0.00889168572617331,0.011126038725486863,0.0060267560545923665,0.0004613813264102454,-0.00859251709791462,0.010159775339530334,0.007132188446562321
2024-10-10,0.0023116848494900894,0.006744242997668833,-0.0030635169491472418,-0.005134164764587329,-0.00026039960628148554,-0.004424217651597681,-0.008339010801531137,-0.003050355264163754,-0.0037240785808561085,-0.004951637383615555
2024-10-11,0.006486858473422956,0.006160488771835395,0.019102098395790964,0.017711157753707615,0.0017345177875674898,0.00552717178613161,0.010182780141302831,0.008744737474851548,0.007304386217884198,-0.004263998099774312
2024-10-14,0.005719358782684931,-0.0004311198570904057,0.00621577803913507,0.005978304337212442,0.012956769012197965,0.004034015104579215,0.006883831962491956,0.012539308849507744,0.005508442941280541,0.004365267053061541
2024-10-15,-0.001037453311679379,-0.03276112171993068,0.002134631194708334,-0.007713832488356973,-0.022228014476673028,0.006323744588535108,0.012498782602671886,0.004476081271842512,-0.012289306875424278,0.0021755084262995643
2024-10-16,0.007754710203706406,0.004778194614655556,0.01229065016077899,0.007713832488357073,0.0030999308853567635,-0.0007276215414030754,0.009887770401916485,0.019654153598509524,0.0028091951075802915,0.005242229150641012
2024-10-17,0.0015438487602857398,0.00475529542719085,0.002734333880883906,-0.00287660994295843,0.003046919451523601,-0.004498720347456408,-0.006505868348969065,-0.008919317934267692,-0.005823300729125103,-0.0009054372819174853
2024-10-18,0.004002662277963901,-0.0033152760951044155,0.0002099104985424484,0.0030201283036475385,0.0035576049089828675,0.002191005980751449,0.006953091613468856,0.0057516667695391085,0.004844278277909354,0.003917215469703831
2024-10-21,-0.007711814061132241,-0.00299316612865476,-0.008011705400697391,-0.0035246143882515842,0.0046662815263241635,-0.008425377919540032,-0.020777732573999282,-0.003912622803918975,-0.011824474781825542,-0.007799335688770733
2024-10-22,-0.009229075079084697,0.0023287722116768507,-0.0019068344137911544,-0.012179422125941121,-0.001035174712412763,0.0056248632162683755,0.0015961462959966225,-0.0035588290973513517,-0.0014548242533934507,-0.004049349720229269
2024-10-23,-0.0027122281389557403,-0.005219628697929438,-0.0008488622736414505,-0.0029216734757016105,-0.014429340617544388,-0.0019529087521332439,0.009749539977412769,0.009543810739664232,-0.004709552306629908,-0.015848199751292546
2024-10-24,-0.012297140071185578,-0.00011120647632349388,0.0008488622736413651,-0.006900111312039675,0.002928785446967761,-0.001344834453151718,0.0022536270561330785,-0.0064749911550214395,-0.006604108011840243,0.031049484714936328
2024-10-25,-0.006365401188915434,-0.00033431764685447297,-0.011089972540391789,-0.0026554054417442935,0.005180718062953525,-0.008353876065575761,-0.007910425260613736,-0.014941221510536033,-0.005503541350876977,0.003142211223441024
2024-10-28,0.00826711403356005,-0.006369685808988517,0.0123615442660915,0.002950028459030837,-0.00030401021537260735,0.0018487120640572968,0.0031717738499576057,0.007807247149192311,0.0014794789671666163,0.0023377986340869005
2024-10-29,-0.006459516261055016,-0.01536400013744451,-0.006161712888002607,-0.0013264876867561236,0.013375645443327736,-0.009899660049201514,-0.009088943307892554,-0.021586830944790133,-0.0027591329676365734,-0.005230269436545476
2024-10-30,0.005403437191293591,0.0022742108919861876,0.004465841516409674,-0.0016973484062397788,-0.016028652848075798,-0.0016180959800265766,0.003645624213734619,-0.0023995052517605158,-0.0018883504479870314,-0.0013993812790823994
2024-10-31,-0.013295962326927965,0.0062277229947371475,-0.013887700983983203,-0.01158902487340318,-0.03262449048897157,-0.0019949359856456473,-0.017667198371496995,0.01031465005778086,-0.00847490820344577,-0.01542213448908402
2024-11-01,-0.0027879267957356675,-0.006341256244580151,0.003436349678340853,0.0013438685757912595,0.007486390981785305,0.0003744156983575651,-0.010705209519845134,-0.02252697830385039,0.005906142208102359,0.016122147132109476
2024-11-04,0.00439289188050161,0.01734267346416604,-0.00774862806820947,-0.0011197650269003756,-0.0007595696870989982,0.00274111060182825,0.01116816479029907,-0.011974454939498577,-0.006587243591861801,-0.003454528250712702
2024-11-05,0.0014955518751384495,0.0066763140789392285,0.009248346686822966,0.01659555300228728,0.013980697048968687,0.0063255175643578045,0.013558618887308447,0.014913972356365771,0.00733156554884802,0.017548396251459847
2024-11-06,0.013676414413168237,0.03690616209836477,0.05902399753034508,0.03841475449704942,0.02807411041214034,-0.01645512768721858,-0.02706938092787865,-0.010390601183614082,0.0012840934890602572,0.03148064726017955
2024-11-07,0.003888187308388247,-0.004606540705331004,-0.01627708329334069,-0.0060280446346043315,0.017291257293532595,0.0036384169499527595,0.01235297175198898,0.0018036554385142836,0.00720188929016823,0.012763253253396027
2024-11-08,-0.009167004465285188,0.006635340019880521,0.008985184265117576,0.010683935022273522,-0.0010956944591102562,0.012074501566222152,0.01699642417234746,0.018997187988031856,0.007150184161321395,0.014090930587663671
2024-11-11,-0.0043494689000631625,0.005637432003796841,0.014130179504063813,0.007711749323777394,-0.0055389893238027114,-0.0034703207532595323,-0.008691760100027316,0.0027747639552196026,-0.005876829557920346,0.019974052773952113
2024-11-12,-0.017156692929885416,-0.00531747568376699,-0.003011093324325686,-0.008627006039882893,0.0012711283048759952,0.001116580687053038,-0.012715505406113048,-0.011527367301226362,-0.014029540097048685,-0.01344085278487639
2024-11-13,0.002376447950171148,0.007753990806660085,0.0006030385714281362,0.0021108092894276727,-0.003478265285103088,0.002972318692099634,0.00787954968063622,-0.0017852556441781224,-0.0026526463388108386,0.00850757716368871
2024-11-14,-0.008233922264792535,0.003801973612350028,-0.002615587861385189,-0.017014344728695993,-0.003405378705747626,-0.002476318318768407,-0.00904343489989291,-0.003451924782646273,-0.015857599577457027,-0.014297235985915164
2024-11-15,-0.006987004395735189,-0.0014769689230682357,0.004622728725637789,-0.005376846476536743,-0.02512854184234454,-0.008840118033546233,0.0011638852192567654,0.014873402678492348,-0.018718223884724775,-0.008583778339663027
2024-11-18,0.007748110510653554,0.013213172395899277,0.003003411961391494,-0.0013668368181811695,0.003230126666004055,0.006979019349912553,0.008802590365935404,0.008669029153896031,0.0007047664300152928,0.009187480788808312
2024-11-19,-0.0032665573953999934,-0.0063749504712231385,-0.006619359747805513,-0.0008642644068669551,0.008160135240115326,0.0013650983103025308,0.004142664645017767,0.0063593435483127285,-0.005156308534707645,0.0007425404818145806
2024-11-20,0.008146473216436655,0.010014673788509112,-0.0030232311329405916,0.0010801577483160617,-0.0008648334296392972,-0.005097719085211707,-0.001608987341993005,0.0004972483614396729,0.011757166060496732,-0.0044166680008764485
2024-11-21,0.012150098836337697,0.008063750552588667,0.012636853722188835,0.012444723986484243,0.010115964755730808,0.010786679103787259,0.006649068827875977,0.01724399012130821,0.008016382825270917,0.0017689368577822333
2024-11-22,0.005541907940716314,0.00154332586787408,0.011100187326362662,0.013835222968097294,0.0005138202628971314,0.009206567536505329,0.007512810413562513,-0.005387815600900349,0.0009022306445370137,0.01431579398290477
2024-11-25,0.010256545326433192,-0.01993633844146039,0.0064840204201968244,0.006219565187972542,-4.2714887034537326e-05,0.005483392941682288,0.013293027031803285,0.0018401115982852147,0.008495879481289678,0.010172629613133491
2024-11-26,-0.0074970246086615904,-0.0013643044120666256,0.0019565575438451666,0.0011838082141519231,0.004996254974031572,0.00412322629902994,0.004911800251788973,0.015805738805774534,0.00535050388146173,0.003624289029115494
2024-11-27,-0.0005299161612078497,-0.001050551779197903,0.0019525845691442318,-0.0036949988002800594,-0.013638417500592671,0.0020552552515558714,0.00688047022140233,0.0,0.005321921703166346,-0.004941428684536029
2024-11-29,0.005077033017506066,0.004300819042345993,0.0015595705803714457,0.005641445065250266,0.00924125669382895,0.005059709518064608,-0.004655833029363823,0.00036189105091300627,0.0031256185656960934,0.010218590594433282
2024-12-02,-0.0006331798025862179,-0.010628851875277675,-0.009983460516139409,-0.007389032905464673,0.009453353742970187,-0.00120238183840685,-0.01522639321393139,-0.021697564837235957,-0.0017654395165981576,0.008689111798857686
2024-12-03,-0.0031723428119340385,-0.00010574935727321624,-0.007504003264116148,-0.006316439920431021,0.003595950209358174,-0.005186625901426667,-0.005883602200465468,-0.008663599499584246,-0.0022450592308507593,-0.0007585031080824219
2024-12-04,-0.00979135633102953,-0.024420165604110054,-0.0037732240921329557,0.004355653158800913,0.018120362164346236,-0.002785445056418154,-0.0027274955093398823,-0.00012410310636692587,-0.0005449228864109967,0.00923995560514261
2024-12-05,-0.013242440355459599,0.0038956920945494066,0.0029801412438617576,-0.012201764041219143,-0.005072326098095526,0.00399397969730509,-0.00250635927509692,0.0031031012323578734,-0.011239181714897423,0.008147219361640146
2024-12-06,-0.0039091603702400435,-0.01710196450078253,-0.0001984464945734647,-0.0025578276133429406,0.0038688973122016543,-0.0049646768436755456,-0.001369882504546787,-0.012470502110645354,-0.005667372530837073,0.020834053368494723
2024-12-09,-0.00021766229584240985,-0.001649211648612108,-0.013785105461123754,-0.0087175276035811,-0.006540160517751617,-0.0015791780288940337,0.0020541664563268076,-0.012628183953996956,0.002906649202484646,-0.003183857279494071
2024-12-10,-0.010282298936325896,-0.0068463591940388846,-0.0002011626990815668,-0.0024430716199638535,-0.013972723070059102,0.004730456711027813,-0.01632032329624024,-0.007269953791317187,-0.004154993554370554,0.001636171386860783
2024-12-11,-0.0035247462284078534,0.0016605320821604646,0.0020099651154098152,-0.002304925830792359,0.01439049015069143,-0.007652735710541529,-0.002552677407646923,-0.006292193389746926,-0.013694919690561446,0.01740081392433271
2024-12-12,-0.006975412962686226,-0.008107956628589402,-0.004427394173334642,-0.0064382315514214285,-0.0056136531830181455,0.0029222789995136627,-0.0006972322700899813,-0.0005154697764838086,-0.007981787640151195,-0.008321415185385832
2024-12-13,-0.008592408678009566,-0.0050310644009927035,-0.0008070838208787089,-0.0026160066375662586,0.00427609354004816,-0.0025564904665168193,-0.004193820859464885,0.0006442700584830755,-0.00014173190412215136,0.003957000076992992
2024-12-16,-0.008892941908312212,-0.02221288876728464,-0.0018183829657522639,0.0008727628212559357,0.009948149072107075,-0.005255181404265182,-0.00514970849553802,-0.008017568702608556,-0.011987439939890125,0.013455306999368703
2024-12-17,-0.005555962309111644,-0.007476937892442271,-0.007103036855975371,-0.00920262301584698,-0.006065360344206521,-0.001716907161226436,-0.004469317694046726,-0.004163485212172126,-0.0007180763510656676,0.0031373106014309137
2024-12-18,-0.028837003653213428,-0.03000340735117628,-0.030396180872270487,-0.028655102134138494,-0.03278422130484721,-0.015337489398338637,-0.039918633306840305,-0.023881295139213343,-0.01366957760800187,-0.04611232574396134
2024-12-19,-0.010825050753231981,-0.008723384915651965,0.003562803368892156,-0.0012844914317911157,0.001075844196564594,-0.007129743631329979,-0.01732282529559152,0.0045296622695673895,-0.007602437626413791,-0.0013567977170032735
2024-12-20,0.012345125328818289,0.009793438095526873,0.014744244818713642,0.01165035236522082,0.014815076045238814,0.003508689627723191,0.01805862992303788,0.015825317944629762,0.012542119912458672,0.002537020164659144
2024-12-23,-0.0007755051710773393,0.005855410124375281,0.0023986672733856663,-0.0002253358083978573,0.010539575750597965,-0.005282442823099455,0.004549022899923717,0.003397702224739805,0.009937677217150392,0.0030284962805847285
2024-12-24,0.005392829413230457,0.008423795835541759,0.011703303239995992,0.007782354524601972,0.010280105994593643,0.006567253243612742,0.006638038240455602,0.0055068877698505846,0.004099520400032966,0.022863559205721723
2024-12-26,-0.0015211206419204783,-0.000827388839220053,0.0024465008342928174,0.0007447947928494403,0.0006649827667714551,0.0031421668706643337,0.0014691007371081136,-0.002356278804477612,0.002007848722036806,-0.003717401931233992
2024-12-27,-0.005400876974746837,-0.0001182409020868585,-0.007357611898026241,-0.007476055159874699,-0.013384342456208847,-0.004905939530286694,-0.008107138977563651,-0.002887583544091088,-0.004667179782352902,-0.016662065668159892
2024-12-30,-0.013512232495452643,-0.00011806716740355833,-0.009687726868644938,-0.010106418065071638,-0.012797794007909301,-0.011797157359457652,-0.00469777484333805,-0.004214958062285477,-0.012382756423754873,-0.01619203180959206
