Date,XLB,XLE,XLF,XLI,XLK,XLP,XLRE,XLU,XLV,XLY
2015-10-09,-0.0004526023027583981,-0.006506538298515132,-0.0064335919025261526,0.0033775037482351657,0.004348744561130536,0.0022265861844953153,-0.0016562878464287853,-0.004783914654302642,0.004539947580840365,0.0011588941903875433
2015-10-12,-0.008644412555732797,-0.01299361774429968,0.0008603100015163149,0.00018749632035302272,0.0012046589186853257,0.002624970200925275,0.00628005617777882,0.008866440119655056,0.002626726574858723,0.004748750083949879
2015-10-13,-0.003891167205047058,-0.01048871872062238,-0.007768635744688246,-0.010733529943444366,-0.0021697015622378518,-0.006068234572607359,-0.00628005617777876,-0.0022658771851181317,-0.012612415445176342,-0.005392524439239206
2015-10-14,0.007995035793474844,0.008576330569468561,-0.00826612875253854,-0.010849989763682172,-0.001932052720955898,-0.011631478838289947,0.0,-0.00022684007454251587,-0.0019203835257967043,-0.010223047091763459
2015-10-15,0.0027270135924489865,0.017802860266701696,0.022462780535176315,0.010849989763682141,0.012732763094786487,0.00899040748835142,-0.0029886858959147144,0.014641472881838553,0.022082080045189825,0.012923218638806966
2015-10-16,0.0004533167287533048,0.0013009776734422126,0.0059623447990376525,-0.005124875426528958,0.001907733968674977,0.009515276209574416,0.018843737588758343,0.0013407496439990143,0.008927299251302454,0.005251149507301049
2015-10-19,-0.0070558535850211036,-0.019987443357636456,-0.0008491645743739059,0.0013313054154164066,0.0038051960356679892,0.004423388708613372,0.011615550026691098,0.0006697013203776907,0.003577122606451373,0.004714690937774859
2015-10-20,0.0015979267052926662,0.002795993568646369,0.005931905211175517,0.0066290294045317465,-0.0026143883156458346,-0.0006021029220831467,0.0009672309365334627,0.0033419143050977145,-0.01583655821999026,-0.0012721268622393023
2015-10-21,-0.008933676272899208,-0.012421030845960725,-0.007207492598177239,0.00018894747550633834,-0.007644448874226724,0.00020057244252543927,0.000805223579480061,-0.0020036177344907695,-0.009037915618801412,-0.0044658874024077165
2015-10-22,0.027012839851513593,0.0178435720547168,0.016040400340636665,0.027552143951421856,0.0222915306294258,0.019672958968700537,0.012575739251951441,0.011522428875370885,-0.006021781600616565,0.013083916099429367
2015-10-23,0.008252547507348518,-0.002341816317864625,0.01082893106567937,0.0036656344025120463,0.02752584188019278,-0.001575496338521273,-0.012092951396187266,-0.017782574885478648,0.02113585585364622,0.004909757652461471
2015-10-26,-0.008252547507348556,-0.02476932557563363,-0.004151148695090967,-0.0021977004124813415,-0.003886290739400687,-0.001972792678243115,0.0012867946638164824,-0.003594514417929049,0.0038869290709534644,0.007008494785624809
2015-10-27,-0.004264096429541329,-0.01208639751066781,-0.005840758981258752,-0.011062221109162409,-0.005742449046111617,0.0013812539334409223,0.0002573187349364201,-0.003607722730658744,0.01822384549488012,-0.004750697687533784
2015-10-28,0.01495694327871164,0.021949368402247333,0.023160979929566006,0.007940197054864376,0.014862032068309544,-0.005735286337764408,-0.003638085632720833,-0.010673147904997357,0.00828949345559549,0.00947797800001319
2015-10-29,0.001992359266069527,0.005042817962266611,-0.0012269997630418579,-0.0005518591523621906,-0.0027270259201293565,0.00039663272055311816,0.004537301017123214,-0.005724177048207443,0.004467355986849599,0.002850499559353972
2015-10-30,0.0013264541672658146,0.006488527144195852,-0.014430526958754504,-0.001288800491820577,-0.006621662413373661,-0.011164302738820228,-0.006312969998922518,0.004581776918793791,-0.0062881524021853145,0.0021018323857438428
2015-11-02,0.006164304711435736,0.02310357712550307,0.013610908557918846,0.011541599265566048,0.008895074087718913,0.0059964699740958916,0.0,0.001142400129413627,0.02108247506354668,0.004559102878455679
2015-11-03,0.003942847017603712,0.02524540686037934,0.001637746497146417,0.000728186609946149,0.00520908270587821,-0.004793871439984912,0.012841313805271756,0.0029636487614577225,-0.003574503418191095,0.0038042215770300396
2015-11-04,-0.00658004037041369,-0.009003860403807596,-0.0028670268826881114,-0.002733647937021339,0.0011287812651145839,-0.004214219529577424,-0.004155342647791023,0.005221735135326901,-0.00441759152052162,-0.006512359865662843
2015-11-05,-0.005074534271913845,-0.008515548592341118,0.004093023828124882,0.001276241443601162,-0.0029376995980213167,-0.0002011787947283974,-0.00385101271065257,-0.008642504360372914,-0.003186961525904727,0.003568201758588569
2015-11-06,0.0026509041736911816,-0.005143888358721335,0.010160496718871806,0.0,0.003389029990912194,-0.01092040290981017,-0.03767815877103205,-0.03557255599316384,-0.004172793383513403,0.00012316582813796869
2015-11-09,-0.006862594035560218,-0.009935049595931543,-0.0109776219975775,-0.007684781274322869,-0.00974511025848446,-0.00673231247417926,-0.008045826178692515,0.002600397587594383,-0.007694991486834991,-0.013851521258160906
2015-11-10,-0.007356938648562367,0.0021680449451181466,0.004486938501093722,-0.0001838796638579308,-0.00662669073904686,0.0026574987732700195,0.010713173094176803,0.00893048930688072,0.006719283408974291,0.009419989084124784
2015-11-11,0.0011183579294830116,-0.021452494678603214,-0.0032612087807918975,0.0012850989628166722,-0.0004582893259099138,-0.0014299721221954778,0.0034568120846423765,0.008619921587413898,-0.00995504920431094,-0.005938788226607201
2015-11-12,-0.020321433713228768,-0.022979245598936923,-0.015223440791754297,-0.013670563813446765,-0.008753904470596818,-0.013585969001634259,-0.0061241590001265295,-0.009556499246668801,-0.017482866695971894,-0.009351710265241212
2015-11-13,0.012692965935628998,-0.004083815656537299,-0.008326586678426808,-0.004474584770917216,-0.019862833784172695,-0.008742671523171318,-0.013107563738472498,-0.0037538523307754667,-0.002440606883735211,-0.02665773249963566
2015-11-16,0.012756173921157186,0.03279972594727691,0.01205130677249886,0.01281027302894236,0.015224266604670566,0.016998303182300115,-0.0010153551547483943,0.016783574727161805,0.012427742922930782,0.01202004926478354
2015-11-17,-0.001112634812976673,-0.011061297434100616,-0.0020674180351066673,-0.0020315224242129773,0.00023255989383302975,-0.0004111253779645865,0.015457162141197378,-0.01819491026487962,0.004249910270239197,0.001905571312322453
2015-11-18,0.017652710250190072,0.016327596179086416,0.017641048792781232,0.013768074589110287,0.014992892154391263,0.013683559095107637,0.011768059519101048,0.006335788555732902,0.019320323027242573,0.01698217892176169
2015-11-19,-0.0010943731168628192,-0.013513969675636698,0.0016255350752173493,0.004365737599571488,0.004568148141954808,0.002633171695153213,0.005422408144812156,0.01070269991669718,-0.01691996971873474,0.0012468090766484634
2015-11-20,-0.003069927423794993,-0.010704845803725292,0.0016228969986427687,0.005070037641059805,0.007266529360950753,-0.007105505074682406,0.00816108672457481,0.004157256123461654,0.0085656832227026,0.01188829931957505
2015-11-23,0.001316704393610646,0.007149482711473277,-0.004062133353060421,-0.005070037641059678,-0.005900173615818393,0.00872312974791985,0.005187935943720132,-0.009261509207837406,-0.0025200840779175996,0.003687218987817647
2015-11-24,0.008300953305894948,0.021145681700530747,-0.0028527712285961156,-0.0016349919732321148,0.00022798444642604642,0.002622220358244098,-0.015317439883777859,-0.0013966760813517258,0.0030794036038175026,-0.00208790518763702
2015-11-25,-0.006328574026389969,-0.00817049009343473,0.0008157915938694304,0.0,-0.0031906379748987625,0.002615565120313816,0.0,-0.0060751149460329485,0.005434870316601753,0.0050268981930659115
2015-11-27,-0.0013142115611100883,-0.0072041500250164415,0.002443854841703575,0.0018166689270842922,0.0022801493082170734,0.0038098476881129844,0.0075250063182581055,0.0018733441950631858,0.001943720671098358,-0.003675748691603226
2015-11-30,0.0024082418913584044,0.0036820083706440646,-0.0008136830538812432,-0.006554957601936272,0.0011375415770938364,-0.010867249284245869,0.002279094665684929,0.0016365671880576242,-0.013687208454436963,-0.008505375030757323
2015-12-01,0.006973286133296904,0.00790761452807152,0.010933512238803482,0.004738288674851971,0.008832818466188084,0.00846258039578916,0.016417246177565584,0.007908124720120317,0.016735001241144465,0.010222545607870807
2015-12-02,-0.013554975064489305,-0.03140978383983382,-0.011748091076688623,-0.010233641534773937,-0.006333466258436523,-0.005028664543562358,-0.02065401886658318,-0.02249412731485208,-0.008472080818703879,-0.008737849754839454
2015-12-03,-0.00884390059548358,-0.02022122490702299,-0.016434624069520704,-0.012569344514487976,-0.01301805643577681,-0.005256644377911961,-0.020122832863257206,-0.007611821508520865,-0.022140071340684648,-0.01519521983257233
2015-12-04,0.01739173007468137,-0.0063168591970629425,0.026166971786716665,0.014771161389933765,0.02429981537227395,0.022251743162162132,0.020122832863257223,0.013990146260075716,0.023255022108457146,0.019142718475318
2015-12-07,-0.018058314717326412,-0.038763432491915294,-0.009325091890804535,-0.004960944191235578,-0.0049482926780604845,0.002771733508267376,0.0,0.004463617383344823,-0.005587926887207565,-0.004195217705233318
2015-12-08,-0.01906941071520814,-0.01033594137546404,-0.012707892023723492,-0.016154980016543884,-0.0024832617215124982,-0.0025734261043277966,0.00326064106350778,-0.0014076759216000664,0.002239274785358049,-0.002971594544934388
2015-12-09,0.02967973579754655,0.013063795594633226,-0.011618125303377433,-0.0029997169766284716,-0.014801597513629524,-0.009559759274499374,-0.005549154420503531,0.00023504261163870987,-0.010115692087886074,-0.012855188044271298
2015-12-10,-0.007503983159081547,0.006388827086851697,0.00083458747595224,0.00468328359836857,0.0027487930322954357,0.001199626608206801,-0.008217147771340487,-0.016564434762309583,0.007455914871375998,0.0033859031511588727
2015-12-11,-0.026944080501746806,-0.03813228307148364,-0.02234978960553804,-0.01696266875976667,-0.021038381531586884,-0.011054118167828529,-0.005360603677947303,-0.0028677617718948123,-0.014825257152870766,-0.023047469144984505
2015-12-14,-0.01328744596612114,0.0052786664982181885,0.00213000815445848,0.0036049957493079396,0.007680928519149331,0.009854491559621743,0.0030809528582368415,0.005013246588363548,0.006521827085162443,0.005111274947537932
2015-12-15,0.005520194068623159,0.024861301272286047,0.02313438317117456,0.0001893816763571602,0.0043951177877092655,0.006383216008562234,0.011478359313657725,0.007826115452088203,0.012918119196329412,0.005465269924485969
2015-12-16,0.010268098917586019,-0.006602124210026536,0.016085992851071828,0.017642939808972365,0.013528041384293353,0.019104816793361037,0.017825699792236804,0.02496331173972585,0.012890598652929465,0.0165938601778609
2015-12-17,-0.020179856142211103,-0.024862092217969436,-0.014424464960586487,-0.016696395152284955,-0.015838884535553696,-0.012959568891251076,-0.0012858792621252718,0.0020713505302738266,-0.01080014686489854,-0.01659386017786083
2015-12-18,-0.013604658607215813,-0.01766923090348054,-0.027096796676562025,-0.015363114971073547,-0.01958433337980418,-0.01787723464168727,-0.013093320629091878,-0.01250687332744308,-0.014604395387931053,-0.01584430958531983
2015-12-21,0.00894993613496695,0.001020206485295408,0.009822886272954275,0.007701686121260019,0.010145208003720608,0.011285976394039464,0.001646026625149389,-0.0007056872014942101,0.009038435229575351,0.005030639683933774
2015-12-22,0.012581288142534551,0.011656428191272074,0.009306103685422834,0.013714454329915781,0.007250453150486639,0.012941737822391386,0.009168259141647827,0.008439008695153545,0.006725457829212488,0.007307239089089509
2015-12-23,0.02334232870690726,0.042580760705007485,0.011720347598402738,0.011660751954791932,0.00835499913026567,0.007292978843627736,0.009731268446312192,0.015288416943048489,0.010695568044429374,0.005096128883627276
2015-12-24,-0.002264519111677014,-0.009054426484271978,-0.0008322213954747464,-0.0003743583539899598,-0.000462553963199655,-0.000982278024655523,0.0009676679544179113,-0.0006896210965907624,0.0009663861704451389,-0.0026722725834500164
2015-12-28,-0.007052583854779765,-0.01835819435001708,-0.0008337441528266757,-0.0022467856755912325,-0.0006935894668554546,-0.0013768911386928399,-0.0026803091272802116,0.0018385403862227943,-0.004704010875343206,0.0025450338827186954
2015-12-29,0.009317102966456875,0.006923996122753649,0.01036689220650795,0.009515930840793187,0.013558757181303938,0.008623961374042387,0.01645133627394177,0.0054957883194054384,0.012129588606402961,0.011499451972217252
2015-12-30,-0.00931710296645673,-0.01356336561712687,-0.007037495698225093,-0.00839177868302817,-0.008481340148466226,-0.003518986277573145,0.0,-0.0009139905640165861,-0.004255961273043286,-0.008073558871491375
2015-12-31,-0.00871403041965715,0.004486336545760268,-0.010021212262817701,-0.007330197108579421,-0.01414172539587294,-0.011226010111277131,-0.008175467385257217,-0.010800726222597158,-0.008983499299150228,-0.010056545528664316
2016-01-04,-0.015784834566520946,-0.00033141239319333895,-0.01949187377154739,-0.01348425924055333,-0.013161480012099368,-0.012757080169558082,-0.023490950854233417,-0.002081804290757115,-0.018212858663803563,-0.017293353867240454
2016-01-05,-0.0004682139497962798,0.0038072933963475496,0.003843585930269714,0.002673371235986272,-0.0026059609146520907,0.006398533299179068,0.029852270184375383,0.007151813468333684,0.004795187387932886,-0.0013029069283399032
2016-01-06,-0.026566483851430876,-0.03925422960834039,-0.01546427795093292,-0.015566686409316488,-0.012410388350751426,-0.003393840650674843,-0.00970198304709878,-0.0018408384004310746,-0.008194293156658015,-0.009823545310703105
2016-01-07,-0.027539585599093235,-0.02470087894922926,-0.02854203157356978,-0.02749048909274095,-0.029984338712301946,-0.012072612472738138,-0.018510111164275814,-0.006701399141659532,-0.020495126899865965,-0.020748048729921878
2016-01-08,-0.010182301417403556,-0.012940072208266849,-0.015713353071129088,-0.010205333293268138,-0.007949687174117044,-0.007721803935262043,-0.013197086397810415,-0.0004634552740647231,-0.015174035720376951,-0.010809647621404446
2016-01-11,-0.017120757249479663,-0.021642134892374872,0.0013570859707359127,0.000603248614854637,0.006463900247152269,0.009339722204674378,0.005960121249350294,0.005320560126664075,-0.011979680196522858,0.007849085824065422
2016-01-12,0.0015228538444544042,0.0023677028831608346,0.007652202038449563,0.008007974546944721,0.011825776624731804,0.005442248557889977,-0.010954560900899907,-0.003930042681398309,0.012714648111829933,0.010991998510054057
2016-01-13,-0.02334365938490391,-0.024301911392230636,-0.02635313309535544,-0.024423116894037294,-0.027310294622053918,-0.018460821166831433,-0.010401046405947273,-0.00046333182431765156,-0.030124323911303767,-0.03431099580284705
2016-01-14,0.013406217883128669,0.04214799494848718,0.008710107127672529,0.011781247748030733,0.01870123669359497,0.004697975950842794,0.0033670578197736796,0.014951642288906532,0.0264449378395493,0.00714853722323221
2016-01-15,-0.020699545363570566,-0.029371115415682117,-0.022618276659937153,-0.017724755466450713,-0.0285663721652631,-0.01581601967711529,-0.016949262658902987,-0.008944217856579246,-0.01410668043022854,-0.020761457270227796
2016-01-19,-0.012363515400511336,-0.0217621066152232,-0.0004673254314262448,-0.00020536943963644672,0.0010166640472228428,0.011936656710655346,0.006814253736239023,0.01486257301319818,-0.00014966882417540695,0.0037690329214247822
2016-01-20,-0.007438774205391473,-0.02687197540251154,-0.01981188307616038,-0.013036989135401475,-0.007903279002082096,-0.012558213136961606,-0.02719167408395102,-0.022725535829436764,0.001942666449147858,-0.00881722837779158
2016-01-21,0.008761117912148522,0.03062554637391348,-0.004296922042343052,0.004364354056507869,0.00561533606013362,0.00392798168248455,0.007646707154466201,-0.0009292767939343268,-0.0029900953124246195,0.012710838244807609
2016-01-22,0.01781559837447611,0.04326183863976292,0.018018426554173985,0.008672635078893513,0.027364578155731845,0.01698313637261185,0.02056306591511283,0.01773645746675202,0.015746097261750896,0.017336733736194973
2016-01-25,-0.03246121310545655,-0.047767925944194045,-0.02041359258779257,-0.01241245126455034,-0.011708004834526487,-0.008966776182045747,0.0,-0.008483356351356096,-0.009328422480017957,-0.011524245150560244
2016-01-26,0.01702210231189427,0.037126659132887846,0.016647327341836632,0.01876553239321708,0.009724603101297333,0.009169750513909444,0.008847969407233501,0.006884112830687446,0.007558037611545679,0.01452052396197415
2016-01-27,-0.007943252205793375,-0.004725747509723489,-0.0037808401855570968,-0.0112998341521004,-0.020810404970816793,-0.001015182163610317,-0.008847969407233449,0.0022838514426820364,-0.011434088824164043,-0.015763594299672248
2016-01-28,0.0015940414280946219,0.029970802306520467,0.0004736734330687717,0.005768634703628746,0.01283829278935839,0.01010151109606045,-0.010914492480007245,0.01584433907841158,-0.023572849474889794,0.012767315488258343
2016-01-29,0.028517043318412004,0.02875541911646584,0.02753930552646477,0.026554796501754564,0.03102928828251435,0.020098009705039863,0.001028868749234555,0.019789490015447206,0.016228589183106042,0.010853409657202662
2016-02-01,0.004118299848900399,-0.016804168143200276,-0.004152203994029564,-0.0024034799297422338,0.0036305631166274237,0.0033435052405867793,0.021017467150460923,0.009422883860696174,0.001503226724456049,0.006053493289702894
2016-02-02,-0.0067012170196467736,-0.03393764389458563,-0.02813125887573689,-0.020255945856069768,-0.018040395400375293,-0.012844749759037946,-0.012829466080510585,0.004352342921003143,-0.014525998714099405,-0.019638965250724064
2016-02-03,0.03306503163288999,0.034985160154841995,0.0009503636095687177,0.01603592843890936,-0.0012309165062456124,-0.002190478890477796,0.001019250324013268,0.012302038867273175,0.006532516411321843,-0.0026022394070725698
2016-02-04,0.027393002756497076,-0.0005236712866560704,0.008514880680345054,0.017169560736615755,0.0009850226846506486,-0.00921108198664063,0.005989981906533379,-0.004299696569266553,-0.0054663282222000426,-0.005776399512116507
2016-02-05,-0.011507559647389337,-0.023497396025793767,-0.013276502874296943,-0.009546521247273091,-0.02845228517387855,-0.0016105275430865712,-0.018354215217225574,0.0032264760151521814,-0.01968049968414049,-0.03280799472682369
2016-02-08,-0.026701639575902162,-0.005197351805794642,-0.025623890553924195,-0.008428603574970904,-0.014535480762201477,-0.0026228797402891263,-0.05444930647971797,-0.0034413833940864806,-0.013759025069636692,-0.019574800518409517
2016-02-09,0.01231670507843325,-0.02437375002990728,-0.001470117017207359,0.0060278937344262285,-0.0046344311563029,0.0066447478374072,-0.007869372484721533,0.0034413833940864754,0.007372147831922799,-0.00160020547088289
2016-02-10,-0.009538401513780218,-0.004058843732147887,-0.005409486238963352,-0.005222329648797901,0.001546867615548461,-0.0012045911131786683,0.02099239160731012,-0.001074032880655495,0.008868050629725623,-0.0017483331934763312
2016-02-11,-0.02192831708899703,-0.004261453127321358,-0.031048994834393044,-0.019725816964368037,-0.0020633902545800177,-0.008069832572910789,-0.02539117284083313,-0.01778423780663896,-0.01624019846164824,-0.0005833955368203048
2016-02-12,0.029215403453814123,0.026023273531169327,0.04135076707287133,0.01992742851459679,0.013846671695947691,0.014079330631940511,0.009870235972066706,-0.0030677600186873872,0.01329314527463801,0.018219098585776507
2016-02-16,0.015157879574252861,0.009900204046008075,0.015976859311999467,0.01993247418557376,0.01766804295695147,0.007957061420228525,0.0,0.006344869471819909,0.018622974265950897,0.023926985864404813
2016-02-17,0.019536289369845358,0.03225194660322852,0.013359257981425801,0.01527676865291927,0.0203079651382553,0.010250467773560456,0.03080493805631311,-0.001965230663492131,0.012576980755647414,0.021315568041224302
2016-02-18,-0.002906239916048811,-0.012565590769613876,-0.005703411695256556,-0.0005833992143085902,-0.0039303352061735896,-0.0045209712981015004,0.012270274323999932,0.01625689140630213,-0.006193174086352123,-0.006595053745470412
2016-02-19,-0.011709935950290247,-0.0022855003355277247,0.0,-0.0019464434256022227,0.0007384177424939981,0.001574603965841721,-0.0013951555764952156,-0.006686960967203073,-0.001061221781589103,0.0027531487808868725
2016-02-22,0.01896026726212312,0.025203233395993535,0.015607139737721872,0.016810390910491593,0.013193413757097414,0.004905833112882093,0.01523585094601621,0.011620269570949734,0.014157138536124707,0.019198976164346328
2016-02-23,-0.024867638524575048,-0.034754100613116255,-0.017993025603673194,-0.010013952150713209,-0.0159022800522839,-0.00019615643302997314,-0.005168048274266165,0.0008550950136299004,-0.007505565061820555,-0.005545332957807769
2016-02-24,0.010314367468533786,0.010078676189308196,-0.0023920004278690393,0.0005805774004723548,0.007615499020755636,0.0031275392046065096,0.00082866222087007,0.004692020537032456,0.0033093366299612958,0.005814648855731813
2016-02-25,0.012866030981010537,0.0008795357899416521,0.013793227003616038,0.013066978723109971,0.012404458149453537,0.011255511939319894,0.006398815696951509,0.010161213309555005,0.012387264368302401,0.009927450243546602
2016-02-26,0.014368001433262287,0.0059585623515817044,0.007060716576292101,0.0013359296280776199,-0.0026623144800103134,-0.01418689471089635,0.007175708295283256,-0.02797847587704515,-0.0017817540599800057,-0.0010685265068726066
2016-02-29,-0.006200923591722772,-0.011422810909407905,-0.010846723144038355,-0.006312035525813988,-0.007053487775888702,-0.0033334094391174736,-0.00136266177086213,0.002811987346885654,-0.01602636206098941,-0.005225093809481388
2016-03-01,0.025275942280523885,0.025821515323445777,0.03311099234097626,0.019381718093649275,0.029343017255482263,0.009577223336479092,0.02358644604077676,-0.004980192234987856,0.02121373923796402,0.02612008456387465
2016-03-02,-0.00397334007604609,0.024163039196297524,0.010948578499763465,0.0007519656314820477,0.002840051854179087,0.002913454859552134,0.010929071512427224,0.0051958383051718985,0.0016246621798903355,-0.0009169408972616576
2016-03-03,0.006070511801301259,0.015017825378294008,0.006782949412434203,0.007120345612425387,0.0,0.0050296259539825364,0.0013822926942714522,0.006028358736130807,-0.002807748679711517,0.005877404809341747
2016-03-04,0.011571871342165295,0.00956017574924814,0.004047948024711874,0.0040990270639328545,0.0025966332640803506,0.004236641377236432,0.0028900639779010223,0.011098938628499429,-0.0023707159544399344,-0.0009122906697022372
2016-03-07,0.011438854779205069,0.023186874348759785,-0.00044902750499041316,0.0029707234020404137,-0.0061482136534077615,-0.006167993633401916,-0.0006561602776899845,0.005503892455255512,0.007978818001638951,-0.0043099272845540946
2016-03-08,-0.019756620927466228,-0.04290089327975656,-0.01629693035967451,-0.014190096078398814,-0.006186044104118711,0.0028960177630259236,-0.0015104040032644101,0.009873207613340592,-0.012290114189222334,-0.00788555004377888
2016-03-09,0.006244208239323574,0.016098368431706735,0.0013677438896935702,0.0031918081963964303,0.00855513161708974,0.007490552068043407,-0.00306159767320259,0.004588184731624589,0.00178612352041975,0.001977280775310828
2016-03-10,0.005289640175359953,0.0008228960561299345,-0.0009119240133546401,-0.0015005566493392667,-0.00094663760486007,0.0003828437360892938,-0.004725942033521773,0.0008318385627268728,0.000594688682942537,0.0024987698026451
2016-03-11,0.018182309413078305,0.025498690767798142,0.02567135178798862,0.014351170169788962,0.015278052625050099,0.0032463570653479524,0.02298804820592787,0.0010391004005984243,0.019283819875659906,0.015251201122211129
2016-03-14,-0.006779656869887222,-0.006596479169845801,-0.0031170492851349033,0.0009247510622262941,0.0011653779469014238,-0.0005721718808260637,0.003232026253149886,0.0012449489644277476,-0.004237167595985205,0.0037447205913045587
2016-03-15,0.0022648200783129814,-0.0019389212997482337,-0.0004464766251382453,-0.000555001506921549,0.0037212204653470395,0.0024769551753694805,0.0065934141124930285,0.0018654519817486593,-0.01564134096261722,-0.000257443560542835
2016-03-16,0.008336018919683857,0.017157367997916482,-0.0022336615973851176,0.0035085554782350002,0.01153976871925239,0.0022807898165234895,-0.007561969368445485,0.015204705987382388,-0.002381960373419879,0.008088580551775209
2016-03-17,0.018230769340095515,0.013580015690398817,0.012003042457081402,0.021698333543009343,0.003664378860149168,0.006057363281658924,0.032914799636179486,0.00549037814981024,-0.011696454750437863,0.0014053586744028328
2016-03-18,0.004126101331838172,0.002870887146971431,0.008837628143233982,0.008539052080059104,0.0016074541821193028,-0.0013096499462368048,-0.0070609572646266406,-0.006395223369043521,0.011693082478150851,0.00129460151074429
2016-03-21,0.00461264871484093,-0.003471361531626022,-0.0017610264044734094,0.005914405912656612,0.0034348403659705006,0.0005695044759981309,-0.005097385694438707,-0.0010286048844166656,0.0058178263755240935,0.0005121194290177912
2016-03-22,-0.0114615463163165,-0.005547059854826799,-0.0030899977998649943,-0.005734693822376959,0.00022868059177037325,-0.005902133038941772,-0.0017579871433894105,-0.0032992268306103515,0.009916415402005024,-0.0016655110051965055
2016-03-23,-0.01249150825364389,-0.022176757687364004,-0.007543741676491582,-0.0064910555012328425,-0.00573041546361458,0.00019091770467562672,-0.0036860903698042766,0.007407635898672285,-0.007094397059970601,-0.007076170776365734
2016-03-24,0.0,0.004863013122902329,-0.006255886759375645,-0.002898713359540914,0.002754651066975268,-0.0011459580812722072,0.0016042579359490737,0.0026612981919243847,-0.00044515483876913326,0.0012908133669224837
2016-03-28,0.004255732978486923,-0.005350673479506839,0.003132677290398243,0.0003626341756292068,-0.002525002272685267,0.005337331231988865,0.006391931253738742,-0.0036870612596308777,-0.00282334371647507,0.004502756948617616
2016-03-29,0.005572098466105986,0.004703624140665653,0.0017861559064084025,0.006507812253447341,0.015507631956760111,0.00738715620672935,0.021431341577875743,0.014667373565527431,0.011540472531577594,0.010089950098439493
2016-03-30,0.004435596535778322,0.0019398009325108673,0.005781533558780212,0.0018002802106714677,0.005866175376982981,0.00658322546342504,-0.0021848659806054114,-0.0024297775015107437,0.00014674327270923696,0.0063340995047275125
2016-03-31,-0.008444150398965622,-0.0004845744663070628,-0.002219896627232431,-0.0023410378431294753,-0.0020263864271717878,-0.005262808073892497,0.004987495634716931,0.005861526298455344,-0.0030935224776445724,-0.0011372538818511617
2016-04-01,0.009550085282371421,-0.013501688335107306,0.008849485318099877,0.0046763633814267775,0.007635341582623066,0.010498528755259593,0.0020811185153377467,0.0038222550831814054,0.011296696057444726,0.004163480690881263
2016-04-04,-0.013127410858427195,-0.007396870828559562,-0.004857388116036713,-0.011369147826812507,-0.0038103357468109106,0.0003728070616085503,-0.0014597291431316304,-0.004225192941071514,0.011891066475314365,-0.007836453578421563
2016-04-05,-0.0062910166084011055,-0.006787785585119656,-0.014267030185634695,-0.006189563460015599,-0.009703404780314357,-0.006733943019893351,-0.008989950959713406,-0.018928016619517544,-0.01305871425988676,-0.008537776731218503
2016-04-06,0.011429030266713207,0.021365042910656596,0.005373946701714009,0.004918391431311491,0.009703404780314239,0.007852087968884909,0.0027556771083522566,-0.0012335671509075814,0.026517909335973273,0.009425577529881605
2016-04-07,-0.014589020646222018,-0.005870944368069144,-0.018936889151639276,-0.009677788281125962,-0.014477064238786115,-0.010859496032098123,-0.008162887796543032,-0.0004115274350712633,-0.01101222874092748,-0.011347296185462286
2016-04-08,0.006534859530409289,0.019918042741149288,0.003634907525243066,0.003845812228948144,0.0,0.005444302367354651,0.009412939513890793,0.005336584759466297,-0.0027353496658713747,-0.0015394721444369236
2016-04-11,0.004482737113564798,-0.004177353476524751,0.004073531770827463,0.00036560044133102657,-0.002737294302818225,-0.007140275641308266,-0.0006246628729095781,-0.004308083537963788,-0.007671997417300163,-0.0037312065771277106
2016-04-12,0.01376892558084637,0.029350635425766273,0.012567799205878779,0.00583001558156161,0.006830395997986276,0.006203653757914484,0.004365469507503322,0.006965680566796858,0.008104313815161211,0.007576428500101696
2016-04-13,0.009875911044126578,0.004679535477359744,0.0224924596763059,0.01478545525163101,0.010159574676643867,-0.007713081049227709,-0.0038343890312184945,-0.006143425094310987,0.009325265294142515,0.013973518635259002
2016-04-14,0.000654891606369185,0.0023317147735148164,0.0021781279837759285,0.0017884499667409426,-0.00022491601335354844,-0.004543040687513091,-0.003974643939814738,-0.0012336368868132734,0.0005710211100569266,0.0
2016-04-15,0.004572676978317318,-0.013599337953123262,-0.0034872362114902414,0.0014281524652189003,-0.0038267281051442992,0.0062412917282080645,0.006875225938854121,0.005537865368079844,-0.0007142619316313203,0.0027714884863035204
2016-04-18,0.004552165323832569,0.01639007841579505,0.007396355766157276,0.0008918340641973848,0.004276031985472065,0.005639972864703038,0.0037302572184498956,0.00387900261473847,0.009240616333588749,0.009391355222914137
2016-04-19,0.021184247382811296,0.019775114634105875,0.012491907930905731,0.007104896167157945,-0.005630236214568179,-0.0005622688063106636,-0.0034188634708215934,0.0016286836332226576,0.003531249688620964,-0.005499077162589645
2016-04-20,-0.002969143933771421,0.008915729356972062,0.0076759683739647646,-0.0015941578465361586,0.0020308109801261084,-0.011318995786600497,-0.01001275886456189,-0.0253386389444189,0.005344135138349963,0.0012524000437794743
2016-04-21,-0.004469813865305911,-0.00588446049726728,-0.008961388180326378,-0.002485051912972147,-0.00361252411817715,-0.017994268764268684,-0.02341656735806176,-0.02108472815070038,0.005872727327990214,-0.0035107868512989932
2016-04-22,0.007014952704663814,0.014423368297745246,0.009385700838816471,0.0024850519129721287,-0.01757059622386428,0.003663301367967482,0.01266732718188888,0.008909572399762386,0.0020897398627102697,-0.0020111173016640156
2016-04-25,-0.0033945634927025937,-0.011250092204213845,-0.002124751163151593,-0.00479794043495758,0.00023025966480115433,0.006904519087069096,0.007000283493625045,0.0018991786134450457,-0.0039035347095378787,0.001131891002470137
2016-04-26,0.008043844409079499,0.015863564374402877,0.006362253626612242,0.00886680558875821,-0.004845048400804559,-0.004021752717647938,0.00280507630567694,0.0014740361113171636,-0.003778624778091077,0.0023855258325444786
2016-04-27,0.008398342091431301,0.01882662871457741,0.0016902010057746717,0.007037396830252556,-0.004635788499878385,0.004785648531830042,-0.0037840321389727787,0.014418869288821117,-0.0011224619141162744,-0.0010033798954602023
2016-04-28,-0.00945289007819156,-0.01497382769899884,-0.010609784021476849,-0.009689402327552941,-0.012625748171027275,0.0009547870006116389,0.0010103688824229632,-0.0014530282883314313,-0.004784060620025725,-0.010854704152960594
2016-04-29,-0.005927157958857522,-0.0016282004015394614,-0.005561040442850094,-0.005858996206868039,-0.008743956279282532,-0.0021014691734630277,-0.009577951427940169,0.006007121416837752,-0.015779794904706757,0.00506297373623013
2016-05-02,0.0036024214207513255,-0.0010375481004540345,0.008968920433950976,0.005150857568982199,0.007330781291586351,0.011407418758362972,0.010461684559474427,0.00802256758078641,0.005715572728777272,0.013917837862479144
2016-05-03,-0.01663830986915319,-0.02386234597403769,-0.01283710540123475,-0.008182074446102895,-0.009231857710580226,-0.001892206866563104,0.005032655391615976,-0.0008198496054624509,-0.0031391769068623405,-0.00925675386894761
2016-05-04,-0.010161043845817104,-0.014533845934259928,-0.0077825328126569305,-0.012400350859725368,-0.0030963567332349547,0.003025701806912432,0.01433071704320028,0.011619874290274402,-0.00962227818044182,-0.004534770601703467
2016-05-05,-0.0050106188734572255,0.008134304846764556,-0.0004342600524057636,-0.0005423849996067279,0.00047705726266345085,0.0001889791826419658,0.0009274554793917757,-0.003858415160909296,0.004175895887334657,-0.006459503853648315
2016-05-06,0.008047984562264921,-0.002295499398315704,0.004333036228812909,0.006671855785941015,0.007364274874762613,0.005084397244596213,0.00523953244957784,-0.00653193664099861,-0.005909065487417289,0.007342823360523085
2016-05-09,-0.012205927658975102,-0.014661971225751701,-0.002597126364735265,-0.004503258159128043,0.0,0.005431877559677592,0.010032475084760661,0.005718081049618959,0.01135544778052443,0.0027714591695710378
2016-05-10,0.0165293388374357,0.017415816454933186,0.01420277109175605,0.017005616640998204,0.012933844984153628,0.009852546588341336,0.0037059298598482505,0.001017296039957672,0.008396149492868116,0.012748255511660605
2016-05-11,-0.003457514951106405,0.003051327876473558,-0.010741616087847997,-0.008377299797769392,-0.007269294996462232,-0.00798639873946922,-0.01835997319647178,0.0036549747123313446,-0.012119241263757668,-0.02032403837146438
2016-05-12,0.004320079292172679,0.0027381006534938812,0.0004322539500542322,-0.0021497836917352495,-0.0028282139166893048,0.005393133309646329,0.0033909617601347694,0.005860022308329323,-0.005899186409552255,0.001899145354460492
2016-05-13,-0.00974564291373651,-0.012842613876027888,-0.01216366278873383,-0.012635671559895832,-0.003783672747184886,-0.012691158718196033,-0.014540246046852296,-0.004847784384355055,-0.002311082824110692,-0.011962860486834677
2016-05-16,0.01704615775279016,0.016784026224777707,0.005231169580555563,0.01227667988480206,0.01388118166033635,0.006365712412685696,0.013555016438704142,0.0012144162069205012,0.013503859624668733,0.006254138318136289
2016-05-17,-0.005147453753052778,0.004679978372855622,-0.005668405168499308,-0.004856462406879807,-0.010097508913151523,-0.01979147829703657,-0.0167143283245399,-0.017132772831370702,-0.01047122673724271,-0.011387946907639534
2016-05-18,-0.015387021167792551,-0.009685621528758905,0.01733944759391715,-0.0034316766963329933,0.00188643121599876,-0.011680419465321192,-0.02496455245430919,-0.018897545755382893,0.004172760664287712,-0.005807557525961233
2016-05-19,0.0034883171680553716,0.0001521893405398269,-0.00949929082921536,-0.009453255552139038,-0.005432732315044318,0.009775062119857748,-0.002025503186855347,0.010012494422955119,-0.008508128536254241,-0.0009063148363024729
2016-05-20,0.007156016942966982,0.005912287090511883,0.006917200904001287,0.005101074799835147,0.012007258065496787,-0.0051628637904952744,0.006800099823122285,0.0022803115473732745,0.009225833565070538,0.0065849024173194985
2016-05-23,0.011600319880190921,-0.0025730032779656487,-0.0008620989946810673,-0.0018187795040988405,-0.0018743570886671054,0.0009574908817554463,0.0031280753191979226,-0.008944740934504399,-0.004025565075950015,-0.0034803878201944143
2016-05-24,0.006599480841324123,0.004988412577352107,0.014980107053563972,0.010323493610646743,0.01858370641700944,0.008392661310813027,0.006669631350153924,0.009979736822225884,0.014304037582673474,0.011939289168531805
2016-05-25,0.012231652572973565,0.015708236814360635,0.010564467419433192,0.006823565306033903,0.006880625838623926,0.0015182105366803391,0.006751545927515903,-0.0029008227962958166,0.006229927784743371,0.005472123541985119
2016-05-26,-0.010746942512054039,-0.004165045852102087,-0.005902652297482682,-0.002867544515668098,0.003194595834272308,0.003974276483005546,-0.0007548368004920218,0.011346634105739387,0.0001409266300441402,0.002028739077901511
2016-05-27,-0.0004242745381763389,0.0005964715750510068,0.0067426607219844325,0.0037620091015507693,0.004773659458471797,0.0011329215193081785,0.003925821673395387,0.0016396994864574276,0.004505784505851245,0.00467591539592279
2016-05-31,-0.005100119121234572,-0.0038805731508382755,-0.0025232177146795173,-0.0001787801606891808,0.002038609994691157,-0.006435695437836195,0.0004697183482710936,0.006531936640998682,0.002385386899973645,-0.0010091230448505933
2016-06-01,0.0012773959821618123,0.00029879077236031205,0.002103123307950615,0.0008935813513116533,-0.002492392356537706,0.010202763753661736,-0.0037663854374835708,0.0026415030288415658,0.0036375458620881984,-0.0006314870788184066
2016-06-02,0.005516669964717588,-0.0013461187521034514,0.002098590780034083,0.001249998336937935,-0.0009075069085247604,0.00037546856725642077,0.0031399331418237556,0.0004056601184552962,0.01276548798391163,0.005540573146248758
2016-06-03,0.008428327748401972,-0.0039002108638271373,-0.014358315886538258,-0.0008926269143885922,-0.0022733933019368187,0.006368470332723079,0.004503780998728413,0.015697616900036085,-0.0033142780148895192,-0.006551032443784435
2016-06-06,0.010228527280309893,0.02185184811342294,0.005937158791248492,0.009421209295845062,0.0018190892706441506,0.0011193488891705875,0.0004993097560779821,-0.00139875762978135,0.005380207347581311,0.0025243967471263703
2016-06-07,0.0004152451584539217,0.022391159314298113,-0.0021164766953307495,0.004765760170237585,0.004080555419228244,-0.0011193488891706649,0.0008105334830186308,-0.0008002743325536322,-0.006210386796549477,0.0012604532847098073
2016-06-08,0.0057961696432743915,-0.0023031871334503215,0.000847308046489519,0.006319088335904976,0.0020342906279488034,0.0059564211387215845,0.0047879666501418755,0.005985513860520002,0.003454367225782159,0.001132816551846845
2016-06-09,-0.007250282699814561,-0.007667544324889981,-0.007223567381701789,-0.0001744861768270567,0.00022564903720091243,0.003889892499086607,0.0021071796501872927,0.008517947470644485,-0.0016564426693795229,-0.002266597162478574
2016-06-10,-0.007512465293724746,-0.02187558969792104,-0.01244354644231586,-0.011795163978990553,-0.007704937103322632,0.0007393685028321977,-0.0049025118214165555,-0.0025675284486271865,-0.008047875054273908,-0.010519885365996373
2016-06-13,-0.011164062820909594,-0.0029728842428855527,-0.006932493208178272,-0.010860875830396936,-0.011208974694769332,-0.00834805018425732,-0.00031101970944854234,-0.0011876075609377602,-0.007972618685409707,-0.005493207004463703
2016-06-14,-0.0074412286633042555,-0.0005956900341654798,-0.014892981401758447,0.00017864679493668914,0.002298043453283765,0.00390444936230181,-0.00467828275036294,0.005331716346013308,0.0015436785147589494,-0.002565090292235456
2016-06-15,0.004471319065482458,-0.0023865713050638853,0.0013231514801508595,0.00035801102083628223,-0.0025279036432304205,-0.0029735011443308315,0.010263135796171153,-0.006321601833844711,-0.006894205774124344,0.0028216070073565727
2016-06-16,0.003393914692235196,-0.004789525308605225,0.0026406890650933026,0.0017878103684539671,0.0020688930329636353,0.005197908190131271,0.005123137521083477,0.0063216018338446665,0.0035234137179763272,0.0031965896755856787
2016-06-17,0.0043526042047382025,0.010157464055076833,-0.0008398762903853762,0.0008433998542395129,-0.006690991892584839,-0.004050127916270118,-0.001553440283648766,0.0036069031269438264,-0.010436960253563275,-0.0015772322048610292
2016-06-20,0.005703677108660137,0.008633585498435778,0.005733017901605308,0.009109809694670568,0.0041725983976087025,0.003174352953004781,0.0009322876207841149,-0.003766256814338492,0.006261214677629304,0.008942147443725219
2016-06-21,-0.002742241416507259,0.011787255329656212,0.005700583892398234,-0.000711487571183613,0.00691577490266441,0.00260632454873803,0.008042175972679122,0.001389229997699539,-0.003410428573304333,-0.002291561679538681
2016-06-22,0.0010554778319670835,-0.00558132640890561,-0.0008745782620479602,-0.0028507813043798878,-0.003451860184846749,0.0005577996019342857,-0.0009248166134892401,-0.004770346420354579,0.002842873391614777,-0.001403257919773488
2016-06-23,0.015286583190846711,0.01636243537401255,0.020788678027691763,0.011531935490194826,0.013509078304369482,0.006114432554358903,0.004307477459026048,0.00278561325965534,0.012972582911897483,0.009781169423064857
2016-06-24,-0.04462130469925629,-0.032848152995645495,-0.05506799380502983,-0.04160149545483133,-0.039193398239036524,-0.019396946767760884,-0.012667804464318708,0.0015882872625051021,-0.02942852753206839,-0.037871455918283094
2016-06-27,-0.03426171164401762,-0.03256989154898859,-0.028947202143746176,-0.023819579013103127,-0.020309168392353798,-0.0020734986688874337,-0.0015557610392700305,0.012223846312060199,-0.013508707669004237,-0.01855137483839222
2016-06-28,0.008509224310103798,0.027466082809754433,0.025317643910931085,0.016807383600154924,0.019599038567789797,0.00620801393012362,0.018207261810697616,0.0037166957759906384,0.01926302502198318,0.019732052502208275
2016-06-29,0.016802938187942068,0.018786675958339674,0.022472742094514078,0.01762144162697955,0.015267915354819188,0.011561021073590357,0.018783251694941695,0.002729571096946927,0.018899594820946344,0.016000627983012057
2016-06-30,0.01587855412287318,0.007944727006169591,0.01587351665755189,0.018924558488471875,0.01089575195770536,0.022184328999713898,0.008070201798139573,0.021381817681395354,0.009387174987825509,0.007328504744744666
2016-07-01,0.00043181691313776024,0.005261855005216923,-0.005263390372263308,0.0032084648940446194,0.0023032891209333224,-0.004725708600097822,-0.0005957316743780671,0.00019041068649029025,0.006255416956223497,0.010323208184222235
2016-07-05,-0.018285650596657686,-0.020321933611237818,-0.01506414005965007,-0.00911762939409661,-0.007389022025180945,0.005632002690963071,0.007271739366893399,0.00740387912094282,-0.0009706466094712359,-0.008147529916118744
2016-07-06,0.003946766626380682,0.0043050441977342205,0.002674474754241749,0.005015950709490587,0.006928749451160229,0.000905563146850645,-0.0013315935017250264,0.002078282293139674,0.011173645923162489,0.008527732769092753
2016-07-07,0.0026223815629526394,-0.01027341030198865,0.0013348415203567573,0.002677009781328938,0.0,-0.001993448298471612,-0.01251512943371025,-0.018670521597681632,-0.0015106750018146551,0.004300137029835975
2016-07-08,0.024575372802872465,0.013231838721262807,0.018939004154710042,0.01976434082246869,0.01552903728531389,0.00992542591038303,0.017182830023760455,0.010331152527652824,0.012288891033642151,0.017265438337860442
2016-07-11,0.004885925498792889,0.0019177132502424853,0.005656125754854056,0.006270756179848291,0.005874546358875242,0.0001795308981678869,0.007692734405675376,-0.0007615843381516055,-0.0027175448474454074,0.005813001502662167
2016-07-12,0.018060162934764527,0.024462264105580753,0.012502886042432595,0.009160895630613808,0.00807709709228266,-0.0054003550344108794,0.0020451059010739487,-0.013809344630499518,0.004886640773572056,0.003938841247433839
2016-07-13,0.0027019686111719454,-0.008667919365668667,0.0,0.0024056694403371756,0.00022347720311090012,0.005579942647831157,0.004659378523167767,0.007886968440489882,-0.00040670459893553515,-0.00492587618843202
2016-07-14,0.008885432265675394,0.005065638296304959,0.00938156567498758,0.007523943901090889,0.006458081656052355,-0.00017958761342036148,-0.005564732225517755,-0.0065357105518718695,0.004325761824022891,0.0040653976187505865
2016-07-15,0.0034908782730979707,-0.0005775415322374302,-0.0016987486954721002,-0.00017048707134806665,-0.0008881676851029847,0.0,-0.0014616533734851567,0.002888518552380361,-0.0008095426381057279,-0.004435695749481948
2016-07-18,0.006538238349302623,0.0007222235670475075,0.00339527269169896,-0.0008519467010863721,0.006642996388943704,-0.0010776691776518842,0.00032190117476144716,0.0028806977299134567,0.00040479265352334293,0.0038208224248686357
2016-07-19,-0.005923301840234341,-0.0056457897237480155,0.00042366675617870977,0.0005115016313440522,-0.0022093700735535166,-0.000719359216059693,0.0028619630896071975,-0.0017274626009790208,-0.002161113906525552,-0.0018472040175918829
2016-07-20,0.0004099694395883637,-0.0014524949736793526,0.0016927553190410885,0.0018730144243921788,0.012965603714938712,-0.0036033266406992016,-0.0014003135871761916,-0.005779320369089205,0.009019321451042563,0.004181776252677689
2016-07-21,-0.006163147943501217,-0.009934366554730768,-0.005086707063742333,-0.010260041202487203,-0.005253838056083279,-0.00289223639236226,0.0029157431687720343,0.005971630069618271,0.0029441183238002517,-0.002704218424693773
2016-07-22,0.002675088966763234,0.0030782052418559655,0.006354009351541622,0.0018888521577391283,0.005908758219007303,0.004695299513817513,0.007543197810626956,0.013163985342574458,0.0020021094608107244,0.0041754077997040485
2016-07-25,-0.001645192541065908,-0.020106504122930694,-0.0021131430457718065,-0.005332366992706037,-0.0013098071462210683,-0.0010814655764231154,-0.001446353853584712,-0.0017071772570099503,-0.0010675326155950575,0.0015921509407465619
2016-07-26,0.007587364397385305,0.005807116565078441,0.0008458407579723933,0.00824467830004733,0.0021819059810130716,-0.007786466011577175,-0.005659893427862308,-0.008771934738352005,-0.0017368445562979222,-0.0012241481714485405
2016-07-27,0.0012250383420868932,-0.009847484166158209,-0.0004229500471175886,-0.003942173161436584,0.008250474130803265,-0.015018324980674222,-0.007450349276288369,-0.011558535692219811,0.0045364217648782715,-0.003067202170433952
2016-07-28,-0.0014298314884520105,0.0001497674068945856,0.0021132013298649334,-0.000343367820601917,0.0006480926688274626,0.004418720334438619,0.00613969993839577,0.0038676751919418653,-0.0009323816524835234,0.0018411391239309951
2016-07-29,-0.005120640194058641,0.010143225552392296,-0.0016902512827474095,-0.0029245257354236463,0.0036668297254799542,0.004948365109503492,0.010668597809470066,0.005965184979048768,0.0019972299318885603,0.001103306992850354
2016-08-01,-0.005561033485060188,-0.03350265057305868,-0.002540149049609208,-0.0012071379684211448,0.0019354799821920932,0.0010962690247649386,0.003224235406397897,0.0005759550744665338,0.006362183309742144,0.0015916574834121567
2016-08-02,-0.002688654278958704,0.009013986754123814,-0.008514690497469708,-0.009358623120721598,-0.007548490596434786,-0.0014622009069010689,-0.015351421177284517,-0.006541140053515351,-0.0038393937809217283,-0.015035946675374962
2016-08-03,0.002482194403711549,0.019131364857650962,0.010208998789106524,0.004863475635852093,0.003457648437079801,-0.005501007758373465,-0.007617875958636622,-0.006001487039539842,-0.00278935816859874,0.0028520434780948995
2016-08-04,0.004123029599394587,-0.0014931377153648182,-0.00254242070739199,0.00034649887123776844,0.005379265776645128,0.002204035761411125,-0.00176612873465766,-0.0005824182300197294,-0.001464229081021544,-0.0004956739029775215
2016-08-05,0.00328594224448427,0.00907391390207655,0.018912266649055338,0.009996748744350583,0.009610624317391776,0.0016501170476192044,0.0,-0.014481899317703661,0.0023949395746779944,0.010475570396726098
2016-08-08,0.00204823244799827,0.01323977676974022,0.0012477927743630773,0.001371031061098574,-0.00021250904615460853,-0.001099775433379877,-0.0002948673849235167,-0.0003942035314420344,-0.008541333273724904,-0.0033158204602637027
2016-08-09,-0.003074114543261898,-0.0052751282587695245,0.0008314265903654044,-0.0003427364468880928,0.0021233303543160527,0.003112562264859237,0.006755765470998339,-0.0001970574639173073,0.002409507267483146,-0.0029563649704657247
2016-08-10,0.0002054320449308244,-0.010930384803856061,-0.0079251288819616,-0.0005139763970585608,-0.003187003891102919,0.003649896976963257,-0.002051176898232578,0.00019705746391721857,-0.0033479038848083587,0.0020950333256042138
2016-08-11,0.004299611760819856,0.01459613783218095,0.002091632463189389,0.0064925457333460486,0.0036113448751503986,0.0,-0.009431257391347519,0.0023637122335571814,0.005751918831799477,0.009922129987819875
2016-08-12,-0.010681673679118788,0.005547043356337774,-0.002929205165035828,-0.002728656818756199,-0.001060606275676983,0.0034547779422273986,0.003252361267229157,0.0013762904254034244,-0.0025376008389104625,-0.00048752644545025536
2016-08-15,0.01006894006949443,0.007974196785925718,0.006683482219079678,0.006637690400323707,0.004870163357926914,-0.0025445392281573296,-0.0011817677885005424,-0.015443104128593082,0.001736844556297934,0.0019495039521247753
2016-08-16,-0.005330086591859827,0.0015868764695070403,-0.0025009712950122003,-0.0044204845941436385,-0.007420901957400286,-0.004376993536342206,-0.012189713657517962,-0.011841267484187247,-0.008984067255234835,-0.005737284824669045
2016-08-17,-0.00082228375348722,0.003023222334800977,0.003333201314561361,0.0028923381637600493,-0.0004257864094133709,0.0027376958786335145,0.004178974313621041,0.014829755231169592,0.0020182137834331543,-0.002328357019996692
2016-08-18,0.0063569095607624165,0.02034665600596601,-0.0008322300195492417,0.003053654975517418,0.0004257864094132812,0.003457383253914945,-0.0020872644704217616,0.012257885777885611,0.0004031061677508042,-0.0006136658534283851
2016-08-19,0.0014298464924770468,-0.008344425519513813,-0.0004167853040990253,-0.0003386561905246394,0.0006381598449898309,-0.002364580495426169,-0.0077917738103950186,-0.01225788577788563,-0.0008064956591112602,0.0006136658534283426
2016-08-22,-0.0014298464924770804,-0.011571261762187434,0.0,-0.0008474108338348777,0.0,0.001455995921144469,0.004802253033503177,0.002582439687391307,0.0020151414119692983,-0.0009819631961711594
2016-08-23,0.008548571879788015,0.00701555915124197,0.0012490153236482616,0.0008474108338348255,0.003609045147469831,-0.0020022480231625247,-0.000598962180701239,-0.0043742530875197985,0.0009392562617484388,0.005022657806369238
2016-08-24,-0.011619539196066096,-0.004002745900895981,-0.00041632134892480435,-0.0030544604282040405,-0.005524747727384877,-0.0016407297748758786,-0.0026998981791467452,-0.0003988360509628445,-0.01581209456832768,-0.004777595290857446
2016-08-25,0.004908993198939075,-0.0027250867438782965,0.002078823367926586,-0.00016985087157391683,0.0021282120625215027,-0.003839445746398695,0.004196671293540406,0.0005978317246037668,-0.008482257056034679,-0.0033206037436585324
2016-08-26,-0.005729443249271815,-0.003453605330074594,0.0012449192340331016,-0.0028939678770552473,0.00042551325534545027,-0.005142634661346212,-0.009920373663749949,-0.020938645246165746,0.003839612469635238,-0.0028376176147588985
2016-08-29,0.008988422344424365,0.0067515994340110455,0.008672349731528873,0.007134362892183087,0.0038184464285405412,0.00587511667703982,0.009920373663749881,0.008105405746634967,0.0021872354969926927,0.003453607866629463
2016-08-30,-0.0024433090235690237,-0.003441969515177566,0.009005508615351704,-0.0027120843573370714,-0.0033936536907403178,-0.0058751166770398666,-0.0029956302683678796,-0.010550329067946578,-0.0034196533793832955,-0.0055559465200943105
2016-08-31,-0.01003986588235625,-0.01592877386379364,0.0008147170639346799,-0.005616341851357684,-0.0017009753207416932,0.0012884818523160452,0.0014988571539742996,0.004070994099301603,-0.003018712478933668,-0.0026034258475413257
2016-09-01,0.004110034233156469,-0.0029232511696739537,-0.004080239226564677,0.0008530588435056334,0.0031870038911030033,0.00036758572164366895,-0.000299655541861952,-0.0050910985003543435,-0.0026150252934965252,0.0019840025986533664
2016-09-02,0.009998985785794065,0.011209123761861998,0.004487234391278524,0.004933181302846193,0.004444881790311428,0.007691053017570783,0.006571134644254713,0.013183492937286621,0.0011018741104395682,0.001980283040494259
2016-09-06,-0.0022357115815601304,0.014942481434199066,-0.0016292050295770074,-0.0028892811422301973,0.005055993131656937,0.0021861845581828084,0.008301307310469663,0.010821527029453385,0.0035726210551895606,0.001853032239764317
2016-09-07,-0.001425951447892554,0.005688360940114163,-0.0004082330419853166,0.0011910721894452278,0.002518442615641599,-0.008775017484979629,0.004973841361185061,0.00019965732814933093,0.0,0.0004934652954499385
2016-09-08,-0.0042884805097740085,0.018545191743819207,-0.0008159321213052075,-0.0008504562943250833,-0.008208057191232021,-0.005523930070040426,-0.01278070505475944,0.0033816848766777324,0.0008225279796671543,-0.008671627721457338
2016-09-09,-0.029493417768532697,-0.030241036129333803,-0.01895362163569638,-0.02864737607500847,-0.024819709357479597,-0.0275169017737653,-0.038730261413839964,-0.03825937832455182,-0.020211218853669236,-0.024434711777833577
2016-09-12,0.009441041225515366,0.009850996992917575,0.011168591172365594,0.0126993551405882,0.01654390238507332,0.018614945260641037,0.004034121013728351,0.017590579321021257,0.014714195708372704,0.013927683594386765
2016-09-13,-0.018759367615946165,-0.02897105839532052,-0.017846730709147992,-0.014802475635780276,-0.00727136960745013,-0.01237141359819631,-0.017809825580798515,-0.013883740283799649,-0.0134563970112502,-0.014310488453216587
2016-09-14,-0.0023427671190611506,-0.0119160826545559,-0.002515534825547363,-0.000877534569867949,0.004710744389610905,-0.0030220745464554326,0.0018895239601617023,0.00389896621598428,0.0,0.0001275819864154945
2016-09-15,0.006377331354038619,0.012354799168937109,0.005860473047768304,0.007870462033189609,0.016315682401975097,0.008101607505346423,0.007523503130602464,0.0075487105243588455,0.010282016129498193,0.007243365505190172
2016-09-16,-0.004012151588635934,-0.008106272609411921,-0.009522828435262634,-0.008407897736428069,-0.0036786025235027646,-0.003253069067612071,-0.0034412440442457685,0.009710000523556566,0.0006797840340541389,-0.0021631428736711357
2016-09-19,0.0014957720671781465,-0.0005930023717041161,0.006356142135115216,0.004406059257772921,-0.0019082583518766536,-0.002085923829120065,0.010288408121399067,0.00989801104024872,-0.0036123780136059457,-0.0007646438510462213
2016-09-20,-0.0029943781067785827,-0.007295917982487846,0.000517481450245316,0.0008792819677304945,-0.0006369558629919611,0.0026541340898456668,-0.001862950508115007,-0.0018103992055278685,0.0030579010759733804,0.0007646438510463414
2016-09-21,0.015092359361640436,0.022897825709051137,0.006192141159621654,0.012919055406193555,0.01119240861409907,0.005475283153483923,0.011432330379989407,0.020133922661204576,0.009939992578126307,0.009633909102575909
2016-09-22,0.0031594306286005856,0.001167968597625285,0.0020549714233369567,0.007086661022538373,0.0060710032952413385,0.008811072138656695,0.019471361339358194,0.006099673390714541,0.007527883149847955,0.007289945580290627
2016-09-23,-0.005059657290343222,-0.013364153086476609,-0.005146660277617261,-0.005873345922690281,-0.008804791764071097,-0.004489533002384456,0.0039094902562542885,-0.0007851434828423341,-0.0031408580160480165,-0.0022571193493402353
2016-09-26,-0.00466146589920238,-0.004445079554434701,-0.016125134928539647,-0.004340502985108786,-0.005913405930400677,-0.00847215947368592,0.0020982112051150504,-0.0025551192770543333,-0.011694608936157808,-0.011106570724403677
2016-09-27,0.0029687849296384716,-0.006704972452350834,0.007835527839728948,0.006936194203716837,0.010954040268808248,0.004150620337413714,-0.008723099206813342,-0.013074866229450728,0.007033188734978592,0.010102579672922087
2016-09-28,0.011368716301698827,0.04229812462239622,0.0046716733332241665,0.00774573500699397,0.0018838938955621956,0.0016934067690685152,0.006924924821595637,-0.0013966026373723446,-0.0015128901148034435,0.0027600035641757617
2016-09-29,-0.007775808670392208,-0.0017209801877086373,-0.01408136648502244,-0.007918737371001303,-0.006082641308944579,-0.00982282401239826,-0.012377699899513657,-0.015089537010088434,-0.017773275719421305,-0.005150318726786069
2016-09-30,0.007357052607559126,0.013545334986092812,0.01356326328293588,0.008947122356155308,0.005245950095030136,0.010010895974542341,-0.004566977398536278,-0.006916218805554849,0.010175045261110406,0.008028180980884973
2016-10-03,-0.001257805395835006,-0.0007083608164702896,-0.004674455520115177,0.0008559367343389929,-0.002934032971021896,-0.006410554809839483,-0.019412082575244696,-0.01418463649587125,-0.0008322963204496409,-0.0006250141546908124
2016-10-04,-0.013723191454516158,-0.010256249172207393,0.004156083747947656,-0.008421351574383354,-0.0035747914580330025,-0.00854770497446177,-0.015363000640337996,-0.02113269838047343,-0.0019450338810829398,-0.0035065565085864517
2016-10-05,0.0067800072840262715,0.01520419015336522,0.015942741004594016,0.006365670824349193,0.003574791458032962,-0.0009543335160089808,-0.01881755478009018,-0.002116664230846294,0.0038859821636915517,0.004131570663277252
2016-10-06,0.008200989566324944,0.0015501608070154116,0.0015290494465802524,0.0,0.0023062313837043666,0.0019075694445805933,0.0019298067312818478,-0.00021193490912322364,-0.003746978945900793,0.0007492495241988798
2016-10-07,-0.01881482777619879,-0.0057897409717030225,-0.0005093073976192669,-0.012945870968556468,-0.0027262469639079416,-0.002671673721454554,-0.0025740178038520132,-0.0012725535664147262,-0.0006953960868108666,-0.004504468715735712
2016-10-10,0.0059575009196429244,0.015597872023265048,0.005083978226985697,0.0010419563368678124,0.0069056890141030065,0.0,0.003858631308712196,0.008242363833398075,0.004581272810304047,0.0016291865002505293
2016-10-11,-0.013669442031754717,-0.011499276832116006,-0.009169899511801183,-0.010467639768713738,-0.011325647370587857,-0.005173008322733339,-0.007731866969475577,-0.011430960476425694,-0.025389086036845105,-0.012219553356380914
2016-10-12,-0.00193713997604206,-0.004240179193017569,-0.001023802683875914,0.0019271621742862424,0.0016861698876549705,0.005555086409708767,0.014129706246871357,0.009745985743234271,-0.004699417342245624,0.004678885049923598
2016-10-13,-0.005185060865993991,-0.005539563164238704,-0.009781471099611704,-0.0003500454355050527,-0.006337337332915028,0.00019084324035254294,0.0031838034410824703,0.012362619134067164,0.00042834235580502776,-0.0036653718458690924
2016-10-14,0.0032434633979251007,-0.005856328000928967,0.004645152057910348,0.0020987511757031836,0.0038069706208699624,0.00019118294954586116,-0.0012720188540515855,-0.0056387162876917665,-0.006728591686559391,-0.0011397145102401683
2016-10-17,0.0008633755189433322,-0.004883056559036017,-0.0046451520579103645,-0.002624206688192048,-0.002112857289347787,-0.004785187895543635,0.0009542289125460099,0.005430444927940464,-0.0033085755221117,-0.008273903554226046
2016-10-18,0.009018648804721904,0.004022737849514444,0.008243448687724265,0.0021002460445121913,0.005485110926417901,0.0030651079451793095,0.005074318100085515,0.008503648889778198,0.011890244732297524,0.0066240346985778475
2016-10-19,0.007241703415163438,0.014095799414373746,0.008684926625867229,0.003141925616859237,0.0018919015438047407,-0.005754936121823256,0.003789183200019087,-0.0022741933856752533,-0.0037095953196390322,0.00443411524335604
2016-10-20,-0.0008492482105871309,-0.001131549964708067,0.0,-0.005417332362310756,-0.004630518349921677,-0.0005771108343720439,-0.0034729177879200914,-0.0006214051356049546,0.004705672528643404,-0.0018976540070485511
2016-10-21,-0.00042460040605671247,-0.006532243414486015,-0.0005091088435482857,-0.001402627861090431,0.0027386168061170066,0.005375062235766342,-0.0006327146317791584,-0.005816257668946545,-0.008285734013239905,0.007947329154919103
2016-10-24,0.0023343956644939177,-0.002996616709055421,0.003048462654718545,0.0019280179469572862,0.009631316652504036,0.006488665338867536,0.001265196481352919,0.0037429346301619585,-0.0018664549966876422,0.007135698916523228
2016-10-25,-0.009157772415395166,-0.004582930435659059,-0.0010147366455389966,-0.0026301887281270407,-0.003548675343559514,0.0036078605227010097,-0.0012651964813528691,0.006207011121982202,-0.0028782690941429943,-0.011795833771135297
2016-10-26,-0.001498555894249176,0.0022940906219541977,0.00607544476864223,0.003505540549683836,-0.005661919163555065,-0.0013278355782538839,-0.01305927969559791,0.00247233282609669,-0.0060725558390838565,-0.004300964209551185
2016-10-27,-0.0012862379772992894,-0.003730736886316516,0.0025212980877972095,-0.006847423290889014,-0.0012626090704146594,-0.0045651663973277495,-0.02401157430631368,-0.005984615773689431,0.0046301795380085855,-0.008402242506795235
2016-10-28,0.0025712188571559744,-0.002735221295872886,-0.00454211761488291,0.005972071469332227,-0.001053511842479561,0.0041856477252681604,0.002623912829417911,0.0031002888488579957,-0.02188934688295727,-0.002303885256717064
2016-10-31,0.0004278944576503791,-0.01087062884846047,-0.0015184432436155231,0.0019247007131154284,-0.00042178681461739606,0.0024651400407077867,0.013662748135308695,0.01981857636504997,-0.006215687290105417,0.0007685516683773658
2016-11-01,-0.005792180563787925,0.0001456690690366629,-0.004060799163572132,-0.008601710080374848,-0.008683468059019154,-0.004365646313095167,-0.019906005255758325,-0.018375426121206875,-0.005358560700048597,-0.007066921121580227
2016-11-02,-0.005393516529428953,-0.011135601874791212,-0.006634871850555593,-0.0037094569026243037,-0.006402252560822248,-0.0024758449536002496,-0.015612118053402345,-0.012649291376298891,-0.005238105764709402,-0.006079255855454885
2016-11-03,0.0002164838262186009,0.003970340215279728,0.0010236281676843444,-0.0015938753863340173,-0.00968039403710482,-0.0068885253301490725,-0.004361491765159162,0.003749279287254401,-0.00949695244366853,-0.0025978591386624705
2016-11-04,0.0034539997197426645,-0.005444738103039234,-0.0030736829429959932,0.0008858972342967092,-0.0017309505870249432,-0.0090657156298436,0.006702206656458747,-0.003123422405357323,0.006943366361754916,-0.001953737846603731
2016-11-07,0.0151861690224711,0.021314722322881445,0.02483011040786147,0.02431672987064305,0.02142330615408407,0.016716649185498266,0.01820343428071186,0.01736661848407763,0.025250365816999226,0.022806233316375376
2016-11-08,0.003178652388680487,0.0012992098281761199,0.0005004745728643204,0.006030781055242211,0.004862887859329142,0.004183353893390453,0.006212291152816365,0.007758527670890528,0.0027827845989077935,0.004068060901110784
2016-11-09,0.02093876722437893,0.016169835160750712,0.041642076241106,0.024772464293575786,-0.001266340082118748,-0.013756533905557798,-0.02274714694573348,-0.037505707569150705,0.03464226927323584,0.0020279478787750254
2016-11-10,0.01153698191980349,0.004249347439755244,0.03628196394469912,0.021060288120832694,-0.01618082289515398,-0.02710498737195769,-0.015118752193801922,-0.024365413578183316,0.0109599396170513,0.0036653718458690703
2016-11-11,-0.013818880487954193,-0.018401484389333218,0.0027724589074315477,0.0018033816773927952,0.0030004200220563573,-0.0009886770414397582,0.0010152859692594235,-0.0041194198582710905,-0.015065607013747342,0.005660772521941658
2016-11-14,0.002281898568150797,0.0055988845162229335,0.02416370149097613,0.004249861366458969,-0.015310183626666102,-0.0017825151517794086,0.01942460052992233,-0.0006520831754765559,-0.0031258506436815914,0.00012520415630823753
2016-11-15,0.004135612946022881,0.027812770760200042,-0.000901588396289744,0.003744420152476993,0.014025585064372053,0.006125711750142464,-0.006655456170773847,0.015958949796555447,0.0028423108441346687,0.0038807243194936753
2016-11-16,-0.0018586232461282424,-0.006986067585892923,-0.014532178145386945,-0.005703661871253524,0.009171374289575996,0.0001971116170311024,-0.0006681828834992271,-0.00687014281527107,-0.00426672463382647,0.005481818200155839
2016-11-17,0.00041329422370027107,-0.006753266905796608,0.013630084314922188,0.00212221654414565,0.006349407234497659,-0.0017741416608786343,-0.009399513051770367,0.00021595985630177097,0.003982977442416295,0.01198088211071985
2016-11-18,-0.0014477076587989818,0.004085316213045529,0.0,-0.00032626953965761413,-0.0008445526790708147,-0.0035580466091134936,0.0020218423569843018,-0.0030201141625138066,-0.01070342437646094,-0.0030741130772982176
2016-11-21,0.011727580383688548,0.023481421075959453,0.003603912338770558,0.005369152685968394,0.010084070248698507,0.006709914170462814,-0.002696341959051889,0.010529631750902217,0.0035803819689510553,0.006505785186393719
2016-11-22,0.006117315858174742,-0.0005494158035085988,0.0004493214181340729,0.00453274588866204,0.003130415888993279,0.005100919870626026,0.01706596393405944,0.0038408017323106366,-0.014544277133200032,0.01179861680100704
2016-11-23,0.00446252910167944,0.004113898159953233,0.005825728327425223,0.007402986164881052,-0.0039668452598550135,-0.005494348351038485,-0.006991951280221447,-0.010059199532170278,0.003909147776235551,0.0009664570207691244
2016-11-25,0.0030313785392743387,-0.004938432846578957,0.001339749000291117,0.0054362856866178345,0.004175695119697621,0.00784027125088281,0.004334040809869756,0.014308724656222105,0.0038935395846304826,0.002413636137689468
2016-11-28,-0.004043821199088872,-0.013985938802561682,-0.011669960581771385,-0.0068805156901956144,0.0008325944557225292,0.0021454135949382394,0.0036527316463079865,0.01911249193078034,-0.007512725939920156,-0.007985837641176307
2016-11-29,0.0010124426598146963,-0.012347972312186832,0.0027053700375161845,0.000802647560596781,0.0006244516022026189,0.0013627051043503377,0.006936174565404325,0.004151815423942702,0.006504773139866595,0.002669310025975205
2016-11-30,0.010669156039265063,0.04957664543408525,0.01341682724135986,0.0012825374417280216,-0.011928760974642473,-0.01608222890156243,-0.012253860212674968,-0.03199636996117527,-0.009554285182024776,-0.008394886820487476
2016-12-01,0.0004007659711646596,0.002415306708512092,0.01717715553404088,0.0065477846984781565,-0.02084730941378547,-0.006545273074394163,-0.015446910466972013,-0.007945601444216237,-0.0072996263369046795,0.0004887232403342276
2016-12-02,0.000400143561806064,0.002944594221830295,-0.010976636670789016,-0.00015879678585452105,0.003647571547890204,0.0063477130519938,0.009431082978931556,0.009014895616855614,0.002341983606230148,-0.005510664279380963
2016-12-05,0.0077725702182601455,0.008781290147400474,0.011849791171566232,-0.0007966543945587119,0.009592027795534846,0.001186039520269588,0.008013263871798222,0.0012812493458603147,-0.0017557604362739233,0.0108692789658692
2016-12-06,0.0011908304178220614,-0.0018564537724071921,0.008687996972450773,0.0019103477869533438,0.002965643193334408,0.0029578438798921695,0.004314257023073389,-0.0019224901450362814,0.0027783743803793896,0.0023047335025859527
2016-12-07,0.014176288632630082,0.00793154648457359,0.015451182952927658,0.01843578268289439,0.018856365953054007,0.014273813964971351,0.020646119138317282,0.012958311220525398,-0.008653097792138645,0.019203764236259954
2016-12-08,0.006625231254565692,0.005383538653988344,0.009325780506411214,-0.005636418041687037,0.0024877043230481202,-0.0040855143600933815,0.0051761005136678456,0.0016869687463328265,0.0019130699883358993,0.0
2016-12-09,0.00019383295676394773,0.003138247808641753,0.0021079961332420485,0.0045427984447185665,0.007220351568853092,0.014321876713274092,-0.0006454958607758777,0.010480343026864588,0.012128414537374897,0.002256545338489377
2016-12-12,-0.0044757955303194475,0.004688872362494108,-0.009731892087179195,-0.003601362760298873,-0.0030879679921428193,0.004027158981564104,0.010279702899362907,0.010371537233600582,0.00478161526665544,-0.008337901784217696
2016-12-13,-0.0015616590496609463,0.01124069547471621,0.00254808409189594,-0.0014125920169302717,0.012498767323130001,0.0045829772400854795,0.002553224688897935,0.01026486103855202,0.008062247138795355,0.008930600608531456
2016-12-14,-0.011988015608952256,-0.02024732272144999,-0.004676038212440819,-0.010104392911290089,-0.0034677753027599523,-0.010918482797807012,-0.01768798886823116,-0.02084514528911078,-0.0051751524712117854,-0.006779529528129634
2016-12-15,0.006503240593032971,0.0022271525507067905,0.008485166176342413,0.0011102696869914252,0.004485223074118135,0.004228284484588577,-0.00814486668776873,0.007065803819201534,0.006464942811077478,-0.0023899732911519507
2016-12-16,-0.0030894063920810393,0.006188064449639605,-0.008652191530830284,-0.002011567831329629,-0.007258834386158536,0.005702955885875323,0.01392746251323207,0.012116033383417813,0.0007906510618556848,-0.00492190315567689
2016-12-19,-0.0019852850716196354,-0.0045852894108665745,0.0004278860332855323,0.00557734117470832,0.007177373747122437,0.001919431314236085,0.008830246636284893,0.0037112023189007927,-0.004176466912564354,0.0026572010978817917
2016-12-20,0.0007949331337777219,-0.0022349736537513685,0.012332685246812889,0.005704335774137466,0.003671050969427185,-0.0019194313142360262,0.0006512390310317361,0.0012342230522030403,-0.0007219909157617555,0.007928598779277025
2016-12-21,0.0003967290168434688,0.0015782337158757776,-0.0025391977329528013,-0.003799178251540218,-0.0020378753426187717,-0.00019234316484088228,-0.012772442695637019,-0.00411959295000015,-0.005648391413019521,-0.00047868117243560367
2016-12-22,-0.004176862293280774,0.0040646315717417225,-0.0025454691520813977,-0.0019051575225973894,-0.0020418651872367447,-0.0015384794124695769,-0.0013192326262248895,0.0035024617209250225,0.0013061108048503507,-0.010832972570117097
2016-12-23,0.0019912144942208997,-0.0009166477505426748,0.0016980515252640266,0.000953103393524863,0.0010213680462001769,0.0019228470819174683,0.0009897375448945972,-0.00020561993932323512,0.007514700059994848,-0.0021809311003881337
2016-12-27,0.00535673043960183,0.002224520777212625,0.0012711452264247724,0.002061486195647367,0.00407575491682928,-0.00019202450460690433,0.00263437860845268,0.0008227511683985212,0.002013613961459338,0.003874040843237404
2016-12-28,-0.010142396503631657,-0.010905991935167832,-0.010217215113467423,-0.010511410832696142,-0.008988759062458586,-0.006166885902830151,-0.007592030198347046,-0.009500264820201316,-0.007643935294452271,-0.006910521004323099
2016-12-29,0.0,-0.001983918110469484,-0.007300935912685861,-0.00032029570786048123,0.00020529159831844776,0.004628796658668782,0.009234775617124552,0.013397990935494698,0.001735453678838555,-0.0013391938808803212
2016-12-30,-0.0066177271070219194,-0.0029166658776253024,0.002152815552551874,-0.0035293940929903666,-0.00782712981266536,-0.0050156167495763815,0.00947562894449715,-0.005543590430109226,-0.003619832405840488,-0.008441265579976988
2017-01-03,0.005817640048917184,0.011222181307829418,0.011120922043317511,0.005929007944542621,0.008852181973662337,0.003668057196997474,0.0032466425434538554,-0.0024737286351842933,0.012970617976444733,0.005879808349190643
2017-01-04,0.014497339898304975,-0.0021029591526787726,0.008049043412269837,0.0058942038288221895,0.0034783330690120497,0.0,0.012562696075198918,0.0037082494624689176,0.00784413638037375,0.01322452063380966
2017-01-05,-0.002961622944617713,-0.002502845523418594,-0.010177928351612386,-0.0028630496660206864,0.0016328517045039834,0.003269567067144374,0.005108372842965785,0.0010277793146769806,0.005101585052120025,-0.0007234032973936412
2017-01-06,0.0009880919417509357,0.0009232002993864017,0.0034041016179376157,0.005717784153377768,0.007313954968317575,0.0009603236057215605,0.0,0.0030767013021031804,0.0028223527250670947,0.004933075282290211
2017-01-09,-0.00019717780273153593,-0.014600921334554293,-0.006820024576326346,-0.007790945206573943,-0.00020246362531473283,-0.008091366768816057,-0.006389991220367422,-0.013193401949450343,0.004219586922601214,-0.0008408595948567193
2017-01-10,0.0005922319402955761,-0.00913357028463882,0.0021362584192361348,0.004141748922784269,0.00020246362531464035,-0.005041402476650192,-0.012578571328501783,-0.003117307196019668,0.003502678846764121,0.003596971005075991
2017-01-11,0.00806391129655771,0.010736655496146568,0.0063818176823543385,0.005231849650835258,0.00464513180339545,0.0019418858774232154,-0.00553320688766439,0.010353875301370472,-0.010120543527934924,0.002152148486778561
2017-01-12,-0.0019608507148863217,-0.0041468849252413766,-0.008518076101590458,-0.0041198790956776185,-0.002420733173099093,-0.0009701867841435856,0.0039093068060225234,0.0008238319293512523,0.0009881599580609459,-0.000955760845834135
2017-01-13,-0.001571074964244261,-0.002953622905971256,0.005544807897731143,0.0038035346079565457,0.003024980829208062,0.0005819403908806006,-0.002278373708447841,-0.0014423621713671112,0.0009876239985423128,0.00369899409887668
2017-01-17,-0.004531985617427188,0.0061656746126816375,-0.02410798698374398,-0.007780904802744904,-0.0038331110186056753,0.014069886255868608,0.008112819439875778,0.010866821262009763,-0.005089199254076846,0.0016663118346489489
2017-01-18,0.006299462767893597,-0.0022740617756698933,0.008244738067073352,0.0038185929410629207,0.00262408114939191,0.0034393975513498194,0.0022599852369991364,-0.0012245057949374417,-0.0012763570033893401,-0.0017857038246048716
2017-01-19,-0.006299462767893736,-0.005506054804731698,-0.0043309077840302445,0.007278420023167726,-0.0014123000964887057,-0.003630630154584077,-0.009721734025326417,-0.008817658396351742,-0.006405954701892713,-0.00310170747614013
2017-01-20,0.008846853085255653,0.0037632110425211713,0.004763056819707939,0.00015755546634730933,0.005436559472404954,0.006487429573271613,0.006168115872280208,0.001851971800276857,-0.0025740693962356346,0.0028638776156696623
2017-01-23,0.001955751962347145,-0.010654483751391141,-0.006500646101354544,-0.0055321686629617554,0.0018056382294370458,-0.00038065856994888515,0.006129885373604085,-0.005153210501315116,-0.004160949844114573,0.0007146149926109343
2017-01-24,0.025459412659802432,0.01092329269752381,0.012530037555877001,0.009936267673542077,0.006194369184956487,0.006637368965866114,0.00032169257541588497,-0.00020680849749425868,-0.006925289405328213,0.008181131549640076
2017-01-25,0.006643156193557046,0.005216545971082304,0.016606815648685266,0.010459715229735534,0.009516071887213876,-0.00018930885463470468,-0.006128159934138501,0.0,0.009366568453280988,0.0061222240540360255
2017-01-26,0.002645127780622302,0.000800677589910049,0.0025305339396569444,0.002327096948226502,-0.002765947265912096,-0.004357528096393922,-0.000647193061434017,0.00041346869840950374,-0.007775551201328752,0.001524521277157211
2017-01-27,-0.003591328365689148,-0.010453091237780448,-0.0037983021320387726,-0.0007749357776328095,0.003949310652453849,-0.0055209424760505445,-0.008452613058869542,-0.00020666020091511498,0.008205889873132751,-0.003169105972087215
2017-01-30,-0.010277916155952804,-0.018491448743830966,-0.008066223969175564,-0.008565283299394913,-0.008113046205956062,-0.0007639971760930998,-0.005565302485563419,0.0008264901468129402,-0.004886488265339536,-0.0011760519645050618
2017-01-31,-0.0059486532335657925,0.0004114604478168248,-0.006414664034660984,-0.008796749944162957,-0.0049793516388226475,0.004765062335400544,0.008173574718705242,0.015367617538421172,0.015865111775248252,-0.001531460954929376
2017-02-01,0.004991328297461545,-0.007434646459090332,0.0012863453671979434,-0.001736684981878264,0.007559068551292195,-0.00782671402008088,-0.011132855881648623,-0.017434649506327345,0.008613071588466645,-0.001887712735055211
2017-02-02,-0.004413949484971978,0.005649834954067627,-0.0038637184365118266,-0.0018988091430529844,-0.0019838707791855876,0.009157069428935103,0.0117840949126803,0.010497076523570587,-0.00028145159958730217,-0.0008268540180150598
2017-02-03,0.0017296986013881047,0.00862030708115398,0.02001357214141052,0.00741499916944736,0.006531395764057753,0.006435484349356874,0.006487489449951209,0.0012278047279329794,0.004350287191356738,-0.00130127666469606
2017-02-06,-0.002691916999276695,-0.008483049265768502,-0.004648236667809202,0.001413648495675846,0.0005916984852739548,-0.005486564602050493,-0.0061622825377828,-0.002047144626073848,0.0011191413611389496,-0.002963452632325927
2017-02-07,-0.007924918971068983,-0.014253361958399022,-0.0025441969810818597,0.0017251220161173285,0.003935075263642295,0.008124598150104944,-0.0019536768475140187,0.002455904072969954,0.0009787123089640395,-0.000950170574525257
2017-02-08,0.002325862175872669,0.002366734620854367,-0.006817601176425884,-0.001411210161768509,0.0017664520424823054,0.0041313933232583555,0.008438979692640996,0.009764052586581268,-0.0015382199045576583,0.0061593401849459615
2017-02-09,-0.0003870609431273359,0.011199763340588888,0.01358836822701194,0.007659279695408467,0.0031312900844757243,0.004114942476227222,0.004192807618275665,-0.008538254366497898,0.0036316197057791504,0.0062397663017471905
2017-02-10,0.009061663894334823,0.007533592204051217,0.00294774855994746,0.007910260343030629,0.002927401264371732,0.0007460489096962292,0.006736398952388781,0.006309170505037776,0.0019502863516933405,0.006084354954556984
2017-02-13,0.008219570116007416,0.0019083855331225555,0.011290192179211123,0.009991381997425426,0.004471571602297263,0.0,0.0047838920704290095,0.004857553103236888,0.006104852132792048,0.0011654948744034724
2017-02-14,-0.00019018234772199137,0.0032638210095784397,0.011575517373643212,0.0004589096443602426,0.0032926517657418295,0.00018631136547751795,-0.0051035669039354555,-0.007294791306766368,0.007852548608202467,0.00569281576806046
2017-02-15,-0.0013336018067806302,-0.003944925488174538,0.007778630880448797,0.005336540316731321,0.0032816031513514497,0.009095122978621077,-0.0028824316261985435,-0.002443713534943031,0.010783051226076262,0.005199490547845453
2017-02-16,0.0,-0.013723144264109643,-0.0024495671749868437,0.0003040595230126292,0.0023095888779112645,0.0012927700421439302,0.004160601269503806,0.009940202692826246,-0.0013589895479484161,-0.0050839579453275646
2017-02-17,-0.0028640593250983974,-0.005542348333465213,0.0004084620423744073,0.001670812415549117,0.003454573209067943,0.004970186608840002,0.002870315518619391,0.000605467844437194,0.0013589895479483754,0.0032383931794444406
2017-02-21,0.003245157540398405,0.006785129534653672,0.004892168912528222,0.004995887517353398,0.005160265949729294,0.008957036507997082,0.013601277730629137,0.010435414978982404,0.004470090352121995,0.005756381078912206
2017-02-22,0.0026644132438205974,-0.015297315887267822,0.0008129015703340706,-0.002721910410895181,0.0011431540492300852,0.00018198022282751093,-0.0037769064085118047,0.004183530225391377,-0.0014879918572329614,0.0
2017-02-23,-0.005527555049065067,0.004195299124180874,0.0,-0.006532451459069493,-0.00019027510473088117,0.002362734194537775,0.0066004780598364465,0.010285148045343768,0.007282392836241747,-0.006796384775935679
2017-02-24,0.0021004501717405265,-0.009393938547471533,-0.007750350247953245,0.004258474352611233,0.0022821910627793913,0.0034427737974648213,0.005000144624535007,0.015037767853465297,0.004825750631418779,0.004612709485123462
2017-02-27,-0.002482465906894519,0.008556442601833868,0.0053091989147136635,0.0036357232885923314,-0.0005697405250506782,-0.004532661682952105,0.004974945076077771,-0.005636854030103433,0.004802337501420913,0.0011500287379677724
2017-02-28,-0.0009566877576929596,-0.0030775683339252227,-0.00040731543505732794,-0.004091085615045873,-0.004764271508723433,0.0012710508100056465,-0.003106449180306076,0.009119894253283346,-0.0019983798221059274,-0.007497774506494969
2017-03-01,0.019333402252328685,0.019835790125831487,0.02812546580882219,0.01671368711205213,0.014036980089481598,0.004707758950586362,-0.0024921585482139217,-0.008924756682668605,0.009952084121914307,0.011168256740116914
2017-03-02,-0.010758072655249154,-0.009521924812233221,-0.01557228252916606,-0.010809549921592563,-0.006614941637938367,-0.00018057690971952427,-0.0031239983324887898,0.0071849506916238075,-0.0031739651716597784,-0.002407110753277778
2017-03-03,-0.0007591878413309678,-0.0018042100855709862,0.004817085674872502,0.0010558054502775168,0.002273282552466695,-0.0038010854439756957,-0.0031338698612555943,-0.0031008897146319212,0.003966090507341387,-0.0014931945099308714
2017-03-06,-0.006477438262901476,0.002219714839812628,-0.007637912301670944,-0.0024150157452897674,-0.0015146823128313234,-0.0043621940696567186,-0.004088793440719314,-0.0019429379179950008,-0.003833507940292219,-0.0032236596125773454
2017-03-07,-0.00555792621803313,-0.008909755285138495,-0.0028288062039666393,-0.0028761423428329052,0.0,-0.0012758621360519984,-0.003472923974061006,-0.0005834791120140628,-0.007043490865845415,-0.0032343755946781213
2017-03-08,0.0,-0.026354192778732015,0.0004046054292768875,-0.003492446168049285,0.0011359090777713608,-0.002191229065382864,-0.014975405781443006,-0.014504582935013308,0.003993184952903483,0.004156220454721626
2017-03-09,-0.003080219946092633,0.00658253172059296,0.003633918269021258,-0.004573893991412591,-0.00018944043205543923,0.0016439832687705268,-0.012924051425697433,-0.002173708802774983,0.0054314378135695545,-0.0009218448600435532
2017-03-10,0.004616559263921098,-0.0014273736538190631,-0.0008059805450426792,0.006093526190253399,0.005286467470667661,0.004551552960223287,-0.0009762970977778827,0.008275491153049494,0.003823822030137884,0.0014977232060503756
2017-03-13,0.0028742239830181417,0.00014266852221500823,0.002417089677509602,-0.0006071819731657432,0.0009408273118123758,0.0007264895206882813,0.0013015459288852787,0.0029393493545911767,-0.000789779092300571,0.002644719616997799
2017-03-14,-0.00864775184610672,-0.011346663649729877,-0.0028208266267982763,-0.009467305764038102,-0.002259806701217534,-0.002908596273836362,-0.0013015459288852225,-0.0009787901110823716,-0.0036949653517748394,-0.00022947251691654897
2017-03-15,0.015892829987727657,0.022000961928313984,-0.0016155722941113356,0.011289102322740848,0.006764078796046141,0.00743642004117981,0.01902369304077674,0.01593196560621569,0.01248145641602427,0.005269753596560075
2017-03-16,-0.006862155873232638,-0.00709034461307459,0.001615572294111402,-0.004561240218535171,0.0005619145153142296,0.0014443163236379794,-0.002238057324346267,-0.011047368211968802,-0.009709100017876116,-0.000114344050089519
2017-03-17,0.004288979378290765,-0.0007300593130315578,-0.009849171946725974,0.005450140577455918,0.002158295951018674,-0.0027245315286551696,0.0018664610559245474,0.006010466257678645,-0.005519242088680425,0.0012717714918334662
2017-03-20,0.005525100933250539,-0.0014339008064940728,-0.008213681747147598,-0.001828724241645907,0.0009367819415347946,0.0019987505963387827,0.0009643202690360949,-0.006659147075400475,-0.0014645416124977589,-0.0024069340004988444
2017-03-21,-0.01686173146465968,-0.007054688932731244,-0.028441350894133036,-0.015370656189172471,-0.01471708720221843,-0.0009081884024064116,-0.0016077174548346515,0.01404895033564073,-0.00789276694719653,-0.012702283680720959
2017-03-22,0.0028942855083763995,-0.001446133252066597,-0.0021239743782783564,0.003556231401349286,0.00625278844635824,-0.0020002144038542475,0.002249749795279751,0.004832670942417812,0.0002688324857348389,0.001161478688514017
2017-03-23,0.004229686883856994,-0.004059506300958752,0.0021239743782782905,-0.001390095936155475,-0.0026478334932518847,-0.0021871328246064045,0.007356447067696146,-0.003090202040542642,-0.0030934954723792125,0.002318628277568572
2017-03-24,-0.00886455545642828,-0.003930644481599977,-0.001274246060270183,-0.0026309824382396464,0.0007573638639626399,-0.002009060448404299,-0.000956469515892454,0.0036684311969297336,0.0005389337969847159,0.002429206776031715
2017-03-27,0.0021267719579375274,-0.004678415535210943,-0.0038304874188027156,-0.003570585686877593,0.0,-0.0009143997330277345,-0.00800633016128481,-0.003861812705612041,0.0026883551648072463,-0.0003468061817152844
2017-03-28,0.011523228830578986,0.014114699569836383,0.013553808921276951,0.010520018580529969,0.007165824339299056,0.001827964102981339,0.005771279020572755,-0.0007741946631137759,0.000671080100281619,0.007598549933360435
2017-03-29,0.0007634388910212909,0.013633005806061064,-0.0063303675279847,-0.00015380943807629847,0.001689812577083147,0.001824983339630366,0.003510606825494849,-0.0027140667295741452,0.00026842501279955263,0.005946411831784561
2017-03-30,0.00019085590907884717,-0.0002854794225686006,0.013038999071824306,0.0055255574772082655,0.00187405265183333,-0.002007238621341422,0.002227309312607264,-0.007795809571603318,0.00013388798284899193,0.0026188941114039283
2017-03-31,-0.0001908559090787543,-0.0034271689043843924,-0.008392631149479371,-0.0041413031179194735,-0.0018740526518332902,-0.0029272035002151312,0.004440117810858873,0.0039054521977011387,-0.00282031191524692,0.00011354044786298338
2017-04-03,-0.003823211369629414,-0.0017183994778710529,-0.0021093528509700072,-0.0021540676640008053,-0.0009387374698785801,-0.0016505371870209973,0.0012651440103594784,-0.00019475267583400068,0.000806828314871325,-0.003987795954538837
2017-04-04,0.003632493534517212,0.007282136324998925,-0.001267750716902353,0.00261506029761551,0.0007509820260464154,0.00293203186596563,-0.00284852123917205,0.0031138647974891,-0.0005375149376581316,-0.0015992956254871106
2017-04-05,-0.0007637592021277233,-0.003134873059131657,-0.0076402494851009915,-0.003231625822504332,-0.004136177061412849,-0.0018314899476295234,0.0015833772288124663,0.005619626986087231,-0.003097183081944703,-0.002403606048865298
2017-04-06,0.00533323636075355,0.007960414753997684,0.006370985130628676,0.002770633188889593,0.0001883760782758114,0.0,0.005680057590260542,-0.002515526457690102,0.001751921272960077,0.003089631237876866
2017-04-07,-0.000950043952223234,-0.0038301214353909,-0.00424268229249761,0.0010751597479702012,-0.0005653135145517131,0.002745889680657237,0.001257820482356935,-0.004271058360507159,0.0017482611145132902,-0.0029750973348080974
2017-04-10,0.00018985501445087122,0.007503995174054495,-0.0025541995177634953,0.0024538570717436117,-0.0018865056052272515,0.0029211466190896184,0.006890155978335679,0.0017493849762456187,-0.0018829107809569278,0.0036603664674313406
2017-04-11,-0.002664916352608032,0.00014139738789919546,-0.002988393687554778,0.0013772704126343242,-0.0037837216077026576,0.00036412322406516074,0.004670750377518176,-0.00038798442286135223,-0.0013474947846202022,-0.0007998440759138397
2017-04-12,-0.01246768512836992,-0.0042404330424640245,-0.008156272339285987,-0.013861229563537927,-0.0034172518462740227,0.0038193262361166432,-0.001554413713805594,0.007355667146308769,0.0,-0.004007696371364715
2017-04-13,-0.009697567641219595,-0.0184408322309656,-0.013015647337742492,-0.007159602465371323,-0.0040020483480689055,-0.004548325969578247,-0.002180616837020891,-0.0032840221349710918,-0.0025647134846056,-0.007022809006601864
2017-04-17,0.007185197537834514,0.0021618844067196256,0.017316723806970503,0.010874803021975674,0.009123912928928415,0.007086346044838438,0.011471459371896716,0.004440662266240406,0.0036424362249657363,0.010230688853492969
2017-04-18,-0.0011622737043693525,-0.009401999957546493,-0.00948714171829827,-0.0032499242969016135,-0.00018915249651663311,0.004516544229129133,0.002463053767836235,0.0023087873725183184,-0.010968381060569037,0.00011399887606602647
2017-04-19,0.0013552945250329459,-0.014786923792245834,-0.003037181173953089,0.0009294902944545261,-0.0007573638639625919,-0.003792690316735452,-0.0021547903355501885,-0.006943298413581392,0.0029912528945737838,0.0009146684974153737
2017-04-20,0.01096694936991057,0.004855606104210728,0.01680717228724709,0.01200744748685543,0.009049628659423084,-0.001992235057289377,-0.00030826343228601886,-0.0038777962365151627,0.006225215969863699,0.01045545546834665
2017-04-21,-0.0011485791678498912,-0.005002974490826597,-0.010309627641151698,0.0009181604254235529,-0.00206645179749849,-0.0029047955697815205,-0.0033966252231411678,0.005038365681136493,-0.0059538255912093855,-0.0022633278243962833
2017-04-24,0.01142867293136636,0.00588326958833613,0.022204264685404453,0.014117522820319648,0.011779151986229008,0.009049951005986665,-0.00994731154297801,0.0052059585514475926,0.009858420612557801,0.0064377458907625374
2017-04-25,0.01597028231885327,0.008469344223732245,0.008829064311339244,0.004812317849904741,0.005190703688843301,0.003956258599538404,0.0021845383597478936,-0.0013470276658510934,0.004291810072584102,0.007850288923009544
2017-04-26,-0.00018630942811127167,-0.003349867122428948,-0.0008372740304417231,0.0001497768377958126,-0.0011097678879525455,-0.008109178978454031,-0.008452223303754362,-0.0030857370536883154,0.005471078695140649,0.004681002800591952
2017-04-27,-0.002239535379106742,-0.011002746689639442,-0.0046192432124735755,-0.00029977630427107743,0.0040638869754301655,-0.001267286600020235,0.0006283931906133699,0.0034706757654438657,0.0021272116943196516,0.005322377713852534
2017-04-28,-0.008443837209090711,0.0007371190515656733,-0.009727242038380102,-0.00466231838342949,0.0025780127104590897,-0.000362364475754113,-0.0056707026608372,-0.004823789846145204,0.002652343815820035,-0.0039893336179484705
2017-05-01,0.0005652551358394245,-0.002804377191358433,0.006354694969955949,-0.003019392115845085,0.007511368104793533,-0.00381290852873059,0.006298944460990101,-0.0060143563361261445,0.0022492556581159015,0.0013317319715819161
2017-05-02,0.001693249149440672,-0.00503872763181861,-0.001267750716902353,0.004826433489375758,0.0021879258379371267,-0.006753813983382465,0.00031397295412961677,0.0011670861765274785,0.002771436195881113,0.001108038476362972
2017-05-03,-0.009824136807143872,0.0028188545228761764,0.008001698424967582,0.0007522498527880277,-0.0018231169107656453,0.0009155037879344712,-0.012316452777381462,-0.003504858382701096,-0.004888000601957938,-0.0058874339760248105
2017-05-04,0.0011385956752827783,-0.01854117684457605,0.0016765199396201328,0.0010517992151638728,-0.0007299799776146214,0.007655731127876007,0.0009527418333660696,0.0035048583827010493,0.006599838181155391,-0.0015614185344411395
2017-05-05,0.014123103828810834,0.01572232232169987,-0.0016765199396201556,0.005093669266657682,0.003645039133531932,0.0027203494504302365,0.007905306674058822,0.005427190408391853,-0.0005263263425328464,0.006229803859906306
2017-05-08,-0.00807288022807652,0.007105985771611413,-0.0008389360009832968,-0.002693255432834959,0.004356566010914917,-0.0003624973783735046,-0.005369008833762996,-0.0003865761292885646,-0.006206203090661753,0.001883467574260296
2017-05-09,-0.007568321028897713,-0.00829513070432127,-0.0037856588561119915,0.001347434592690466,0.0012669248169577287,-0.0036297440270507838,-0.0038069041914515008,-0.007375656509094308,0.0011913573389779476,0.005740033144745807
2017-05-10,0.0032233041959694045,0.01315120460659646,0.0033652629553129446,-0.0020970910241724064,0.0037916242718354955,0.0007269682370106096,0.005389105431293544,0.001557333356503106,-0.0029144155475949807,-0.0034179911402863897
2017-05-11,-0.0015156823850050113,-0.002057151211981573,-0.006319604348862485,-0.0002997531561225044,-0.0012620517480389857,0.00145244115806116,-0.004753477401460696,0.0013604461554552604,0.0005302798442125327,-0.005981404137386667
2017-05-12,-0.0024679267062087235,-0.003389108360306669,-0.0042355902580962085,-0.005565056380481097,0.0025228137065409235,-0.0029069949703178434,-0.0038195956451534258,0.004844453126424251,-0.001725470079734636,-0.0014453387890523025
2017-05-15,0.008705439169988605,0.00779220112775837,0.0076111737111880335,0.004664723256496993,0.005564164761160089,0.0032700183771426717,0.004454573966476257,0.0042438695973520575,0.006488188019060695,0.00022263144801512583
2017-05-16,0.00018856872987650409,-0.004991957357044907,0.0029440208957706034,-0.0010513250572243879,0.004642839487603359,-0.0009072761624797041,-0.005092140861548375,-0.007341260895785609,-0.003834904636114808,-0.0034543677942440515
2017-05-17,-0.021326100548116806,-0.009910688772618458,-0.03200601319763966,-0.02019068691028356,-0.027636542806620038,-0.0014534092241544107,0.006361380450951381,0.002517471049640387,-0.013202873080096137,-0.01631731960242077
2017-05-18,0.0005772389787961539,-0.0002973304705507741,0.0038952415401016386,0.0013795041303519518,0.0058435133387856565,0.0007269244987086982,0.0019002718703004101,0.003475464721740153,0.004420473046931474,0.005769689049691457
2017-05-19,0.008618139517912505,0.012266791328009312,0.008602386957619619,0.013083845124924755,0.005810019054077425,0.005434935776057923,0.005680057590260542,0.0038477947794035446,0.0028032323017725576,0.006745143479903148
2017-05-22,0.0011435868287016056,-0.0022059190441624434,0.002566409660692157,0.0076789958362152915,0.0079334173847518,0.005584744779514478,0.0025141418940516002,0.00860335017782831,0.002661874913534515,0.005029608800390514
2017-05-23,0.0007617233282659219,0.0023524135358826896,0.0076594667274532974,0.0020975859271768873,0.0017943564816734648,0.0010778571359813126,0.0012548260011693796,0.0026615333011522596,0.0033172928178576235,-0.003797814953781914
2017-05-24,0.006639364094436293,-0.005300816353254981,-0.00042372963122529384,0.0011966955284175068,0.004115140422732033,0.003940233671482327,0.005626789357689127,0.005679816885140239,0.0025142207193090864,0.003575152138119442
2017-05-25,-0.0011349764116270237,-0.018327210742896755,0.0016946070653405393,0.006556447937716292,0.007115790752837952,0.006237084462946954,0.0037335465542963834,0.008084777996890363,0.004745924586306059,0.008770055417929808
2017-05-26,0.0018913442318453666,0.0016526819370103166,-0.00042347825626485686,0.0011875247146068116,-0.0005315143658469006,0.0037240933871691712,-0.006230505641440333,0.0,-0.0018430462950393498,0.0029799220420950387
2017-05-30,-0.00018953510568252074,-0.013451261200302711,-0.006799963137027342,-0.00029655100317153534,0.004247548289053542,-0.00035411143191075835,-0.0028165112683250846,0.0031785083006703255,-0.0014504443599095429,0.0007710161547294716
2017-05-31,0.0030192150854684947,-0.00427020617050266,-0.008565061571808766,0.0019268677333327529,-0.0015909482042827426,0.0028289573683470083,-0.0015681450033893478,0.005027971818637212,0.003950982447298776,0.002639830716114297
2017-06-01,0.011985329587935743,0.0062459749651913275,0.012395548990611533,0.006201320625601233,0.0024735601107115745,0.008088646288393083,0.0031339155784576808,0.0070326369645814625,0.010980672987680858,0.009400994921441537
2017-06-02,0.0024166542098791417,-0.011608623696626059,-0.0038304874188027156,0.003966491135018654,0.00913418497995133,0.002972857443789114,0.008722510428883563,0.0011062974997551895,0.006479365099607918,0.003583668359021094
2017-06-05,-0.0031616393663434494,0.001842103843023426,0.0017043787099147722,-0.003524904911144902,0.0008738919719904705,0.001046892819659572,-0.0024842314365190765,-0.003136866220225147,-0.0028455428804641018,-0.002713456431284065
2017-06-06,0.0005583227031342451,0.011739324250924008,-0.004266212814438471,-0.006790534535092328,-0.0019236445815383643,-0.002444598663858949,-0.004675117571711689,-0.0022202199682607704,-0.0024645606893628474,-0.008625061694157892
2017-06-07,0.0013025054885714082,-0.014195587633115488,0.007666567583596608,-0.001185962122367981,0.003145811766324329,-0.00035017843896448936,0.00529691473640753,0.0033282034185070047,0.002723048447774964,0.0017527421405693913
2017-06-08,0.0029708364901429854,-0.00292543519898461,0.01138967069365923,0.0032573435605739586,0.00226585657583623,-0.0075494801062091,-0.00467260782199069,-0.008341606341349532,-0.00285257876801919,-0.006479015815224462
2017-06-09,0.012711119262339301,0.023767138727728,0.018699971315135674,0.003835982042525764,-0.02503216395049812,-0.0012346908052784536,0.004672607821990768,-0.0009317427193126692,0.006730369764559297,-0.004416165765787818
2017-06-12,-0.0038517888484430936,0.0070512593834851905,0.0020563419100950524,0.0036745163172919775,-0.005908139506733896,-0.0001764230959913496,0.0065045170442528865,-0.0018646744523323937,-0.0012907358744880892,-0.0005537293238017246
2017-06-13,0.012418085878093616,0.007447328734244769,0.005326746184460114,0.004099486758440461,0.007156980836544792,0.0015870312005420526,0.002466533159706276,0.002423880896135863,0.0020645157394355673,0.006180890412478004
2017-06-14,-0.0105821181579707,-0.01826961759344271,0.0016334838896893615,-0.0010231345934030999,-0.004825363267269509,0.006323568243810365,0.0030752897893871613,0.0053859391983519305,0.004757546691364181,-0.0005500702462973113
2017-06-15,-0.008843092432800802,-0.007585246222221667,-0.004088492400307666,0.005978973361385859,-0.004488866344878176,-0.0022788201103607062,0.004900387369652524,0.005725549092614465,-0.0010264838728947726,-0.004192701909212804
2017-06-16,0.004303744608756652,0.01640861218653114,-0.0011108116646973965,0.003266538749696695,-0.001753965148538714,-0.010560847641993592,-0.0005546621754011718,0.004574944784897207,0.0016486724431835334,-0.00027699672453002284
2017-06-19,0.007928778309633547,-0.006354713710712298,0.010239641438575305,0.006096708866250298,0.014732318339726639,0.004814325106721917,0.0006163599806751509,-0.003331894330749003,0.010372711010538159,0.007624793454150097
2017-06-20,-0.005524955573082897,-0.012832811519522244,-0.008594132960210598,-0.01076666933975163,-0.008057816557529792,-0.00392127233372468,-0.0018500627307791234,0.0005557610620365316,0.003305941982098661,-0.012628813753394147
2017-06-21,-0.010582297079264598,-0.01627575353414369,-0.00825438091247118,-0.006751890726604244,0.005558120942238585,-0.0028608399778386738,-0.0021628470011847475,-0.005947695853933326,0.012616982139754237,0.0015591868707382332
2017-06-22,0.0011197366771318624,-0.0006251337266202142,-0.006235902789597246,-0.00206394515849742,0.00035735458399119654,-0.00664817080899163,0.0006184563890412577,-0.004671633196598227,0.010352549279602212,-0.0023400640555517457
2017-06-23,0.00390707904521961,0.0067014755647267065,-0.0037601234766837543,0.0036826332023647693,0.006236264825641914,0.00036049514593842244,0.004318281586994919,-0.003376997326024875,-0.001490435352002249,-0.0012277818913342864
2017-06-26,0.002966645725800832,-0.002176746101124822,0.005426980395662678,0.00029383041276756624,-0.005343102072854164,0.003956893091871716,0.004606225621725355,0.006742441172878951,-0.0009941261004789458,0.0035678459468860327
2017-06-27,-0.006128523037861303,-0.001558169687998484,0.004983219409284496,-0.007524989694147937,-0.016564725885850777,-0.008653147711527278,-0.003990813928927936,-0.01126307577690582,-0.009122480052929966,-0.007934375836391581
2017-06-28,0.009086561820351412,0.005442101315431679,0.015619056827928284,0.00899382271214522,0.012449346719849869,0.0036142049781018207,0.0012294523243775088,-0.00967504401307067,0.00525858926087704,0.010046930086105004
2017-06-29,-0.012071641831805719,0.0021684890381837,0.006909315642743725,-0.00854961686272477,-0.0180936355418645,-0.010700860303544791,-0.010189727623929914,-0.008037818711222755,-0.009157401749721919,-0.009710142987035781
2017-06-30,0.00540410897966439,0.004477143865922058,-0.0008106017744469969,0.008256217784232594,-0.0009131539979627506,0.0018215869981113581,-0.0006211115137742121,-0.0015387524000353486,-0.0013876873281704445,0.005257524681770642
2017-07-03,0.008696136411801144,0.019071197521376978,0.014487375944029494,0.006147509425796037,-0.006968612379468669,-0.0009102029148876452,0.009273570712539666,-0.0046296399196354065,0.001765347891994476,-0.0010048419667752846
2017-07-05,-0.0033214955082391004,-0.020458169668529907,0.0015965396023161123,0.002914253650640532,0.009888214887916915,-0.0007290935868018005,-0.012072399392927459,-0.0048453813018353616,0.005903597769140832,-0.002459825665707034
2017-07-06,-0.00444614554108399,-0.011168435780710676,-0.007607452701343384,-0.008768363997944298,-0.009152732286435183,-0.005667664880711559,-0.01822803069962119,-0.0003887248350110121,-0.012983204727374926,-0.010240353865705504
2017-07-07,0.005185181633399232,-0.0015608984752837679,0.006809501517489157,0.007749063772842613,0.011518852217725112,-0.0005504349902703988,0.005692783661628077,0.000777103298290276,0.005062019124587704,0.008896152365736482
2017-07-10,0.006260395243790629,0.003275353953362457,-0.0011983017124170168,0.002909001660301287,0.007245017376854209,-0.006995705654294153,-0.007915457359606384,-0.0007771032982901937,-0.0018953394643349405,0.002127508684002915
2017-07-11,-0.0014693841571783149,0.00543525287989771,-0.008831909578969198,-0.0008720825342071017,0.0021632715191286585,-0.0027749465475530007,-0.0015906541829177148,-0.0005831751357059992,-0.0011383036681002637,-0.002015539384916627
2017-07-12,0.01151421948960567,0.0027838558221652838,0.003220709773897005,0.005508468684893194,0.01288271029179313,0.0055424807521554055,0.012968955775462964,0.008520532901779012,0.006813245587270361,0.007593439179805798
2017-07-13,-0.0010908586818849902,0.004007065595287224,0.006010913099027395,-0.0007234480892050857,0.00195378179076988,0.00018381547466939088,0.0018837529035943903,-0.003476995048517177,0.0008800665289861651,0.00011129491178643071
2017-07-14,0.005080825728244565,0.005981373491302565,-0.0044043946114763685,0.004330627146121316,0.00883223118245129,0.007889466269108629,0.009987478581847748,0.004633408876176924,0.006761757936066692,0.0032205162415588837
2017-07-17,0.0019890705222768246,-0.0012239327343537272,-0.0032156220302485554,-0.0005763387687013038,0.00017588065583654032,0.0010959934766401986,0.002171490370916859,0.0046119429667242666,-0.003625555890608039,0.002436310568018316
2017-07-18,-0.004163524959057678,-0.004757440756948783,-0.00161160623119942,-0.00230849066909254,0.004561416889970793,0.0,-0.0012400471657058334,0.0028711236139425974,0.0007509882388266252,0.0045249145323738044
2017-07-19,0.009567637361203592,0.014507633920419096,0.00040280513237025105,0.0010104647639222603,0.005063238275996084,0.0036442801638410568,0.007418741257737839,0.004197000212829571,0.008102722769759357,0.004833111981344947
2017-07-20,-0.00739318292442276,-0.003036814752628172,-0.0004028051323702546,-0.005643238311965925,0.002087552465179769,0.00018165087524061284,-0.002775285650824798,0.007207854880712034,0.006557930563574653,-0.0020844159673960323
2017-07-21,0.00018077854656755712,-0.009933400591488577,0.0,-0.001888521864409294,-0.0012169556926477326,0.0016351267722956662,0.0018508880836576853,0.0071567450945476735,-0.001110396412130518,0.0006587541550718241
2017-07-24,-0.0009049615559947566,-0.0018451178216739499,0.004425659936758642,-0.002183207008958375,0.0024329381340039333,-0.0032727557838567217,-0.0006168980993463818,-0.009426991261810971,-0.0003704790869601335,-0.003407450169020674
2017-07-25,0.010629390576787714,0.012538502797893857,0.012367818624259437,-0.0013120219881154259,-0.0019112767531250566,0.006897748205325359,0.0,-0.00569903355790847,-0.007190109957578137,0.00702195210545912
2017-07-26,-0.006111765526259455,0.0010633793850576383,-0.006763267269631813,0.0013120219881155133,0.00381897963279447,-0.0001810469986017799,0.008293913109551066,0.009480330094672416,-0.003364758848629014,-0.00043720296850260345
2017-07-27,-0.0036126634945336357,0.010118529017706874,-0.005604551354627549,-0.005699005573660371,-0.0038189796327945647,0.009723103219988077,-0.0009180952231628031,0.0024502779625624376,-0.0068889853924975954,0.007301644904552233
2017-07-28,-0.0036257621674537148,-0.0012031875404192685,0.0,0.0023422660469097248,-0.0010440299719101551,-0.008457246748111108,-0.0006125059405691313,-0.001507065196749246,0.005014832671383435,-0.0076300138704760425
2017-07-31,-0.007657345320770597,0.002254248956161473,0.007200086456779395,-0.0013171492359192107,-0.004886482702265829,-0.0003616468619328368,-0.001533026075707256,0.003387802845716926,-0.0008756605752649867,-0.0003282947655913115
2017-08-01,0.0007317350576516349,-0.00015003640347816452,0.007148615585746426,-0.002931809097363189,0.005060660045466637,-0.0010850274404891871,0.004286627066927662,0.005621176540381503,-0.0022556060752388805,0.0017498127570678697
2017-08-02,0.0009142283169403136,-0.0037602519063503026,0.0015815664305424632,0.004395208404079691,0.002781129381834458,-0.0007240353532681753,-0.004900527601782256,0.004288218114777611,-0.0022607053381007184,-0.0027354353350624062
2017-08-03,-0.007519786277868971,-0.014113575735051722,-0.0035624498488086875,0.00495737182035704,-0.002258996622177343,-0.0009061099834884808,-0.0024592990111637213,0.0050108816816123265,0.0016330961722428672,-0.002742847099567741
2017-08-04,0.004775006948870229,0.0032042998870673964,0.0067180983753504266,0.0018887668790675773,0.0022589966221774676,-0.002722652714439597,0.0030731995460181916,-0.004452885880254967,-0.0022623486499811643,0.00010982190680325409
2017-08-07,0.0005498922297307102,-0.007646468606177498,-0.0015766682305558299,0.0,0.006056825654515378,0.007424178554875096,-0.0006139005348545169,0.0031561705720400232,0.0021368461195423014,0.0023042075698435204
2017-08-08,-0.007905370641591742,-0.0023054398524106233,-0.002764965043876487,-0.0030533168157989743,-0.001381057066953867,-0.003795415856947082,-0.004616385335257456,0.00406939697999163,-0.004655927761870142,0.0005478478519724971
2017-08-09,0.0009224934134854073,0.0009230697797530463,0.0,0.00029178020192503,-0.0005184515060143518,0.0016282339244982995,0.0012332580800215938,-0.005182273781295088,0.0011344444809920113,-0.005822679720988161
2017-08-10,-0.01149872948088363,-0.01066412155014945,-0.017961018206876057,-0.012746834263220598,-0.019903022797372293,-0.004167326163551957,-0.008974219658338617,0.0031495522699271947,-0.01255193105310553,-0.015097738954025415
2017-08-11,-0.0024277247844327176,-0.006546805565169659,-0.004035478461356895,0.0005898073131103089,0.006853600104111717,0.0007265757267765823,-0.006549269222514867,-0.005936847273017836,0.002802827723918929,0.005132115391801318
2017-08-14,0.009305790850836548,-0.0029761996578373333,0.01365471548153722,0.010408166062966281,0.015811276901805976,0.004886205306414319,0.01644731712492578,0.005751908558557031,0.006721202367226884,0.0070970729734556506
2017-08-15,0.00018511567211277358,-0.0037719821466940732,0.0007975839182975425,-0.0021898360047541074,0.0015502646461504753,0.005042398281781043,-0.0018483528000168045,0.005535280289684547,0.0,-0.009213627646990952
2017-08-16,0.009768675000699688,-0.00965089937409027,-0.0019949292533952704,0.0027733230919648535,0.0029218556974970424,0.003406901836555544,0.0030786402364943563,0.004039415291993488,0.0027760742844317276,0.005116701963989306
2017-08-17,-0.015340666064597823,-0.014250462473835098,-0.017321502862516786,-0.017496973188369878,-0.019758064816272188,-0.009171461271998424,-0.007095189896119548,-0.007172413467495235,-0.012555225090676877,-0.01610603106653637
2017-08-18,0.0003723657539076051,0.00498649340855677,0.00040627974152304685,-0.0040125800167801545,-0.0010508680180114423,-0.0027138731155891905,-0.007458171038130554,0.005888775605328877,-0.004604810986074667,-0.004973324922971889
2017-08-21,0.0009307314628498931,-0.005147863813279522,-0.002847247387357473,0.0016368841368924426,-0.0003504862311683509,0.003616689067603649,0.010240400274324359,0.0036634235547881523,0.004477113402656774,0.0018114218274022948
2017-08-22,0.012936667211715908,0.006590924637052417,0.010937554577554343,0.011382798439055765,0.014789429030391795,0.00018036092525537537,-0.0006174551120576174,0.0021909690168678757,0.012052130959460743,0.010687926735255596
2017-08-23,-0.0018377847949339779,0.004316995449075678,-0.0032282363950275677,-0.009452099418828349,-0.0024210258285734102,-0.0028917816954095333,0.010142747436006091,0.003277981947674118,-0.0075945235424824675,-0.008540958028154572
2017-08-24,-0.0018413362063102983,0.000638149801516909,0.0,-0.0031211939313284076,-0.000865935386330313,-0.013851331214334114,-0.0018363934787748747,-0.0007274920695960857,0.0029181092397275216,-0.002146968707101105
2017-08-25,0.003128048140073507,0.004454184792046986,0.0028251403180519427,0.004752122343671105,-0.00017332039270371455,0.003298224427452984,0.004889887314962523,0.003270192958042533,0.00025339047052631294,0.002485206967644266
2017-08-28,0.0014686585211451165,-0.004454184792047052,-0.006469726335016215,-0.0005928884005862476,0.0019048020981831451,-0.002931069856612313,-0.005196398755002132,0.0018115364313225648,0.0053056422243903945,0.000563976495665874
2017-08-29,-0.004780901070382374,-0.0012764413169283767,-0.003250536132711119,0.0072376330711070675,0.004315023552602704,0.00347962965387725,-0.0006129907434705768,-0.0021749311991533233,0.0018878485074848863,-0.0009022147562091275
2017-08-30,0.007345937161915547,0.00047846903578719827,0.004061704264251809,0.004112392214339698,0.00720790354350666,-0.00018287865073293708,0.0045893138433797925,-0.002906798190211797,0.005142539544765874,0.0071971720389372145
2017-08-31,0.007655949150713351,0.004775754393344828,0.0012154742585818584,0.003365088871484281,0.005967128248600575,0.0003659002532173656,0.004871863214455058,0.00018215133770807464,0.01687180063176272,0.004695325549308831
2017-09-01,0.006515887826864217,0.009640661308964944,0.0028299808966834993,0.0008757654054093244,-0.0008503914259992527,0.004740785466005621,0.0,-0.003097423642162705,-0.0007381421973461514,0.004562586928503914
2017-09-05,-0.011430901181088622,0.005489728015120573,-0.02162922757979572,-0.01012077870754447,-0.008885920402386232,0.0014543010043106329,-0.0009116001134530083,0.0025514192355823866,-0.004317924825797268,-0.0041161545408500075
2017-09-06,0.002551479427616834,0.01613699236515621,0.0024722390941192707,0.0010314400956409869,0.0008578355382190305,0.004169416276894497,0.0015189758351371327,-0.0045607482471235715,0.0048099713974936835,0.006223780339404511
2017-09-07,0.0016369002502580826,0.0018451732744227268,-0.017435322540637874,0.0020596290018210298,0.003423931054345179,0.001445976955652011,0.007561001543051276,0.00746887653032103,0.011013381498867665,-0.008679862579250644
2017-09-08,-0.0003634322067732345,-0.01065710385904636,0.009170987451385162,0.0033746653986983562,-0.008237258559146064,-0.00488903508397981,0.0003011863013552875,0.004707301974065165,0.004493078973879425,-0.0034703933502207686
2017-09-11,0.01300326079634511,0.009427167533650345,0.017277154551367014,0.008605122507256688,0.014031616476675363,0.006152573802859984,0.007203075240316341,0.008454290563840028,0.007723546140257956,0.005257216136444539
2017-09-12,0.008398526379380336,0.006134185571135994,0.01175727207177214,0.004780923414950821,0.0023761668695729795,0.00216275599413474,-0.01082416336705635,-0.016797824367027366,0.0021619300510066085,0.004452122446478434
2017-09-13,-0.0003559457164892248,0.012458657839018585,0.0016113197884278132,-0.0014465698833825186,-0.0013572090692862634,0.000539872111967721,-0.004241099717666624,-0.00493045523027607,-0.0037255441007296463,0.007193353302820923
2017-09-14,0.0033761779742680492,0.004819868545132495,-0.0020141249207981746,0.004765046530497594,-0.0034007133682016394,-0.0019810736104873294,0.006958279457825866,0.008385148076551933,0.0013236422755433296,-0.0054182792533114385
2017-09-15,3.560137647738459e-05,0.0023570347636457946,0.0029516204091966447,0.004130272230030435,0.004076970055103752,0.0017403077254940869,0.0035158848361857863,0.0014073647650206568,-0.0032036812908305236,-0.0028070519135125
2017-09-18,0.005513704144196057,0.004243524733367442,0.0116396811754445,0.005604510450459496,0.0008507651857035034,0.00144745508678499,-0.005765269661980172,-0.010280856680688823,-0.0002425061712855328,-0.0034647716235843545
2017-09-19,0.005130255687062292,0.004075118906305754,0.007552991480463375,0.0010022331277857652,0.004412981230788325,-0.003079035269737078,-0.010093549291790384,-0.002032076859664389,-0.00790277890515882,-0.0008961167114462799
2017-09-20,0.003523276568998174,0.006755177122874837,0.0059229949024753184,0.007275338507737665,-0.004072666070831431,-0.009660110567576968,-0.0027704105438282425,-0.007423970289931528,0.0009760729679177852,0.003355981153029466
2017-09-21,-0.002112364310858758,0.000299392025036578,0.0023596209765176547,0.002980528231605343,-0.005456081021725334,-0.009569276217429711,-0.001542178204419352,-0.0001864188438867423,-0.005135476614102768,-0.0016764436872941004
2017-09-22,-0.0035306600047251566,0.005072411521740271,-0.0011789383421237421,0.0025469306264372274,0.0005126566338008213,-0.002963081685686017,-0.008682485650029942,-0.008232337333792594,0.0,0.0016764436872939892
2017-09-25,0.0017668881965619296,0.014331024162146815,-0.0011806826343939325,0.0,-0.011860693811843785,0.007207105570054395,0.0037298942185650277,0.009163712631344119,-0.002946086919745186,-0.002124143534840747
2017-09-26,-0.004422606338644582,-0.0004398461806766673,-0.000393841453873405,0.0,0.0036246229753015267,0.0023906956490769684,0.0009303432437173609,-0.001863060429718394,-0.001599324550573844,0.00011203649433581658
2017-09-27,0.0,0.004246672365891328,0.012135700508301359,0.0011304156495445937,0.010114179781055718,-0.007744902008718808,-0.008404493315790068,-0.013519074321763792,-0.0003696386975706349,0.005468380963164466
2017-09-28,0.007066939457264866,0.0008766532969824959,0.0015551982798275921,-0.0005649235997436619,0.001193030746534996,0.0,0.007164053661955978,0.0035853381255735463,0.0008619526845747633,-0.0012248860468849516
2017-09-29,0.0,-0.00014604219285670102,0.004651222057577382,0.0029621397057909642,0.0067911109906684764,-0.000740925407419436,0.000620412163221408,-0.0007537999262720041,0.0058905562316049764,0.0037816752387797217
2017-10-02,0.010856364814948295,-0.000292068377754876,0.00847142715214039,0.006877685791324218,0.0015218191808400385,-0.0018540068678747329,-0.0037288139558064423,0.0016951575717171407,0.0101040886733495,0.0018851209017320086
2017-10-03,0.004171134982052685,-0.0010232720211019721,0.003444760017141903,0.004326739132737148,0.002362385321407967,0.0011127987714344878,-0.00031139601586341754,-0.0028267355772030405,-0.0002422741779955652,0.004201644694728446
2017-10-04,0.00034675819504810924,-0.0007312524945133029,-0.004595741372246255,-0.000278421814158843,-0.0006741480305047523,0.0031465909017118097,0.008682485650029865,0.009952389731885156,0.004834153813229632,0.005172839599206245
2017-10-05,0.006049508982079649,0.004525696087970451,0.010311449696478863,0.0023652205669716,0.009567623596221255,0.004425820821512767,0.0030822948023485164,-0.0009349505741284894,0.0007231435372880454,0.005582343323891459
2017-10-06,-0.0022426146691504954,-0.008484386187987471,0.0011390107523614594,-0.00013866600508121143,0.0015023044539511842,-0.009985206136038137,-0.0027738257951505758,-0.0007481606899108966,-0.0013264284845081148,0.0012001692255083987
2017-10-09,-0.00017286166508832627,0.0020546221419167395,-0.003802384398850159,-0.002783937970465193,0.0024991353890633974,-0.0027913704946628186,0.0021577975092955093,0.0013090307053328727,-0.006292839999098481,-0.0031668569741094598
2017-10-10,0.0006905642277742027,0.0008791585463152407,0.004561146365900538,0.0015318274486950372,0.00099794936363484,0.00872039710009604,0.0015390860912379463,0.009672957486887358,0.002304245311084484,-0.000984750861410118
2017-10-11,0.0005178251600081645,0.0023408912010292504,-0.0018977727194119398,-0.0005569631097802156,0.0033187736400047854,0.0020303231468684927,0.005519592227260227,0.00424825637032056,0.0019360832365385413,0.0005473143592212578
2017-10-12,0.0018961416132888451,-0.003659878866849188,-0.007627827202842519,0.005278269834527713,-0.0024881504349587584,0.004231707036621244,0.007009125193789188,0.005148094102032032,-0.0010886388414732165,-0.006697167664241207
2017-10-13,0.004810289142276384,-0.0005867934990419993,0.00038240777257935664,-0.001802435920256518,0.004804934153255777,0.0018337669884121593,0.00272947385202111,-0.006992752584421663,-0.002544811268956267,0.004834948182884623
2017-10-16,-0.0006857469398572365,0.002198742545229767,0.0064852155902409845,0.0011096321366284446,0.0036298989951350715,0.00036661373156329514,-0.004857405840763707,-0.00221866390985018,-0.004377595877346724,0.0013149051221352174
2017-10-17,-0.002575766790125103,0.0005855050858117553,-0.004955504484210296,-0.0026377264142680924,0.0,-0.003670700916432858,0.0,0.005905227130007399,0.013316133704960265,0.0005473143592212578
2017-10-18,-0.0024099144124192775,-0.0070492733460371685,0.005335550934837252,0.00041704583427442965,0.00246707284074418,-0.0012876218253319593,-0.0018276080239326639,-0.0018419047377677361,0.0014420478368304028,-0.002739481324732083
2017-10-19,0.0037846273652081073,-0.0030998229846073908,0.0007600001659430085,0.0027745468677514333,-0.002961492078406474,-0.0053528637473546515,-0.0006101266791433135,0.010452362849952665,0.006105215127428699,0.0
2017-10-20,0.008548554774531546,0.0019197744300639857,0.01170471728061148,0.010748223550072761,0.00673289477740548,-0.002409125538268437,-0.0015265588640411892,0.000729106561934193,0.0010736805154095551,0.002410983520817732
2017-10-23,-0.00187464741370478,-0.0051777368227441745,-0.000750984819609746,-0.0063246555823118535,-0.004757706267532152,-0.0007425755251442632,-0.003672809545742284,0.000547026786713624,-0.0025070501212142837,-0.006809421808352543
2017-10-24,0.005612817996338523,0.0019264385851509407,0.007112021455877186,0.005639467794211375,0.002791765948927026,-0.0035335328731588562,-0.006460565919980827,0.0009104110091884047,-0.00671579358894358,0.0024213252542756914
2017-10-25,-0.005271718529655121,-0.006982011793176356,-0.005985923717585486,-0.00992409826610202,-0.0054260589321835865,-0.002799020019330177,-0.002472387284793628,-0.004377880170543003,-0.001444682106321686,-0.0038548606719933155
2017-10-26,0.013211487012790483,0.002084505713006869,0.005613049906647374,0.0013841692965297944,0.004113485969358116,0.0007472015554979159,-0.005584670076390303,0.00018290885985325914,-0.010051367002695275,0.003525356395252433
2017-10-27,-0.00523007194565725,0.0017836507523735572,-0.0007464995639234083,0.0004144753169691017,0.026573249188937352,-0.008625673233542864,0.0015544019799936203,0.006195270983472792,-0.00024388271259927053,0.01603686137279412
2017-10-30,-0.0047471060412790445,0.005184115444199216,-0.004116074454389076,-0.006937567892334686,0.002235917238218481,-0.008510542251157091,0.006194186373992586,0.00018174605249794316,-0.010770970265118555,-0.004555803430610254
2017-10-31,0.00271559902247765,0.0032449076898441007,-0.002628207058863663,-0.004046059166481341,0.0042982614468163646,0.008322153670163056,0.0033898928641751167,0.0010888778017090607,-0.0018477710897712063,0.00010874309346787312
2017-11-01,0.004903224165157156,0.011274808810925319,0.0015026182518467512,-0.0005590856381288396,0.00015902610417686694,0.0031968888697533546,-0.0009236263476817369,-0.005640100772382117,0.002462720223086256,0.0003260682886137531
2017-11-02,-0.007279094707948758,-0.0029163206400238213,0.009340698467510808,0.005718789767197567,0.000476333827699652,-0.0024435473937639593,0.008586791736479315,0.0036426158146260178,-0.00456097481206398,-0.007526511284284899
2017-11-03,-0.0005095975401301099,0.002916320640023714,-0.004099035206104803,-0.0009741951290707155,0.007906393123886043,0.00018815649243010245,0.0,0.003629124131576158,0.008243828405691263,0.004042986105507166
2017-11-06,-0.00425868156999765,0.02260217190681046,-0.0011210464675044667,0.0005565626467515889,0.002202433135298361,-0.010784745518768285,0.015151459434850145,-0.0038109446728444166,-0.0030677411797936462,0.007279790116323552
2017-11-07,0.001023590630912735,-0.001281944080313237,-0.013928281390283351,0.001529426434945991,0.00047177574962717773,0.0111607719273255,0.009280184224779917,0.011928368231103595,0.0020873251818588475,-0.005971673393621279
2017-11-08,0.001022929516364286,-0.00485788990579467,-0.00494026910726627,-0.001668369427276859,0.005482762924232616,0.010851472534094048,0.007421943259159899,0.0007182863971547537,0.0023279576719622643,0.0010880703846713404
2017-11-09,-0.008554483389993973,0.003003260722277958,-0.0034340721855808166,-0.012603532778773567,-0.007999363513407876,-0.00018596634152058615,0.0,0.00125607425668241,0.00012219828918203415,0.001521870454415129
2017-11-10,-0.0015477101478737218,-0.005297337700709732,-0.0030630225093048746,0.0014083935145894956,0.0,0.01018438055287489,0.0,-0.004672943630676144,-0.006506284847780769,0.003361732554534808
2017-11-13,0.005149254710290449,-0.005758758296657318,0.001532641138531792,-0.0033833956833678688,-0.0003151107180838746,0.005694889581635188,0.002953106880494856,0.011819867800230628,0.000984832201494503,0.003350558580794619
2017-11-14,-0.009115022851668323,-0.016303106755654547,-0.0003829830186339862,-0.0026863960467807153,-0.0020501850914322606,0.0034741738171342263,-0.0008846790093737778,0.012385204642442246,-0.004068304656836912,0.0008629591541634728
2017-11-15,-0.006065312513913639,-0.011364750821956827,0.0026774637909995,-0.005679481901308113,-0.007446637284204709,-0.010644092080504193,-0.007406550437287356,-0.008653492707151461,-0.002845539476236475,-0.0043217237237357315
2017-11-16,0.012094058686797332,-0.004015639092646576,0.00038187363372583024,0.009353835531722482,0.013898060713766626,0.013742944030417805,0.0038578781142971684,-0.0031978837367696122,0.010352976954497703,0.00830232815079731
2017-11-17,0.001372983973498393,0.004905754518999,-0.0011459730353183596,-0.00551663695855844,-0.006451423429561863,-0.0034639312843062664,-0.005941698807290917,-0.006963613960092614,-0.003931590288373667,0.004392566428901781
2017-11-20,0.0013710239530812822,-0.002375566930430361,0.004576374566517382,0.004528679374924781,0.0037815445911646125,-0.0010961260435882144,-0.0023865240031675505,-0.0030507461354795534,-0.00419374957574994,0.0019228099404357212
2017-11-21,0.0052952075797822505,0.0022273912337516786,0.0030394075005084264,0.007175611556960975,0.010481226013083817,0.003285129719581089,0.005362050767052888,0.002692375395731617,0.008737919725775997,0.006169498920254634
2017-11-22,-0.002729651083847272,0.003996698701554231,-0.0049437711030366404,0.001121167267326437,-0.0018692385441368118,-0.0012760302133105457,-0.0032734836096325083,0.0,-0.00036771878508075556,0.0009540307024452219
2017-11-24,0.005111681567012063,0.0028030544791652016,-0.0003811203515198878,0.0,0.005596751415658294,-0.000730154488155225,0.0035703913191744044,0.001611702565442005,0.0023264257336940734,0.0025393199626915375
2017-11-27,-0.005965826383096721,-0.010217210522642973,-0.0007631042190414197,0.0016786274688457082,0.0,0.0005473814621277455,-0.0029744906359467425,0.004285987942381644,0.0008556284734895537,0.0007395641951020911
2017-11-28,0.011051434954282137,0.007709789050992738,0.025623153742860623,0.015123692081550238,0.003250791902714853,0.00817818001896197,-0.0023856603612214394,0.004622177928786376,0.0073046464396721794,0.01102650804982434
2017-11-29,0.0015205458600043356,0.0054494016514497505,0.016968222005151648,0.008774279150699402,-0.022346552839724372,0.005235061146057426,-0.002391745880847173,0.0005319288154960345,0.004961189094766608,0.004272801574761249
2017-11-30,0.005556270329418774,0.014871379102215278,0.006562007963146187,0.016918612013953113,0.008810829254087727,0.009140967925879994,0.001196359950434834,0.0033623570804415122,0.007455232680123942,0.0050829203751370945
2017-12-01,-0.008261233786870284,0.008358444236758175,0.0021778830870569565,-0.012424419865381335,-0.005182668507946865,0.0024944225101681977,0.0017922778898954665,-0.0033623570804414663,-0.0020385517315255545,-0.0004138916716089545
2017-12-04,0.010273810771506306,-0.0004306269462497659,0.015113721464887448,0.00838970113803544,-0.01619072518605468,0.009388122942560447,-0.01321732585968327,-0.005688962937603923,-0.012320535938058381,0.011526226571812383
2017-12-05,-0.005039400548672298,-0.004316578469239967,-0.005371762976117213,-0.008525276673757484,0.00031990291262645965,-0.0015880593482885217,-0.003938915616612777,-0.012738916271262345,-0.0017031484289056534,-0.005746677213025393
2017-12-06,-0.005911719210384414,-0.013062511313829846,-0.0035969776372876522,0.001493669597269525,0.006378573379931272,0.00633707749818794,0.0015169109210303384,0.00378448519593511,-0.0008523949546819672,-0.006504486853094589
2017-12-07,0.006753296000748399,0.0029173577867274455,0.0032377891227279277,0.009185688110758681,0.006180325751153562,-0.009697734984078818,0.003932573023936563,0.0017974556318747896,0.00024376882167282847,0.002586359329778031
2017-12-08,0.0,0.009135336310330566,0.006088087767076204,0.004293583683697521,0.0047278187283642985,0.002654316041204149,0.002412739909560329,0.0032269434783013568,0.011145048728463027,0.004740972163623974
2017-12-11,0.001345051434912408,0.007191055642708195,-0.0025025563880758175,-0.002010639950924974,0.008610835031844543,-0.00017668453175437998,0.0024067797972482288,0.006067298531723107,0.004207492458228813,0.0021572189836571273
2017-12-12,0.0001683084860464099,-0.002726549276831207,0.009971596800469792,0.001072852246473782,-0.00031178798824797353,0.00017668453175429463,0.00449707296018262,-0.017226514119475917,0.00395081293742211,0.00041062270446532475
2017-12-13,0.002684463837349418,-0.001438029946272037,-0.012479949453406271,0.003879189635741463,0.0003117879882479975,0.005638664641502111,-0.0002994199673411737,0.0027113546873483094,0.003459081175046138,0.0008198057148424188
2017-12-14,-0.011120518709518053,-0.003603871288749599,-0.006479494471149398,-0.006831330152128401,-0.001247865162116841,-0.0044027462356635615,0.0008973069417835361,-0.0012645584418315397,-0.010173052589043918,0.0030696754232706082
2017-12-15,0.005907609673970081,-0.0009021496726364412,0.00895746153862042,0.007029311996675422,0.01134019634468099,0.011279933578874241,0.0031686132635391816,0.003660027991636329,0.010942781273852602,0.0043169313390991025
2017-12-18,0.014618493603211649,0.007683509132273767,0.008949374284445753,0.007086533681913121,0.008790350962765318,-0.0005272354824461805,0.003308909901936203,-0.011149005666834593,0.0003579845226950532,0.0089422075452503
2017-12-19,-0.0011684173831318298,0.0014425724617109438,-0.004285705488170192,0.0002669555002439142,-0.0061604551341638645,0.0012302299716777986,-0.019100292254232914,-0.0183625207830635,-0.0011949340458630219,-0.001316064523018671
2017-12-20,0.000334230685157156,0.014032385867146297,-0.0017909059186718515,0.0033241948766559886,-0.0003089956790099107,-0.0017581624166277997,-0.010770845000886497,-0.007893130878344977,-0.0032330830707112948,-0.0019263419677816877
2017-12-21,0.0034996218835835874,0.020964302157266485,0.008568229598583171,0.0007966210104997516,-0.0020107385522740904,-0.0007042319905769588,-0.0034093350062553516,-0.011958133129007018,-0.002281805356628995,0.006474083901984967
2017-12-22,0.003818986316235291,0.002086551360410297,-0.002847821157761857,0.00026520562282065585,-0.0006197789585217951,0.0015837414377756728,0.006498464528024285,0.0015265432135431545,-0.003251414695703609,-0.001917509523179843
2017-12-26,-0.0008288674552920946,0.008715532442967551,-0.0028561138418965065,0.0010607003533295968,-0.0066849338804576,0.002283411588635607,0.005230181391981423,-0.005928060346798783,0.00024160798481704748,0.0022201136362084233
2017-12-27,0.0013259777368789618,-0.0033113883282474936,0.0010720784918821172,0.0023818619596382346,0.0010911151760392688,-0.00017553914655721819,0.003980975158635681,0.00421049986374099,0.0016865612238997614,-0.0020183695251506082
2017-12-28,0.004462164291131698,0.0015192248242190834,0.0039207008372020135,0.0019802713180731226,0.001712566038195083,-0.0015803203422325867,0.005789993812655211,0.005523237812193191,0.001443664630106477,0.0027238957588221827
2017-12-29,-0.0018156206684359043,-0.0029018237596728797,-0.007140150881975404,-0.0018484400577247382,-0.005302415427060468,-0.00017609866054508675,0.0009111166246120147,0.0005696936473539734,-0.006149543215654232,-0.005859864229675387
2018-01-02,0.014108069251214049,0.01633389887099777,0.00035798936877539153,0.005928884703174929,0.012277707174337796,-0.006170865143858176,-0.005784782367675046,-0.00934506220050689,0.011185390057227646,0.015085043754727306
2018-01-03,0.0069800179267072255,0.014865278949718662,0.005358331144211066,0.005372138686763977,0.008306413977774093,-0.00035396615058897374,0.00030543532295179097,-0.007886905497240101,0.009522608173432775,0.0045806246497027015
2018-01-04,0.00869691596150501,0.0060181384514210855,0.009219966450871657,0.007290678140889469,0.00504240114861952,0.002826715681502204,-0.017241723657066953,-0.008338921167062738,0.001420866832672285,0.00327343609672131
2018-01-05,0.007986043668081875,-0.00040018601382933917,0.002819557018583282,0.006851773076264143,0.010461835069648177,0.004401320997122652,0.0021712897201298163,-0.00038956552380369045,0.008481417862682545,0.007890885470107776
2018-01-08,0.0014307334692383366,0.005984235732008004,-0.001408706180220132,0.004114149019816962,0.003763557900437459,0.002455830748106995,0.006794472957273468,0.009308035784303285,-0.003642714522542022,0.0011784549397289052
2018-01-09,-0.001589893990627534,-0.002522182022156518,0.007724805866994048,0.006394641888309883,-0.002557695029572073,-0.0014026171295070792,-0.011453437129600424,-0.009892909727884019,0.011703901243108227,0.0019606601494561136
2018-01-10,-0.0060642800889761025,-0.0011969303306907616,0.00835924084224244,-0.0001275108021313745,-0.0034709777950470127,-0.004925298417785908,-0.015689147234675047,-0.010975778205705916,-0.0017467435354422997,-0.0006857210081837413
2018-01-11,0.013040784507136083,0.020287851835081874,0.004844513457012352,0.01266994822004246,0.004073519963447152,-0.0014116112494376625,-0.0063449635825280045,-0.0037519078112500754,0.00430358226645157,0.016138949976996886
2018-01-12,0.0015789204676778957,0.009604181896197802,0.008934733112287162,0.00927281541460496,0.005854646654783394,0.0003531946907932568,-0.007347460773758599,-0.0057534496660225426,0.007631423079325034,0.012840175172737818
2018-01-16,-0.011742528724911517,-0.012739100563570348,-0.0027405793707952534,-0.009021461489523278,-0.00389949379361133,0.004578960477966819,0.0047980314673811185,-0.0021910995873371413,0.0049403142022705045,-0.00716657053126449
2018-01-17,0.004618136444726843,0.00872687556615057,0.007518803193623217,0.005522639627066028,0.014914534369034595,0.011356833436924047,0.0057268237252732414,0.006162569563083495,0.009581101294510373,0.004783415772294795
2018-01-18,-0.0006357696400101598,-0.008203753595676775,-0.0013628569409732288,-0.005396765728606858,0.0017747874069056024,-0.0029580036942484914,-0.009563276553277418,-0.006361944913476744,0.00022730263113295037,-0.0008594699439589377
2018-01-19,0.0060230911980577746,-0.001308567723167703,0.007134366552377736,0.002890515272235205,0.001919682084852657,0.011089988142966524,0.007021945219130492,-0.00299580580458693,0.0037382429891967264,0.008654949241026376
2018-01-22,-0.002373048275004618,0.021372864705666007,0.008091719129748548,0.0,0.009686869574948848,0.007553919625603753,0.009496992656198307,0.0013994691339600089,0.006536593845197224,0.011018623203117313
2018-01-23,-0.0001585511029865798,-0.0015393918643481258,0.0010069513866104679,0.0005015549573100646,0.004372877338685948,-0.0032548516454226524,0.0153195363360785,0.00954275724918985,-0.004842244210472138,0.008393856962969628
2018-01-24,0.004268670100128283,-0.002698863307670741,0.006686651545159726,-0.0008781339076089423,-0.007737735993610521,0.0020570094749666505,-0.0027959626695390704,-0.006152881212250349,0.002930826282972039,0.004263309531018096
2018-01-25,0.0066036282103581635,-0.00788199560930612,-0.0020011784086922833,0.0010034558697871218,-0.0017605715746905784,0.0005136530039862676,-0.002180473410347631,0.015409071476279373,0.008517744969262012,-0.0017587843772967667
2018-01-26,0.004378362807097719,0.005433633967407012,0.007318404227023259,0.011471966479085422,0.015732269355598277,0.004780252443034463,0.002802448308981266,0.000588488654031793,0.021308580119323507,0.009772414079219065
2018-01-29,-0.01145548364846687,-0.01521012630550989,-0.003985080937436919,-0.006717722147227754,-0.009147147933566468,-0.00392512979784175,-0.011571487893275808,-0.012817326595978194,-0.0027348446612425765,-0.0027559126480974786
2018-01-30,-0.007286669289183848,-0.02037899819395003,-0.013063498083555542,-0.007893999595378644,-0.009083979041190947,-0.006691347369307863,-0.004097833890142602,0.0017845508437111844,-0.021255766337585517,-0.004980336998299426
2018-01-31,0.0007946310249844275,0.0006684272030841828,0.0026935192401742443,0.0030144333013424774,0.007478159200959109,-0.004658510906327155,0.0203228941649848,0.01103277575226719,-0.014312927198615995,-0.0032412554213810357
2018-02-01,-0.013755599243045237,0.010234386832855933,0.009371147997347238,-0.0017570396121681772,0.0008762707489262933,-0.004333509000792454,-0.01842956647637034,-0.01579864042800724,0.00034044800299200793,-0.011193007246629619
2018-02-02,-0.026603098306908816,-0.04268586390795514,-0.022230609911686777,-0.02030816517201328,-0.0300781907750028,-0.01929184199503103,-0.011414433480454593,-0.007191211223382864,-0.014169873490326036,-0.009613782412995297
2018-02-05,-0.038956176469686715,-0.042859807888005766,-0.051723888062330664,-0.046452845411304046,-0.04271667655995967,-0.036978058477365565,-0.026168352568967733,-0.016576024841096562,-0.04532075179888216,-0.034296574359456954
2018-02-06,0.032151532055489894,0.007891681979335341,0.018127397043436976,0.01810248926699334,0.02832324603963152,0.010965301027896555,-0.001965827093513526,-0.014991824857890348,0.011018287147065113,0.025258776694298164
2018-02-07,-0.0090330602279964,-0.016862752799211587,0.0007041443016527861,0.0018450296300795593,-0.012901278993203376,-0.004371806747714356,-0.004602180170144974,-0.0047703285258569525,-0.0011916964014885086,-0.003062563153639447
2018-02-08,-0.035751627454114476,-0.030699062371842254,-0.04499572702466446,-0.039341707089808164,-0.04231101228160308,-0.0217759528805142,-0.03180186190424027,-0.011289858675768105,-0.035316972385195114,-0.04069416730279016
2018-02-09,0.017265664725084482,-0.000749662497321269,0.018964918218915692,0.010761060443725786,0.024216568562212538,0.0020500666820406355,0.02319799600049706,0.020808173153359175,0.014106094345890632,0.006667017361387369
2018-02-12,0.01999740246695217,0.016216872660898884,0.013991285336293879,0.01599339126367455,0.01778538478157728,0.01018828804626524,0.002655448124354387,0.007590416024773978,0.009335185877545608,0.013495547794822904
2018-02-13,-0.002520059053690969,-0.004140978589678297,0.0042658190905127775,0.0022638151715442655,0.002470948822770949,0.004596644939840893,0.007265359004626513,0.004486106504942597,0.0007239406811813025,0.005172656092190333
2018-02-14,0.013366921568358203,0.014418542627591607,0.023489160082237562,0.01255885522623427,0.01818895930248786,-0.0005502524268933383,-0.0062717037850240805,-0.011253329865827057,0.01127108963196018,0.015838055624227788
2018-02-15,0.007441221761949567,-0.0024864187926137765,0.005529134652626071,0.014995106821585,0.018905636428323744,0.016384664037778246,0.009228928839529282,0.021978928835650644,0.011027451383377624,0.008871198955902106
2018-02-16,-0.0036310924225635534,-0.0024922171043613305,-0.0013797664613060326,0.00025871966802250306,-0.0014876665885278247,0.003964806867713975,0.006540331742661052,0.00881782171486817,0.007167409293572659,-0.004855100597293776
2018-02-20,-0.0044742189440919195,-0.005446290138601634,-0.0031102565555638836,-0.010143091632237231,0.0008927671452453809,-0.022922465242021368,-0.010155769212600073,-0.01305364675754963,-0.011066531744892335,-0.003058409192041282
2018-02-21,-0.0034939495134731695,-0.01696986446011481,0.0013835991744640278,0.00026140382939363185,-0.006415207627193852,-0.012034129270768495,-0.018611281639720246,-0.013226300698839547,-0.004152101138477594,-0.0014367987364055
2018-02-22,0.006644678444028654,0.010899310381620685,-0.008330845334485732,0.00664213140533469,0.001196601305756078,0.002604369880408564,0.011340871234678189,0.005107808542447052,-0.001546741809692233,0.0012451444876728647
2018-02-23,0.014627421518856714,0.021449768284422004,0.014877001099283612,0.00827311894757463,0.02071377209357671,0.009613683093020745,0.01807774337521775,0.025750252839152516,0.015828527357051574,0.013881546222552629
2018-02-26,0.0043956978577532795,0.005941560333384968,0.014996663770906447,0.013680227169182463,0.0155467332956079,0.0062360609557794554,0.003576480773141114,-0.0029833909775996586,0.012577228713722292,0.008368158690589579
2018-02-27,-0.013903887831022147,-0.013089178022996207,-0.009517295493871794,-0.012651207345992066,-0.010143231447363933,-0.013252315678306995,-0.021654224148358894,-0.016064741672859987,-0.010470401233675803,-0.0213879449291505
2018-02-28,-0.017949528086239532,-0.023251785887390155,-0.014101795807433646,-0.01437705183553974,-0.007162101005825596,-0.010430618526789748,-0.0013275147453218838,-0.0069060855830029065,-0.016151105524680544,-0.004506377740624893
2018-03-01,-0.010282479899964222,-0.0014995193358820255,-0.01747060092813456,-0.01976376302543446,-0.01671515085405305,-0.002248873132637681,-0.004994186855571547,0.00020396539430983933,-0.016053778811436957,-0.01082031445691843
2018-03-02,-0.0010169972414911194,0.004640892892543229,0.00246434663574822,-0.00026620465579065103,0.009501200672730048,0.008408895344280257,-0.0033433685620788667,-0.002653083073322521,0.010093649021398218,0.0009708121661333321
2018-03-05,0.013142475262757565,0.01054908673497688,0.013966654201352067,0.011907873090130134,0.010143353891022088,0.008707518742119417,0.013967611646806082,0.020227324185984105,0.009045618891652566,0.011865316637557117
2018-03-06,0.01098729841934949,0.0005911464952806451,0.00415208542257862,0.004462188917311027,0.002191404783223601,0.0007376938761152215,0.003955231972115771,-0.01350705738013308,-0.0014228489691572215,0.006881001775028407
2018-03-07,-0.0036491605574372286,-0.007561740809029864,-0.0017276967361754317,-0.00013085238755980192,0.005530488768496594,-0.009073381771215373,0.004267068997514545,-0.007537940405399631,0.0050890351677234215,-0.00678501384852527
2018-03-08,0.0008303819863726568,-0.0002977325855316421,0.003107954214022229,0.005223983300606537,0.004344414458788966,0.009073381771215387,0.007830486194075776,0.00733470260066193,0.006706601433834375,0.0031592070393920133
2018-03-09,0.017935533584864095,0.018876808929123624,0.023851355870779627,0.0217782930906575,0.018754185509707047,0.00643060181348721,0.006478889763600815,0.002838174260902172,0.014319779331099947,0.015365879809091354
2018-03-12,-0.002449139103929392,-0.0002922512573851017,-0.0033725211457689623,-0.012441243694015993,0.0031152208190324757,-0.0018327621681067643,0.0048316270150794245,0.004242115081039165,-0.0042861339660113336,0.0032889205944346203
2018-03-13,-0.0040952260712141175,-0.007186325974271807,-0.011211444990607805,-0.004916974044986923,-0.01151804141943026,-0.0007343086207410161,0.003208137136401028,0.0022150222427240653,0.0012764207330644625,-0.007061080522252884
2018-03-14,-0.012387874260328141,-0.005904799410181289,-0.01133833693819542,-0.01095455958744779,-0.0008585329267477935,-0.010150593188440374,0.0019200662091616054,0.010205093455409398,-0.004881635070370416,-0.0012287818176321393
2018-03-15,-0.01321640228488345,-0.005195699701753589,0.0003454815116446012,0.0028805175256167216,0.0005723583270710191,-0.007073723204468114,0.0,-0.0005974891063126186,-0.001632385242016005,-0.00104123796017408
2018-03-16,-6.736185417568233e-05,0.008879126382330365,0.0008663753988773317,0.005329132821462674,-0.0010335118344943417,0.00035666810144649837,0.005228019317111663,0.008734495335697227,0.0,-0.0010455332970256556
2018-03-19,-0.014474737271204324,-0.015571599464402083,-0.00730047759719837,-0.007734138234681646,-0.02002384812211738,-0.009813106199021166,-0.009966446650472506,-0.006188196923580169,-0.016293445479285185,-0.012532753599014346
2018-03-20,-0.0010294954922535362,0.00841484372457452,0.0024391872368900542,0.003415242525670985,-0.00044000584001532687,-0.002848579403785927,-0.00032310578707100594,-0.004616144526952807,0.0014276198206844618,0.0059513187060108415
2018-03-21,0.011268555516506623,0.025849258866026237,-0.0003480249657192061,0.0011797421246249793,-0.00602973682546514,-0.012439178918488888,-0.009091158781260506,-0.0034257843246632614,-0.004288049257664101,-0.000766174152006186
2018-03-22,-0.03033675593152152,-0.020625804568190766,-0.037606550107976235,-0.03356734652394717,-0.026154216071702926,-0.008315253643879245,-0.0035940605796222955,0.004431022498820077,-0.02919136378951856,-0.02149115813159779
2018-03-23,-0.019795734040438155,-0.006121853052364804,-0.030839219830927012,-0.014738025141841983,-0.027012243395947357,-0.01250477131074048,-0.015836470174084016,-0.014167330857320326,-0.02099063791076993,-0.019865849295286366
2018-03-26,0.020320798417635743,0.01781281318536756,0.03192346929073748,0.023907628749042783,0.03725635265509406,0.014250908165893257,0.013542611742536029,0.010341939019249275,0.02049879312672147,0.029118951500612722
2018-03-27,-0.010196991985535737,-0.009460559165059276,-0.01969449159869841,-0.01392217742450705,-0.03259997395688318,-0.0005816457084573575,0.0016390772448931304,0.014221180837350515,-0.01187536989723646,-0.019779272160305943
2018-03-28,-0.0128049492958182,-0.019648255462450765,0.0018401137365832711,-0.0034085862719859064,-0.006680685955714068,0.013676645263693856,0.018176303108240293,-0.0003974255233262151,0.00533637766089905,-0.01223834471830614
2018-03-29,0.018970619131155317,0.020835931964180536,0.013511033756078485,0.014507806179257014,0.01960387576838705,0.006863694528401411,-0.00032157015308221756,0.00535740097711614,0.00752233263120101,0.013918200482227677
2018-04-02,-0.02201795792145044,-0.02023021597981783,-0.022373783542533186,-0.02081010481071894,-0.02413472748950438,-0.024815956811892546,-0.012301815511448086,-0.0077480165983803825,-0.022989403352150137,-0.028642235027888818
2018-04-03,0.014083617685321521,0.021119688242094,0.013630738709951306,0.013785698040146534,0.009816886469175534,0.013157705569163127,0.003576449640596054,0.0033849561779168767,0.015095796197051016,0.012619524035064947
2018-04-04,0.006528498075649762,-0.0013349462575334046,0.010555071375256632,0.004328620530110631,0.013859120083865709,0.015451285804793696,0.011616904341613101,0.0021839583999823235,0.014139519588266715,0.018191969929356153
2018-04-05,0.018470782028127956,0.017798853375402907,0.007933883540474801,0.010071856536950493,0.004120430703664119,0.0024573284194264406,0.0009620178501562509,0.00790163882459351,-0.0007329549609958809,0.013308862369543139
2018-04-06,-0.024645311560395875,-0.018243964379800442,-0.024360654768249872,-0.02804874020672713,-0.024825785650222403,-0.010248607892911214,-0.01030944273651058,-0.007901638824593583,-0.024362932554433916,-0.021518978762394364
2018-04-09,0.005470590210128175,0.004739982366936168,0.005505681207660523,-0.0030274582995198614,0.007776260975822221,-0.0005723430921715725,-0.0003239193229514443,0.001981392171857334,0.009841391511939327,-0.002386127630254109
2018-04-10,0.020382237206075883,0.0325659300452966,0.01489590008321952,0.01518395347942111,0.024333212895130407,0.002287860215327966,-0.006826085450336062,-0.007749652432710989,0.016718369998117783,0.01207291115535669
2018-04-11,-0.007442605445456961,0.010387700543337488,-0.01197206277518418,-0.007358134760683707,-0.005913745783120116,-0.0019062316557755471,0.002606046278860071,-0.0013972196372760207,-0.008201282038610314,-0.0030535846326326583
2018-04-12,0.010541815918768339,-0.00014157810505637796,0.01736661774888447,0.014258110172914203,0.011943716041486127,-0.0015272984121658308,-0.011780283886235114,-0.013272248846124065,0.006737408043982853,0.004331666085067516
2018-04-13,-0.001032029031012575,0.010982806094739207,-0.015178911566372353,-0.00243026916906779,-0.003311989340634423,0.0049561374292759995,0.005252921894833724,0.007863823072128849,-0.0004885413562240301,-0.005615706112825165
2018-04-16,0.01333370371548506,0.01017061081270502,0.004360461934626804,0.009951647452663661,0.007660626934747107,0.010779839517172039,0.004573647622442509,0.013564703646019173,0.007908289120849885,0.007480433495250778
2018-04-17,0.01131281231443095,0.003874271180037444,0.0,0.00839498335261303,0.01838429493545396,0.0022547592997745882,0.013275129432062055,0.010054366290110427,0.0077257917019002325,0.01845967676440045
2018-04-18,0.007193657535732242,0.015618363691207535,-0.004724828359221479,0.010297238358710265,-0.0026475877472376293,-0.007535540800908244,-0.002576348194326255,-0.003733772512410278,0.0008409325769086944,0.004705911134877896
2018-04-19,-0.01123126674896019,0.0012230088345421709,0.015184560896833392,-0.0027617245959566657,-0.011108697204380374,-0.029360482054569485,-0.016911132917222273,-0.0005907889852191129,-0.008445872962163736,-0.0031668152283488233
2018-04-20,-0.005409166699912293,-0.00476356348861979,0.0003587170941337023,-0.004355717783930056,-0.01394859857851126,-0.01688952931204288,-0.008894795960759675,-0.009103623312197683,-0.005345484425244365,-0.010240307712782127
2018-04-23,-0.0028855173563322413,0.006120319516763872,-0.0010765375472102927,-0.0011910654868259596,-0.0036314239945099834,-0.0011889023499505854,0.001983424018131905,0.0005962877341459112,0.0038905915370277796,0.0021336970786229757
2018-04-24,-0.027398876727986163,-0.010769533263181957,-0.0064843193120401,-0.028341439091742287,-0.017585552033407444,-0.00636574027878716,0.0009904449414097221,0.006732581053995295,-0.007551726256712579,-0.015920498661519615
2018-04-25,0.005401165959102746,0.007917981322401058,-0.0007230108341703061,0.0028572569540240575,0.00015402077035179827,0.001794340299042157,-0.0033048638172485227,0.00019751191211116702,0.004513343049176828,0.0041266048948638695
2018-04-26,0.006235781931119704,0.014445314078848522,0.0003615707601671275,-0.003675423922612512,0.018037861986137254,0.005958268509057737,0.012827156527751675,0.010012717682738906,0.012579076102489449,0.016048313968857066
2018-04-27,-0.002593447298397865,-0.010644878162366643,0.0014452979256850192,-0.0020468001759463526,-0.0018196584247779052,0.005332377320055505,0.013309767207937199,0.010106843810729233,0.004078102512047335,0.004524751288854604
2018-04-30,-0.013069804140657275,-0.00013547882728553662,-0.00906627898339836,-0.013341782533352827,-0.006547490677508755,-0.006322881808585111,-0.0038774558221692265,-0.0029049383536166686,-0.01544063228821326,-0.0039459957162968125
2018-05-01,-0.0008774292321163156,-0.006115401640835328,0.00036436642459466653,-0.0045799882785952945,0.012448832556113471,-0.008759914673625016,0.007096875371137361,-0.0031079177833695714,-0.0004863558988083182,0.0013493135194681829
2018-05-02,-0.002284625560294612,0.004081160294230949,-0.011353627505769345,-0.008801614803260556,-0.0010565901823983092,-0.019790480882974068,-0.004510127383353742,-0.0009734354523566586,-0.013839281557017281,-0.0068611423847182605
2018-05-03,0.0045644364909277315,-0.0023108743666588813,-0.008507469109525566,0.0023826508266336535,0.002262907204050845,-0.0010202165128736513,-0.00032313932147878485,-0.0013638103281744245,-0.009042854581284579,-0.004470229545023014
2018-05-04,0.0123595213902105,0.004886774615028547,0.012917773516024855,0.011552807801186227,0.018809573398230712,0.014391797960764166,0.01124157694344765,0.0044749407387963975,0.00793274175897061,0.013063374317766462
2018-05-07,-0.00034583428049991485,0.001353449511968951,0.00657895667467541,0.006620769181759468,0.006926321941717686,-0.006258390655609579,0.0019143609600308846,-0.005255206263905534,-0.0014827184515149258,0.0033589341802551793
2018-05-08,-0.002079233138709931,0.007812318855296494,0.006897789131470958,0.0071232180378742035,0.002200677122759488,-0.00405819403539464,-0.007037526988814577,-0.02529784758175047,-0.007570661464686514,-0.004224441542507101
2018-05-09,0.014292133774812794,0.020189177678460037,0.014724628140728547,0.010725730852237974,0.01223452590050375,0.0014220930530750675,0.007675019631851448,-0.0070302190764021276,0.005714437146406592,0.0034577018109388097
2018-05-10,0.007155008650110192,0.007467396971526767,0.008166060741743761,0.006729450049123466,0.012943773826658908,0.005870992988425113,0.009196014262266879,0.014011554052899361,0.013288969121222885,0.003636985865849756
2018-05-11,-0.0003393168625802357,0.0014342573156777992,-0.0007073313445082872,0.0021442406657239212,-0.0014297742621986313,0.0,-0.004746018897596748,0.001390086716381538,0.014802790939285475,0.0020999114553043193
2018-05-14,0.0038980181033868907,0.006883986423693848,-0.0007078320163009216,-0.0017415964150907428,-0.00014318428667733918,-0.00040383747438102685,-0.007001848967737764,-0.0037784213487861372,0.006602342769314208,0.0019048779672607111
2018-05-15,-0.003049408813480751,0.00025828291925816333,-0.0017722873813143826,-0.003357709839552288,-0.009490661738387097,-0.003844132082833939,-0.017072518978482193,-0.008403048648636125,-0.013006549175480185,-0.005821628898127593
2018-05-16,0.011806508297930061,0.0034882479412429446,0.0017722873813144245,0.0036255031749244117,0.004468978244982736,0.007069893618914479,-0.002602248279304994,-0.007867291056053743,0.0055605101156226255,0.008292417226393685
2018-05-17,0.0023448012233627667,0.014974155925501588,-0.002126822518372007,0.0038795124865591384,-0.0051916821920774455,0.0034159372132589144,-0.0052253913899742085,-0.008133301510578492,0.00036164119762274017,-0.0033278716471212763
2018-05-18,0.0013372185443201062,-0.007779175879850086,-0.008195393601583117,0.0058584720000364405,-0.004202061905314077,-0.006237861274958327,0.0006544850194963964,0.0002044262547920476,0.00252751785651269,-0.0012389062029369057
2018-05-21,0.005331585991657218,0.01019011183757599,0.00712984961609807,0.015019687219298545,0.00867402658834265,0.004230286029338497,0.010092916143381031,0.005089847827261121,0.00096102612047971,0.005515902411001926
2018-05-22,-0.00834294022033462,-0.013396117097136447,0.006727075664597532,-0.012368332987833686,-0.0014401592445570624,-0.0018108706004705275,0.0012949673367243216,0.003648770811543506,-0.0019230818594775244,-0.0044672016183235855
2018-05-23,-0.002348960734819103,-0.00012789350839210846,-0.006371689276795224,-0.0009270820126622747,0.007324744533687412,0.0036181829778551573,0.008055311259319927,0.009064593884154686,0.0032429865657000235,0.00721316214768037
2018-05-24,-0.003533100658447245,-0.01657887578268633,-0.007843054466245574,0.00489132451191015,-0.0011453403275903226,-0.0008027833546070301,-0.0038582718381241768,0.008187422036595298,-0.003965373028620439,0.002173261610798681
2018-05-25,-0.005408100681190362,-0.026332811612305863,-0.003226539627076903,-0.0018479089933044943,-0.0007165930448689517,0.0016047329856380239,0.0048207587840967915,0.004366145671423869,-0.0014456026302147958,0.0015083752614060092
2018-05-29,-0.017436506210168908,-0.003088743467908275,-0.03396347063445693,-0.016115618868216205,-0.005462811161228255,-0.002207576560192955,0.002561419103574602,0.0,-0.010301239599848282,-0.007756373935040066
2018-05-30,0.011658104035118699,0.029813361768344905,0.018038745902706856,0.013999285362272924,0.007324744533687412,0.013966735840060002,0.013026440704626843,0.008085984057285294,0.01487205786956356,0.009074348180181177
2018-05-31,-0.008387120767812057,-0.007600753561159427,-0.00842675323785887,-0.01453627618653697,0.0002863070828085727,-0.01617929188875304,-0.0031613238015511295,0.0015703151988884793,-0.010981466332535859,-0.004810149710857712
2018-06-01,0.015181363869558996,0.0047243812221848865,0.010976792010618219,0.010955145512700805,0.016880706118594657,0.0,0.004107862130797959,-0.015415396137309134,0.011461612739215019,0.007348072560055452
2018-06-04,0.005739765084279508,-0.008678737056221245,0.0032698319267213164,-0.0014620959096112746,0.007986216602339807,0.008221958694601066,0.00972897220654391,-0.007998215100808548,0.0037121370907111074,0.011107388897868654
2018-06-05,0.007545910292157791,-0.0023798835835830245,-0.0043618864114871245,0.0011965352760858834,0.0034823011695574876,-0.004603775716745978,-0.0050098300737336605,-0.005234024597037142,-0.002033751893785958,0.005831107856171422
2018-06-06,0.01837357692924375,0.004754543855784984,0.01805109853317884,0.008338429153476587,0.006515084376529976,0.001202873107548558,0.0028210828114764277,-0.02410232135092136,0.011194524873755668,0.00927742067093945
2018-06-07,-0.005097571384186611,0.015038010166074858,0.003214696880515789,0.004208829723171592,-0.00804544959607427,0.0061932811906910004,0.0,0.0070047416103154415,0.0013016808394160052,0.0029215808193129647
2018-06-08,0.002798440657297573,-0.0019488978461322908,0.0014255667627951758,0.0032755312838851024,-0.0016730845285794836,0.012272387162372472,0.0034370784926597876,-0.00041064075948758793,0.005778769010829202,0.0020946334664168785
2018-06-11,0.0014786403333275275,0.005188411184441663,-0.002139112959400156,0.0019607738677174386,0.0011157772154385948,0.00822927412302166,-0.0003121512746914287,-0.002056039922083818,0.0018792937782420045,0.0039946941136248535
2018-06-12,0.0013122115824773738,-0.0076618791984181004,-0.002501150683910691,-0.0010453436689225686,0.004865425869020059,0.0019489663890659887,0.00560037805325825,0.011459074796213515,-0.0005867909406039506,0.004791481987525697
2018-06-13,-0.010878429512180434,-0.003787705036877253,-0.0035843580894221612,-0.008004956085798962,-0.005144310918729814,-0.0031204124973722757,-0.022592748650288996,-0.0026484309422556813,0.00023494242658657203,0.001531668017409554
2018-06-14,0.0014901929738698019,-0.0014405039138666127,-0.00937966545891839,-0.0038276731594448408,0.0070838494823785006,0.00175633190998876,0.009475760169155998,0.012366997838690347,0.0051527753227221754,0.0103908796837968
2018-06-15,-0.007006860839107377,-0.021712288983539323,-3.639590955472729e-05,-0.0024996755762834023,-0.0038269664771972485,0.012770572878031025,-0.0016181018189460076,0.007090319960389469,0.0019443435659996006,0.0016424039447100079
2018-06-18,-0.0025144285472355585,0.009927557247086027,-0.0018216478348540535,-0.004135117443414005,0.0011149957887984462,-0.01465885583797816,-0.0009529702945771278,0.0032245451846902224,-0.009641517872636382,-0.0016964878302973174
2018-06-19,-0.018464244249164374,-0.0022718701383887085,-0.002556153583910712,-0.021346550263713574,-0.005166576301718406,0.005301946777135877,0.0012706614601923488,0.009810937430955586,0.002595916767618701,-0.0012514238211135276
2018-06-20,-0.0032539165563847663,0.004405564419517683,-0.002562704253147908,0.0006826409983686003,0.002097484793078195,0.0009786046416832396,0.010735731845198035,0.0007964935337470654,0.0021189589174309383,0.004730164950332265
2018-06-21,-0.0106914042594118,-0.018689450276375995,-0.002936799575605791,-0.012634434838101791,-0.007712689983975102,0.0019544326748151698,0.005949490848174701,0.0033788096510967217,-0.005778595017414744,-0.0071485196615301925
2018-06-22,0.014458030194486118,0.019754449778306683,-0.0047909551141325805,0.0034494068072896907,-0.003243913245908363,0.008168268465006057,0.008703908275580154,0.006920298450099939,0.004483970040050129,-0.0017055501141133046
2018-06-25,-0.015672380784579745,-0.020297650256531016,-0.010770563016271578,-0.01275158159543348,-0.020981222546580136,0.005023498986316328,-0.0024792639873690648,0.016416256966583758,-0.009226338333923792,-0.021978709968518882
2018-06-26,0.0038116526084393497,0.012549971082736968,-0.003366493827030197,0.0037591854880043235,0.004030599481059509,-0.004248924627011063,0.005261031846740096,0.0011622946120689926,-0.003094529511902493,0.0071368951543789765
2018-06-27,-0.0031174799532313175,0.013320997428601287,-0.012441437802197308,-0.008093003097342231,-0.013741310283481389,-0.0021311149178977677,-0.00278176785937105,0.004828467803367483,-0.00849967443666388,-0.013031105767681172
2018-06-28,0.0038088582543616633,-0.0013239864151943976,0.008687631921960488,0.0014002256465052308,0.012159780517461496,0.0,0.009855130140402067,-0.0003852594047173124,0.0013219488987071544,0.007820490071798431
2018-06-29,0.0034499703113473655,0.006208087676089977,0.0,0.0020964566976774744,-0.0004319756856001531,-0.0005820685337711079,0.0024488329824307515,0.0015407093981066322,0.002038556323981804,0.0017399905601228592
2018-07-02,-0.005352702003689915,-0.014858212450314654,0.004877147429718631,0.002231007134161905,0.00888491247058026,-0.0058386623849585855,-0.005825599916549871,0.007095877905352648,0.0031106570261133634,0.0013714307774276339
2018-07-03,-0.0017326005699852339,0.006262066658007032,-0.009022682876113861,-0.0032088755253520873,-0.011911962748412852,0.002339484166541016,0.005825599916549997,0.002862118797470866,0.0023863816932386175,-0.005037700796046588
2018-07-05,0.008633983670553612,-0.0010630893896735798,0.0022633767738272498,0.004879384431398258,0.014050324530035052,0.013731967232760121,0.013060289668445932,0.005321312825860131,0.0103134449589462,0.0049465206924275
2018-07-06,0.00497371270541154,0.0060977243085241105,0.004886230288645605,0.003470290575351531,0.011606679766755286,0.0030688216804813915,0.004215536430350593,0.00774081789478218,0.01428632291398129,0.00782741768057817
2018-07-09,0.008857384159123285,0.014822575004983117,0.022614545797199438,0.0183992777734973,0.007570446701855756,-0.003837320298160706,-0.00935856433711897,-0.03132998694528271,0.0072975499299704275,0.011896378807824244
2018-07-10,0.008443140598567184,0.007394626392969145,-0.0036723083835962316,0.0031248421592134324,0.0023712874558005363,0.011847784984772807,0.004841135510521759,0.009464349911449434,0.00380184536610627,0.0021476411371050483
2018-07-11,-0.016958098875565958,-0.02142450016225857,-0.004794570437680778,-0.01654797120304825,-0.003909057146113309,-0.003234585779343248,-0.003022971494541839,0.008994091224603368,-0.007965451651791007,-0.002326905465043723
2018-07-12,0.0023914174930998087,0.0017148950922436235,0.0018469502618457612,0.011653275443424316,0.015683119579314446,-0.001334898362193588,0.0024192875220116505,0.0007615137645831748,0.011064856302543414,0.006608984876042427
2018-07-13,-0.0005120743084595974,0.005258922585319636,-0.0044382773541216235,0.005165437388156652,-0.001102511867447382,0.006467876747676686,-0.0033281816885807392,0.0001906812240588693,0.0018327629593552965,0.0022228932299272427
2018-07-16,-0.008055640902396856,-0.011606340729697349,0.017634679614928726,-0.0040759442784083985,-0.0023460871366167407,-0.004751905922333063,-0.005469119684102274,-0.0009521949886420799,-0.006083153805012202,0.0024838929930374614
2018-07-17,0.012993857566785796,-0.003987631309723878,0.0010921009188282734,0.003940700545590822,0.007433919376889683,0.008536582770286268,-0.006725905913588874,-0.0007622795371397666,0.005510458345328148,0.0009740361108149148
2018-07-18,-0.009386395714784898,0.00066529378002744,0.015879071009711077,0.01092448322349257,-0.0016475262234027003,-0.008155655468043324,-0.003687735805266674,-0.005161130985540833,0.0008009446731479692,-0.0006197908958687846
2018-07-19,0.0035944948349943954,0.0002662507038911258,-0.015151772979000106,-0.00040236409569922795,-0.003578092280929823,0.0005709402315410264,0.00949885382065905,0.00915670085624537,-0.005620632305680935,-0.0023053870352089307
2018-07-20,-0.0041091161270680136,-0.0034656543037206323,0.0018156131852949458,-0.0010740745837849446,0.00027589312933371733,0.006072527375287265,-0.008883463997197966,-0.007050884031988641,-0.0019577049659773027,-0.004448436174823601
2018-07-23,-0.005504859896102818,-0.00441639270398363,0.01369406694025948,-0.006198652380234233,0.005086793547820453,-0.006262864175890899,-0.002772891590262667,-0.007101326872135077,0.002072803735924887,-0.0010706138219969393
2018-07-24,0.012854897260332508,0.01252843190134441,0.002859365478310395,0.004181530781821217,0.005470401951651446,0.0019019181854107467,-0.0027809854283574404,0.003461114990114308,0.009045932599993,-0.0029498729477846508
2018-07-25,0.007803096172645029,0.008309868112631652,0.0021387972033535983,0.015095935644286115,0.012469493575107557,0.007571704897199149,0.009852325771438152,0.0028748294565174035,0.012685301751828018,0.007314160310968376
2018-07-26,0.005728844002896492,0.010843401057648647,-0.00035635882030537975,0.007661028069166974,-0.015474527573586349,0.00526623410107636,0.003364676125269245,0.010661028392565391,-0.002817750698175243,-0.005257207433777314
2018-07-27,-0.003703149386765586,-0.004296929353638726,0.002135464192424966,0.00013167987212102982,-0.017247713734098325,0.0013120386206768495,-0.009202653881182096,-0.0032244601566745463,-0.007249387264132824,-0.002594456964807089
2018-07-30,-0.0018565789987156655,0.008187965620022249,0.0007109139898576886,-0.00991633715242318,-0.01571075747435219,-0.001124750778008784,-0.0009252234084585377,-0.006097835252464062,0.0005683289500697171,-0.008003902876446551
2018-07-31,0.009081731300498441,-0.0018139097840224364,-0.007130402948783319,0.021816799818233642,0.0026827711543680128,0.004677933966335842,0.019246463984455776,0.008943399658221602,0.010398858033428203,0.004683928325155592
2018-08-01,-0.010265159549131916,-0.013971951562351561,0.0,-0.013612509044177061,0.008983521763807966,-0.008435765116551749,0.006634481278394544,-0.006461436054860918,0.00022491021188640064,-0.0049548754286006655
2018-08-02,-0.00661849534745166,-0.005537760797030893,0.00035765113475739714,-0.0013183471556249978,0.012498294517582088,0.010114114584092355,-0.004820639583219322,0.004944692566557899,0.0037032949681473377,0.006840754768662214
2018-08-03,0.009490077342636781,-0.005169816498382055,0.005706269876920691,0.0009232662119035306,0.003581882381833817,0.011672479287240927,0.012903150453136046,0.0111314665772162,0.005918555561176286,0.003402798429749915
2018-08-06,-0.00033723705379439423,0.00371436353597924,0.005320054927961887,0.001449126859832839,0.005348713340622617,0.0009204954238009347,-0.0020890227836023296,0.0007499452119945962,0.001780072709541854,0.006682514966891908
2018-08-07,0.003368390186348269,0.00738787420771324,0.004588288975033737,0.007083709171609735,0.0038228278224691653,-0.00609150874392534,-0.002093915510699244,-0.0015008184785244587,0.00011091954540560654,0.004606958712933197
2018-08-08,-0.004212659497855141,-0.0072554985689433,0.0024612972844907004,-0.004454186956681239,0.0027214802402149574,-0.007619818901484845,-0.006307211632655876,-0.005271133008181182,0.0015547720732933584,0.0010603545717947993
2018-08-09,0.005388826896889249,-0.009311313178231874,-0.005989072645893471,-0.005530338171315539,0.0004072381788179615,-0.002989692586652743,0.0018061979580549846,0.004519786879588356,-0.0011102494811976425,0.00370172525652621
2018-08-10,-0.014549281200615816,0.006128596038360834,-0.01172931515235926,-0.00888508607930605,-0.00804632777471862,-0.003749552737608206,-0.009670698857433177,-0.004331184008255026,-0.00434172147038556,-0.008392390141766277
2018-08-13,-0.010105292300096987,-0.01283263772517459,-0.009699956380287074,-0.004806882666668411,-0.001370248982007834,0.0,-0.0003034414195368131,0.0013203248227379332,0.0003345664592975365,-0.005069875727502737
2018-08-14,0.008399650410752867,0.0024187913781918047,0.009342433114132806,0.006936111728250576,0.006151444223623445,0.00692560754435068,0.003941100097561073,0.0020707447832350604,0.004673568618055146,0.00967213000014803
2018-08-15,-0.016002991434763587,-0.03551786684057681,-0.007899381101295419,-0.004796750180153175,-0.009035127049021622,0.004095219979374184,0.008736346437994664,0.009173673007934924,-0.0016667222035256063,-0.012261417639025175
2018-08-16,0.006052715477086353,0.00720497507081287,0.013250113937507543,0.012608371096761628,0.004390774790528748,0.014203054655701671,0.007767938465616523,0.010750616820461037,0.009737991071871536,0.004905014059879923
2018-08-17,0.007386345910579116,0.0024821630720958054,0.0021321138383024883,0.006049020679507944,0.0015051608547532766,0.007662881938623227,0.00947877179719003,0.005149178221117295,0.0030784877199766703,0.0008893278945282931
2018-08-20,0.006992714018985597,0.006725840300754861,0.0031895930602800393,0.006663171603296405,-0.0015051608547532157,-0.0005452836134961479,0.001178782090540516,-0.0034908786637514425,0.0032882303480701804,0.007084843578420197
2018-08-21,0.003900975212167071,0.005048276432588796,0.0038849292547340104,0.007395721985891784,0.0016417793408837575,-0.007117598325127094,-0.00917023575755231,-0.007204587881074036,0.0,0.007911662093829683
2018-08-22,-0.005091599016774738,0.011906936459103448,-0.003531044184646274,-0.0097424433964893,0.0030025729176089565,-0.006246422312520372,-0.006260425663895343,-0.007443228834843689,0.000984145415211451,0.0010501890439200562
2018-08-23,-0.006829505715634225,-0.0047185655102347235,-0.004609202629407039,-0.0028757140473018574,0.0021781624990090493,-0.00239876134157831,-0.002395161657504627,-0.0007473245335730893,-0.00032800435259262503,-0.0009628169159400046
2018-08-24,0.012936426733925121,0.007270768722033474,0.00354740647692797,0.004310475855338044,0.010012466483549566,-0.0012941082208711623,0.006870879429863866,0.004289803167163441,0.004799633702603251,0.005848692317224991
2018-08-27,0.01360544280462668,0.0073514373762920545,0.013366438900549405,0.012564223760362713,0.009112681391192267,0.0005546616298124211,-0.0014899029939423913,-0.006160880295350198,0.00358502191517444,0.006420408468818985
2018-08-28,-0.0038442459240311294,-0.0042708106549327815,-0.0010488817388684378,-0.002061403278062113,0.0017326486251511418,-0.003333116658515282,0.012150317874151413,-0.002061907994273565,0.0005418940897730591,0.0019872533557296064
2018-08-29,0.0075083742503072445,0.006133641348851438,-0.0003496138806473982,0.0007735663147629912,0.009015043837800813,0.001112186725503728,-0.0014739464592619935,0.007291873191595261,0.006481709005445716,0.011157807818548865
2018-08-30,-0.01187226309419953,-0.0027953343606248755,-0.007727506424659796,-0.006983960013854758,-0.0030402392388212593,-0.0031549231982358483,-0.005323680340299932,0.0003726149268957704,-0.000753830137064072,-0.005735117032028401
2018-08-31,-0.0030320237176966205,-0.007761371382558388,-0.001058658895392482,0.0006485822376955119,0.0007938415701636309,-0.0003719665126338824,0.0038475581555757797,-0.004292658707823028,-0.00021548445465342594,0.003941169667445638
2018-09-04,-0.006941880316220836,-0.0021519158709775625,0.004929604451022319,-0.0007785974887128485,-0.003843133965285706,-0.0013023613308474715,-0.008901824978933267,0.004478642502415768,-0.008008204567605814,0.0018795402190545762
2018-09-05,0.006604001824376078,-0.0013470676534755588,0.0007023494587811739,0.007113975264871982,-0.012560189322555168,0.011477643594250096,0.006239448533301215,0.013867278357427907,0.004012024441868305,-0.010812197672356165
2018-09-06,0.0020231533094899504,-0.01864130416357651,-0.004573295014411076,0.0030885185060502323,-0.007287669154775844,0.0027567470115203606,0.003252940427953673,0.005676214895091641,0.0,-0.0027645803431372426
2018-09-07,-0.0065903831621022336,-0.00013732122141937696,-0.001058658895392482,-0.003088518506050169,-0.003391873326406678,-0.0020209977766882225,-0.0127766279909037,-0.012308434819779591,0.001514012957644553,-8.647865700413998e-05
2018-09-10,0.0011860842662576945,-0.00041207684323093824,-0.0010594681948710338,0.005142206962300912,0.0031210977518682176,0.003488597482974385,0.005368138039855282,0.004978149943399607,-0.0025966402815154744,0.0037135447811042885
2018-09-11,0.0020299230291809475,0.009437042278186761,0.0010594681948710078,-0.0002563550617485165,0.008499480408115592,-0.0036723544477571977,0.00029741939132657693,-0.002578378480183045,-0.0008668898975063821,0.007984768961986816
2018-09-12,0.0005068941522719027,0.005159732889422284,-0.009219932981641551,0.003073043658018902,-0.0041736293627474726,0.011522773680713827,0.000891727792257539,-0.0009219693223837911,0.004974878552715014,0.001879350074934626
2018-09-13,0.003877750965318768,0.00040632469054878163,-0.0014259174098677325,0.00599147943671005,0.011668123609467219,-0.0014560296441555683,0.00621934276746448,0.00753861222795099,0.012330586436072499,0.0017057077599263142
2018-09-14,-0.00033644254869366234,0.005265661776852149,0.007109968051586402,0.004944472104531522,-0.0008005232966474814,-0.0027354719983767686,-0.008598905235441408,-0.0053262196639875855,-0.0033088484543798238,-0.003756236377061721
2018-09-17,0.003528212482784559,0.0016145523454074375,-0.004259691437249562,0.0003793248437172887,-0.012622485197996284,0.0036457496180853097,0.005642297828056172,0.0033093936745370502,-0.0036419011493724167,-0.012479249988420338
2018-09-18,0.0010060350969063295,0.0065659532207251745,0.004968009749837316,0.00906133138743295,0.006331103220283859,-0.004193880408485473,-0.005940160125580642,-0.0018373885491303737,0.005777879908023133,0.012650428530621299
2018-09-19,0.010832429106384349,0.003067427245775025,0.016848149320201504,-0.0008774348602235823,-0.002554277548807256,-0.0018286164463897862,-0.009577997648423327,-0.021937963653321246,-0.001387843848757246,0.000427361867189805
2018-09-20,0.010716563676338359,0.00026635700440974747,0.00866428977612262,0.0015035163863802296,0.01177690980549192,0.012551266016480997,0.007490843661522921,0.0020657573196707743,0.009675160965448603,0.006814949912944108
2018-09-21,-0.002160803888130493,0.006586152366009967,-0.00388935203254433,0.00644575846021088,-0.003959243107329433,0.0016007178948879458,-7.400324749261284e-08,0.004249198644651233,0.0013480807777552163,-0.004429126946818463
2018-09-24,-0.01413495709030825,0.014541171780068416,-0.011197084811709529,-0.017273228645326634,0.00494682772215235,-0.01538474339492881,-0.019802837465432488,-0.008897234179517466,0.002013668895841323,-0.006521250899039384
2018-09-25,-0.005205411187714437,0.006409850200850994,-0.0038778774922735987,-0.003056898970195633,-0.0012012181388549132,-0.005924031485254357,-0.0009232853026530629,-0.013785403955252105,-0.0030745777042136,0.004209351572635653
2018-09-26,-0.009982414567442132,-0.00969628120721622,-0.01208270582622947,-0.000638151509146394,-0.003745609583297501,0.0011133729254088815,-0.011149028836788009,-0.009881210006305275,0.0022271338853045958,0.0023118993264038645
2018-09-27,-0.008709911885772834,0.0,-0.0035815882001660315,0.0014030872976904315,0.005880002884580894,-0.0012988680072900764,0.0031096107221870216,0.010266640336045532,0.005072826483653972,0.00341538610674159
2018-09-28,-0.006366707300257646,-0.002768863577183385,-0.010460044564562641,-0.0006374426419558585,0.0037239081446182056,0.0014844682486015775,0.012341736100134133,0.014540095311910545,0.0030525227311573736,-0.000852893286353223
2018-10-01,0.009962517024313349,0.013768005166669185,0.003980474420235461,0.008762707644080537,0.004767749549837329,-0.0007420019399597362,-0.007695716978380182,-0.003424455822449764,0.00492737319607813,-0.0030758643810998142
2018-10-02,0.004263704682379583,0.0010412616618995971,0.0,0.0022728910674682332,0.00013180421006491987,0.0057359290773139815,-0.0030954027256048402,0.013440712204758634,-0.0011509112226310513,-0.013612619178241622
2018-10-03,-0.007173451908968298,0.008033121864919314,0.009345913465904588,0.004154484693263241,0.0030336105406294127,-0.010758829558070096,-0.011535368905775499,-0.01210753459685174,-0.001886220787722025,-0.0033888276933459957
2018-10-04,-0.004638953124527985,-0.004137776894979022,0.006774768394233783,-0.0032717274480688987,-0.018207330689404784,-0.0024274711121765797,-0.004714809913256343,0.005314825087567771,-0.00980357021545759,-0.015791209286811776
2018-10-05,-0.007432273575026349,-0.0001295753356681921,-0.00498733921160741,-0.005180865807166602,-0.012687765536154421,-0.000935113326756432,0.0003151419633198065,0.015218793677848058,-0.0011659776956938345,-0.007544417299611584
2018-10-08,-0.0005205404944603007,-0.0007782886949603562,0.00676263248878458,0.0025307996373752106,-0.011338140406801677,0.013752545178183018,0.01283070938584375,0.008355856344609851,-0.000424580199721431,0.0025804207605316177
2018-10-09,-0.0337161851917453,0.00890987960363258,-0.0039096569455739074,-0.015537647337663604,0.003565856045727611,-0.002217368895042275,0.0034144665137158274,0.004059898175114005,0.001696505191375024,-0.0029367406721531432
2018-10-10,-0.026561435766203335,-0.03186915065108926,-0.031473093547846304,-0.032747250289753276,-0.0496733552343364,-0.012096402335390232,-0.015930210461457414,-0.005540264201666884,-0.023903929195358536,-0.03427060432286323
2018-10-11,-0.01168317497944845,-0.03442804453867688,-0.030220563152234002,-0.02674687264775812,-0.012741265214198097,-0.025025208415533268,-0.029719591406785918,-0.018503718555512257,-0.027383823181275618,-0.01777365230488867
2018-10-12,0.002794381957874403,0.0027435635698781435,0.0011358272562911503,0.0066523906450225,0.03155312979987949,0.005551651949099079,-0.0006488822848640999,-0.001132192753066845,0.015269361079312743,0.018326825422911933
2018-10-15,-0.0033539808958947042,-0.00839119434588742,-0.00455073541287394,0.0018927331982277096,-0.016513049768782033,0.006090552908068186,0.006148080867388073,0.004710365105165273,-0.006941811569172771,-0.0023069851406174037
2018-10-16,0.01592319010525402,0.008254289716979184,0.016585582617277113,0.01674197903496687,0.029696960899569604,0.011133456498680494,0.01853640229871138,0.010285215630682746,0.02705187120948153,0.01985131514028409
2018-10-17,-0.006449788709025839,-0.0063222224397672215,0.010042755292938176,-0.007332026920094574,-0.004608388417209658,0.004680213253910209,-0.0028537672359494047,-0.0018623758408886787,0.005259410032561111,-0.008276725018232298
2018-10-18,-0.011341245431217022,-0.004976051631852286,-0.016794702330562256,-0.017410857039058442,-0.019791679544380027,-0.0013082672200343572,0.0003176434775471403,0.0014900165873959169,-0.01141250397204428,-0.019366317180670802
2018-10-19,-0.007131186608974486,-0.008907148431184996,0.003756662641758302,-0.0036824902686031433,-0.0004285984260298252,0.022560314932132418,0.0101072097125813,0.015512888642294503,-0.00913734999982571,-0.009825567301684032
2018-10-22,-0.007941040789433047,-0.011105567167021971,-0.021604006306764602,-0.0034220885941604285,0.008250338277077295,-0.007525442193958772,-0.014242901762140835,-0.006434476041556073,-0.008229682016628496,0.004035378022962504
2018-10-23,-0.009919844462291045,-0.026500400314931307,-0.008078616868942195,-0.01659091559597367,-0.003831989571206572,0.004412004535417172,0.0063552878481853425,-0.00554855168161815,-0.005413292832381698,0.00018750491104986496
2018-10-24,-0.032144345094363,-0.04028390280098813,-0.025426287383444563,-0.034464184858691176,-0.045829432471754465,0.004210007778231407,0.011652076549180889,0.024005072558213086,-0.03356967935982516,-0.030326925665390993
2018-10-25,0.012786250533411592,0.012167276063756904,0.015333235810565055,0.007045789071451184,0.0338121074015561,0.0023713315887518376,0.011826767906924551,-0.015693880366775752,0.012862623259799305,0.029764689050373744
2018-10-26,-0.0058810717096899985,-0.00749296558234417,-0.01454148787889753,-0.009935906756876896,-0.020208642843720773,-0.019317984207697897,-0.026333594351974972,-0.018563816665713745,-0.011374250670313361,-0.03160033047799953
2018-10-29,-0.002361989646949354,-0.018828804126761862,0.008671906484417645,-0.016782554053644625,-0.017033626783980398,0.011451823308920512,0.01638337355919355,0.013955047846781397,0.0025134213518661413,-0.008838908018482488
2018-10-30,0.022604129555412827,0.022881656297998317,0.017120821640297445,0.020393726348675447,0.011142003991679634,0.019640792708455857,0.016426788548788016,0.0038732068490360733,0.010668700694915784,0.014912384021376675
2018-10-31,0.013587239636853958,0.006123682947926947,0.013793376833704282,0.007613377467680257,0.023506084207542976,-0.009408231887951904,-0.013618210067288802,-0.011850177032993963,0.0013535662748699513,0.012797593389538776
2018-11-01,0.027743104017239693,0.00845137269836978,0.004555667604236212,0.017448605515332092,0.01162071628797342,0.007064353931535426,0.003732771361964373,-0.004480069275076465,0.012547804062158868,0.020197115437286445
2018-11-02,-0.0024061225812308106,-0.0025132627598586704,-0.0007579633555532033,-0.0016891741607339905,-0.019734242099845384,-0.005248474170657707,-0.00841789695760682,-0.0056283464932622195,-0.006253978274626384,0.004083266250571649
2018-11-05,0.0029605288434286538,0.016587541546269853,0.01579584694523937,0.005198573282523082,-0.0010187605525343462,0.01244281980708817,0.016457315072207816,0.014012135077735606,0.008811496673162942,0.0013885715782745198
2018-11-06,0.0163114782345355,0.004648109261163578,0.005210563533144329,0.010455021692767155,0.006242039670395686,0.006074693804783323,0.0055281702895439155,0.006656788447624389,0.005095401501917061,0.004429671697058608
2018-11-07,0.017836494384616212,0.016241519106131454,0.012907963674245152,0.016095411893237002,0.028954524162822695,0.005683626034339595,0.010965717707140974,0.011361860758825256,0.02896533946007804,0.026711777998404056
2018-11-08,-0.004294850029335126,-0.021908851748998755,0.0029274950497338885,-0.0016388758597371455,-0.0008440063449247908,0.0005314119277189925,0.002118245120643928,-0.0016413654762569426,0.0005366143542928854,0.0002691082864375684
2018-11-09,-0.014087401743786115,-0.0017506831706434606,-0.009176344411033219,-0.01016634757159652,-0.01745829805354983,0.005824588164673165,0.001208520086667408,0.001459212353834038,-0.002900677792695613,-0.013990068944866575
2018-11-12,-0.014842037305363326,-0.020947562341534234,-0.020112283492728984,-0.019943783437193427,-0.03585852912710512,-0.005293788548539843,0.0021112912604391632,-0.0005470100625112777,-0.013648335258663867,-0.02029192178314592
2018-11-13,-0.0029581206802878576,-0.02322568950059644,0.005627354307945061,0.0044978964687429224,0.0011867663125434027,-0.002302858499026426,0.0021069168578726283,0.004185183501834797,-0.007004651250606924,-0.00046366968829483
2018-11-14,-0.0011114624433452647,-0.001679960471944568,-0.013559584054272043,-0.003371402506424153,-0.012080035804853326,-0.006761359618967971,-0.0003008324184001719,-0.010404454628639306,-0.008049834475660905,-0.007545722071714427
2018-11-15,0.013623099523594123,0.014565921766222576,0.014681314193634427,0.013139545752211622,0.024747510943897436,-0.0016080972816949837,-0.00785000887954934,-0.00829092803894572,0.00881849770288844,-0.0014966310594269703
2018-11-16,0.010006835598582205,0.011829099652037926,0.0011204732705928206,-0.00027769415715787313,-0.0016117854250319264,0.002500488693393615,0.014145996299176858,0.015239362350684463,0.010045731918886414,-0.003940771137489255
2018-11-19,-0.01440495063498018,-0.0002975540366195012,-0.00037318714543189285,-0.015962234307595358,-0.0388626768146242,-0.001606745043277579,0.0026863391447200058,0.004363761569333164,-0.012793197748292354,-0.024746564936143686
2018-11-20,-0.018348923990416335,-0.03330642818799762,-0.02227792781525569,-0.020966337173367593,-0.02172502627199326,-0.016755667588631847,-0.013201510158048897,-0.004181553817658701,-0.009397868246527224,-0.02290691562089333
2018-11-21,0.008011157850046115,0.015580197261870002,0.0007633758830926573,0.0070378178422205034,0.007294264276437769,-0.008026491765430188,-0.0006042598762135006,-0.014866834522411772,-0.005681660780290385,0.01039750304884956
2018-11-23,-0.010820992941010767,-0.03187605556395926,-0.008044490430543056,-0.0020054989471935047,-0.009165065258859665,0.0034738641839798003,-0.003633247124092023,0.0005545170876596425,0.0014512912170700069,-0.004498878065234844
2018-11-26,0.011377456112486802,0.014909612259400672,0.020179329766167813,0.007287060007806997,0.02237576436367432,0.0012768535440083478,0.0021212579303434244,0.00589656228031891,0.009658750899521586,0.02219836123891083
2018-11-27,-0.012315880676828591,-0.0027789295908517957,0.0007540113372631793,-0.0017098058172843988,0.001981901516754954,0.008892192936207625,0.005432761262835424,0.0075043842178246865,0.010332049713933976,0.0029676377982786693
2018-11-28,0.015279013859223915,0.017013420059447594,0.01902672433636351,0.023676176915222637,0.03442943340903669,0.00827655305912377,0.00809515143855828,-0.0007297831990494606,0.02377192040183269,0.02910809602725484
2018-11-29,0.007185391884450047,0.006513885223915296,-0.008535903918744533,0.0005569610254703059,-0.009758984422699193,0.0016110972533126653,0.001193367403310301,-0.0003650474259129681,0.0033046374531848517,-0.004653165954383828
2018-11-30,0.00256719274057384,-0.0018136748381070602,0.005204506952161246,0.009696668114830328,0.009464486526531871,0.0064193864200076224,0.0094984063937812,0.01467842261109454,0.020124225501546127,0.0072490785616667166
2018-12-03,0.017426409591598392,0.021992270270794968,0.006283575742662357,0.011513318577873062,0.021838228294604477,0.0008885106258083205,0.004715763976777964,0.010023050098530564,-0.0048099268280413525,0.01853267965199097
2018-12-04,-0.03014212739901778,-0.029126975320087505,-0.04445184002502819,-0.04344858386851671,-0.038610648698139356,-0.017014910286872315,-0.01331962160239278,0.000712243500514024,-0.022577581065648767,-0.03666054326726206
2018-12-06,-0.01363135687679718,-0.018605909838827386,-0.013964596020578344,-0.005566296008208661,0.0022428037210388786,0.0010832218929480533,0.02704454647291146,0.0010671151025358914,-0.0037591904853813214,0.004797317586767585
2018-12-07,-0.024358482984928334,-0.00560305256293807,-0.019325913153320707,-0.026687646819915,-0.0358809571915605,-0.012711220967975768,-0.015196127846079849,0.0037264729295709183,-0.025834137337651896,-0.030393390995428433
2018-12-10,0.0026931132157803433,-0.015731375091680943,-0.014037126708460867,0.0024955691642224304,0.013683115493735767,0.0,-0.003835607280134994,0.0019462230649391354,0.0038573817427174834,0.000773590764581298
2018-12-11,-0.003271214929725639,0.0003173539400069111,-0.009740107936383522,-0.0058823176894898,0.001220932480973679,0.008190048964689424,0.001772236635609217,0.004057539170821532,0.0030754562250095477,0.0003866897726241818
2018-12-12,0.008636119746307597,0.003954579151715514,0.005693513119785582,0.0055891078181898165,0.007747753123469858,-0.0012699282310594077,-0.019065444191512616,-0.006358074864437234,0.008517155126358951,0.010477448683568005
2018-12-13,-0.011725100498651896,0.0031527606573018415,-0.0073261129789143,-0.002790521871902643,0.0016635098638980322,0.006151885565604643,0.00689349420992951,0.008644385260668115,0.0009782926270910587,-0.0049848396910892505
2018-12-14,-0.007764023869665152,-0.023084782124857796,-0.009852334742575117,-0.01392206351907065,-0.024779630121911672,-0.017100668647897926,-0.0017936658871526513,-0.0019340733309383018,-0.034253981464470444,-0.016764649973741066
2018-12-17,-0.017295962434296253,-0.018366953748973226,-0.009950553436009375,-0.016541760701390202,-0.0214456902423348,-0.02339057312676861,-0.03812018828252409,-0.03273702340751263,-0.020097076869279185,-0.025736483066038
2018-12-18,0.0055356741375084,-0.02390546726687118,-0.0037568571861951875,0.004991283373123864,0.007880261831904939,-0.011904018120471349,0.0098981254804819,-0.006751113888412442,-0.008754820533299783,0.007790665877848941
2018-12-19,-0.01369731395250198,-0.011830700979202606,-0.012626340492396618,-0.01903932696009534,-0.01997836048401021,-0.009741167411378976,-0.00927651401092287,-0.0016493617861556326,-0.013160227515647067,-0.019997740261887182
2018-12-20,-0.013482472687734521,-0.02810275988597961,-0.008934339735353854,-0.01846872626939037,-0.018100128729699332,-0.018011376789613603,-0.012189514327918219,-0.0005502449630605564,-0.014167993205824998,-0.022687276254182296
2018-12-21,-0.009033090875677115,-0.00975436313798125,-0.020198570265259914,-0.019062141103135127,-0.030853509637979375,-0.01042790041292416,-0.015421926945709452,-0.004283576468038126,-0.012500086214363802,-0.022922041412461996
2018-12-24,-0.026268092328251717,-0.04129725829282409,-0.021286525626566393,-0.031163530363778884,-0.02705174768268919,-0.02932140340283523,-0.0375287527041152,-0.042713222752332615,-0.02423922236006782,-0.019167223115146865
2018-12-26,0.043808823919283604,0.06036215994194642,0.044276118057541274,0.045517790652174206,0.058641752278548995,0.027526452583019355,0.03137088723364714,0.013484921868578211,0.04269379760054718,0.057562969394824436
2018-12-27,0.018231473608018033,0.0052319685496688756,0.011935356911924213,0.012432258370208353,0.007175781668858373,0.00953699907834446,0.0022732503393496826,0.008384641053957654,0.010981816886464005,0.005322910241938791
2018-12-28,-0.00537484827270673,-0.007682657202817455,-0.00042361340637577313,-0.002662210661748867,-0.002277505107995913,0.0,0.0035616296834201206,0.002463589817215077,0.0011738034516167806,0.00010209129785466259
2018-12-31,0.008348312947781628,0.005244496373745799,0.009702588326576332,0.00998607899951735,0.009401767139214777,0.004143897592974524,0.0019374447878703406,0.0017019720760108625,0.014671711161120139,0.010661750310869862
2019-01-02,0.0051332227751477435,0.019511689773983373,0.00836132119414409,0.005109970131959931,0.0006453594869633962,-0.0059250846883565555,-0.023169518245814133,-0.017345352609805922,-0.015258592694064804,0.0075463018827118195
2019-01-03,-0.028767395371706823,-0.00996731892289069,-0.022737962631658965,-0.030901483793263063,-0.05178588555316028,-0.00576139583270892,0.0046111694554479546,-0.00019233286638794733,-0.02051392477580111,-0.021889586784632317
2019-01-04,0.03856565144939362,0.03345815545336119,0.03268013016888784,0.03721503686699931,0.0433660679415624,0.021094861636621765,0.010135877835597495,0.014699363372279901,0.029395013935106736,0.03255810527318921
2019-01-07,0.0035040287177487165,0.014756310666304418,0.001235601691618447,0.00810201684168202,0.008903367055148126,-0.001366466273004454,0.008422470954768708,-0.0068453515588290485,0.0038314207748858303,0.022360283328364178
2019-01-08,0.010438843861469139,0.0077056321306519515,0.0008229171113589008,0.01360965202856888,0.00834530080746028,0.009139532865156424,0.017269285787777377,0.012325831806374489,0.007734480029620331,0.010995948675626857
2019-01-09,0.00038458297443987467,0.015717702685253267,0.004924407154031023,0.006736152276997335,0.012862557770490666,-0.009335010947607024,-0.004130270603241053,-0.00604900394382674,0.004475063748231378,0.005071075307636606
2019-01-10,0.00880407379455535,0.002889681249450269,0.00040905087646838235,0.013484919514486816,0.004408138241270664,0.0058445522067702834,0.015793008102321465,0.012998091791371095,0.0019438953190424153,-0.00286719312099952
2019-01-11,-0.0040097737862966444,-0.0059490906576937135,0.0024520483068880988,-0.001031464636217423,-0.0018869239844896992,0.0029096057798537684,0.0018787575637073716,-0.0037502830273956392,0.0033084248455636338,0.0009562287705545268
2019-01-14,-0.007681900809632205,-0.002421813006888587,0.006914581611369369,-0.00014713118920071187,-0.009328899257848041,-0.00485399689593133,-0.0031329474688833905,-0.02280185263027391,-0.01110847236589369,-0.006138109880874019
2019-01-15,-0.006576538150647993,0.0035501471182265345,0.008878480741903694,-0.0030992792665507896,0.014978768180769306,0.009877030800813888,0.011232458715910115,0.01222568586124688,0.017804913599732457,0.009002799861669871
2019-01-16,0.003873712480010867,-0.0012895435109017948,0.02107021271720895,0.0010341184043263995,0.0009384960756548658,-0.005410695526805612,0.004643382580299493,0.003601058485985237,-0.0018116815804006291,-0.0022907988750706394
2019-01-17,0.01743829912081245,0.009151505967997886,0.005492023001755083,0.01698435872096064,0.006389728307325949,0.004253805558247113,0.004929196667542977,0.004153159669877237,0.008800830348593788,0.0067621023422536125
2019-01-18,0.016392414180112905,0.020093999693517668,0.017068136141490338,0.018840220500319287,0.015109683499962265,0.011891238307287846,0.0036809992582551763,0.0011295373845880495,0.011837220618853027,0.013763515619821526
2019-01-22,-0.013925880283344861,-0.022013644929548114,-0.011605599835366076,-0.020874643268403117,-0.016975648656095025,-0.009193759177730182,-0.0018389546677791962,0.0018802104218790018,-0.006907005848678103,-0.015092962383038708
2019-01-23,-0.0068451664228214035,-0.010300983517520748,0.0011666653379698911,0.001453340389194266,0.0034183123956162426,0.011859570116899783,0.0006136580483012544,0.010091625401489153,0.0011175729457144278,0.001993856134405906
2019-01-24,-0.005356970009058904,0.005324627588417748,0.002329255274597506,0.005071520375329373,0.008341148700009415,-0.0124370463200608,0.003977070166732326,0.005193093074902943,-0.008409677818108256,0.004164855743378025
2019-01-25,0.018812883358054026,0.012633093006805358,0.008109679222798604,0.012638472144975528,0.014052242037259305,-0.004051340520402749,0.011536199813910892,-0.013783324366485845,0.0012380195991118824,0.010991784342761487
2019-01-28,-0.0015070725126798941,-0.010061635667149762,-0.0030815231274362717,-0.009607822758237903,-0.013437203036580721,0.004243869643696397,0.009911480668650207,-0.004699597291927268,-0.011423552055435892,-0.005809740480901066
2019-01-29,0.01031605103743232,0.003045105370879596,-0.0034784408959491297,0.013738013572806,-0.010819382417985362,0.0023072853367938936,0.007740730666035431,0.002822479724786096,0.0048796076885805435,-0.0065053130799706
2019-01-30,0.0105802632983261,0.013984088399757833,0.005790220293355246,0.015512915894340092,0.03060706011415214,0.006699319238917171,0.008269087691927425,0.007674300010911091,0.013603940051129458,0.019483719414174674
2019-01-31,-0.015068841366777662,0.006448957579243558,-0.0015405922987202548,0.0043285451457824335,-0.0010560153899897343,0.01833529860058406,0.009659296219538111,0.020851271010920734,0.012429336915688694,0.009049926865556425
2019-02-01,0.0029947329008703574,0.017253989342677634,0.004231477022697583,0.001531726410035889,0.005867154600897743,-0.0031893183140461272,-0.006136013686546989,-0.003842111041084498,0.0008819261136036369,-0.014724824438920953
2019-02-04,-0.001683485254207875,0.002308858459866725,0.004213814366749522,0.012855234092497322,0.01592150990448654,0.006368410919680471,0.005844762209820185,0.0016481770257090647,-0.002869203714381609,0.006509231138021056
2019-02-05,0.007274366085673159,0.001536498876763957,-0.002679386748413765,0.008615148248489128,0.008379679639818602,0.0001867063046236901,0.006678959903717014,0.0020113481026106826,-0.001437551545622677,0.009317943124637636
2019-02-06,-0.005964752991932944,-0.007396085695981251,-0.0011507258983689058,0.00027258973411784844,0.003361189174512329,0.0001863264351361023,-0.007845380693909793,-0.0005479578492457918,0.004527210448052243,-0.004140938741667451
2019-02-07,-0.013930789299997897,-0.02236397951435503,-0.010026698271223114,-0.006829826175322338,-0.013809405443481708,-0.0007465499592934984,0.008424133400143568,0.013072183646015572,-0.011078114276558313,-0.008240395033543619
2019-02-08,-0.0009484610626798354,-0.004596969965541519,-0.005051857571554887,0.0015065267602259699,0.005752676115293533,0.004658451954558025,0.0,0.004319351271209925,0.0018920221332862515,-0.004005846832125671
2019-02-11,0.0015170392613269872,0.004755294147828456,0.0031117433760522537,0.005323299415096393,-0.0004413543782496144,0.002599315969710793,0.0028883302210696033,-0.0003589980952940461,-0.0012238747086512794,0.0017721139698554402
2019-02-12,0.02211035798955772,0.012570725689544546,0.014649531365444578,0.015399340514370604,0.01315591442391448,0.0077575684314620304,-0.006946369202943496,0.0023327290619140346,0.01359964769283594,0.015257599447310342
2019-02-13,0.0012966793114276892,0.01241482521971777,0.0026753741038624853,0.00588108957671303,0.0013064884012189632,0.001838321000111794,0.006658044222182314,-0.002871983401930798,0.002194310793491888,0.006767994948222415
2019-02-14,-0.005195767967352232,0.003541051141765833,-0.012288957789280065,-0.004675340711086275,0.0017389402918534453,-0.011266096334005547,0.0037438469438459765,-0.0016189937225189555,0.0022980817632963784,-0.0036529164555404547
2019-02-15,0.01348994126221433,0.016007678260526823,0.021029284772363942,0.01329975080038999,0.007931073361050417,0.009427775333893844,0.006017921223541893,0.003055930677206978,0.0149742413333078,0.0068379567534208605
2019-02-19,0.006221776483366332,0.003020161770453832,0.0015121346179532262,-0.0003964079671721568,0.0002874377774353522,0.005138705066245787,0.001142093622723487,0.005906200666311379,-0.002372023722843896,0.004080338998849889
2019-02-20,0.017001272300433284,0.004212881656696398,0.006401697745968754,0.0047468952258300535,0.001148224314060711,-0.0018323430347281923,-0.006298101315726772,0.004451336850222506,-0.0011884051501591553,0.0019888612077954186
2019-02-21,-0.003953076364968123,-0.015585971353911,-0.005268950915705551,-0.00408634041874664,0.0004301568152081344,0.002929970420061803,0.0017217406060633942,0.0072572653049865765,-0.008793453369646952,-0.001988861207795455
2019-02-22,0.004311651671841031,0.0028933832792334413,-0.001510504140571719,0.006582450125705266,0.012679023292435325,-0.004765337471189066,0.005717635284802275,0.006153581696856545,0.009117746365936026,0.005414657280685237
2019-02-25,0.006433409762786556,0.001671209594271734,0.004148491009698107,0.0039286373215925196,0.004801684213062782,-0.005526911825451725,-0.008301289421404122,-0.006506457639420354,0.001403558730939305,-0.0033357081826263886
2019-02-26,-0.005716644647424072,-0.0031932109192475784,-0.003015316437606142,-0.0027482330658627173,0.0021107151131648104,0.0005540336818530794,-0.0020144443413269847,-0.0012357940742960844,-0.003567064785815471,0.0013535083786566
2019-02-27,-0.0016135238258307642,0.003800428346299981,0.003767809347630747,0.003924011758603967,-0.0009842701552851534,-0.0014780773308899575,-0.0031727662082543314,0.0012357940742961488,-0.004667139055228875,-0.0007214272208970684
2019-02-28,-0.012276789516956408,-0.010064157040286867,-0.002635917406841328,-0.003399784491604446,-0.0028186676257380893,0.004796103979897897,0.0028849263438545892,0.005805164517217059,-0.002941453372881908,-0.005429356168316052
2019-03-01,-0.001272236920025725,0.018223840341784977,0.0063897476376726225,0.0009163992975453332,0.006750976903290671,-0.0018418751927920492,-0.0011532377573578857,0.0021027402521696646,0.014084654224584261,0.008042975064492502
2019-03-04,0.004536770094686888,0.0018041948662020975,-0.006389747637672606,-0.004459599787250425,-0.0037919511577081365,-0.0016608236950928948,0.004030004550027234,0.0017488427100605386,-0.013648309120311751,-0.0031553256730300705
2019-03-05,-0.00471865042773047,-0.0033103800918477893,-0.0037779385655414464,-0.006462482411450464,-0.0029590257455825377,-0.0007389447735779883,0.002868792566797252,-0.001224077699701429,-0.0005454611363714258,0.00252518876044771
2019-03-06,0.002180624230567807,-0.012740958240953781,-0.006455425965635228,-0.009437921660057504,-0.005235064090261292,-0.001479529685517901,-0.002581361623201458,0.0,-0.014730593163147999,-0.004694512239412337
2019-03-07,-0.008202036540911808,-0.005971072459287431,-0.010339085718958693,-0.006028760468526627,-0.009550207075025782,-0.006498869322127689,-0.0008619135305384945,0.0033186597811271793,-0.007893610435547566,-0.01219969906890202
2019-03-08,0.0016457657319122307,-0.01891233488064708,-0.00038454639629243397,-0.0020178452419252297,-0.0001438049484453454,0.0005585907615073745,0.0008619135305384662,0.0034813330759944135,-0.0021229149299437007,-0.006985835646934392
2019-03-11,0.014151344716808113,0.015528200063597924,0.010342624819593468,0.008447310262133077,0.02125959954948596,0.012948842404483097,0.015389428719864309,0.007098938630184183,0.011344538940191625,0.013650334134999128
2019-03-12,0.0037758554620722314,0.006450442581490739,0.002284118958582841,-0.008312529275820959,0.005872480645593355,0.00036746099770876934,0.005358585259379362,0.0068774423719176895,0.007273095671369384,0.002816874668339744
2019-03-13,0.004834041199643565,0.010053748865794838,0.0068204756796817565,0.008712614211668916,0.006530548469443003,0.005679417096752459,0.004771037029194596,0.0010276429971309276,0.010702230579672475,0.00353257661299547
2019-03-14,-0.007529557104538039,0.0010603184220029233,0.0037695600904162465,-0.0033420901314201354,0.0020756506232536055,-0.0009140796255634429,0.002516064347699636,-0.0001712277850347483,-0.0016308788278004244,-0.0029884383206698413
2019-03-15,0.0012461167693759284,-0.00039692782863641414,0.006971381341416214,-0.0035347272721255596,0.012032540487768311,0.0056465273526666426,-0.004108822767700388,0.0036154835157771823,0.004587215822640444,0.006395027954418017
2019-03-18,0.002343546948135079,0.013795397153994426,0.01008792489918085,0.009684384785836884,0.004238417235167098,0.001461518524556756,-0.005088862068357098,-0.0037875589326920403,-0.0015233942095945771,0.009627856993321469
2019-03-19,-0.0012611176027700149,-0.0027139660945666505,-0.007837379965716703,-0.0036208778848799725,0.002044258799882928,-0.0007302403587382658,-0.0028387792407147954,-0.011450843064048168,0.007916389473800536,0.005002181775073913
2019-03-20,-0.0009019430700865352,0.008718263736639614,-0.02082220593984602,-0.0068745667253795354,-0.0027266820495970533,-0.004210695508975494,0.0045378319109402035,0.002613705636943278,-0.00693699877570946,0.0014246832891694073
2019-03-21,0.010591677042853416,0.007009232735288779,-0.003065194482889007,0.009557600257336764,0.024809132509924104,0.011672666007615667,0.017669782053658357,0.010560481722860102,0.003907905609412857,0.013609002682706269
2019-03-22,-0.030275128234940104,-0.027419739644426323,-0.02801724769714767,-0.02290212788567152,-0.023853803831216186,-0.0012701065044106907,-0.00473714496832846,0.007206794316725128,-0.018368955095922526,-0.020035867746949557
2019-03-25,-0.0018420271892767243,0.00045820405058920327,-0.004350504980856561,0.0023273623686379022,-0.004373891615243818,0.0019951699229863043,0.000837749461620625,0.0008543017300552296,-0.000551660177274843,0.0058927833382034795
2019-03-26,0.0060665744822013985,0.014249286840804119,0.011820456025017866,0.006679012591909761,0.005464547834392636,0.008479831205098865,0.006120918700388133,0.0071492199724402265,0.006821849359480671,0.00426418383654924
2019-03-27,-0.001284036546079975,-0.0070992236534461895,-0.004318143654225147,0.0010865068495426239,-0.005738983609630507,-0.003419219924022833,-0.0033343059743687013,-0.006978171702582267,-0.008369051222571604,-0.0020409633642102304
2019-03-28,0.00967972500919156,0.003782338200761345,0.008617466315458426,0.007301419499192107,0.004102442034789506,0.00485546629473072,0.008315211300214233,-0.011855112224118246,0.0025402368855395444,0.006021798530031243
2019-03-29,0.008686127698735165,-0.0015112982235284018,0.0027260703730426204,0.010719400615274252,0.009777339044811529,0.006616337194706434,-0.00027626674818244916,0.005343428945826636,0.011950977133839854,0.005195784527912997
2019-04-01,0.014844312091187842,0.013071956019338807,0.024209022971337122,0.02044789320397202,0.01355646992650502,-0.0033922435392088205,-0.003041578676702016,-0.006900004143892318,0.0015245851513941034,0.01091955767855254
2019-04-02,0.003367251636305606,-0.00689030845746866,-0.0007595835763417952,-0.0003918999721303981,0.0034599649322534847,-0.00825988241136264,0.008548028830293541,0.0013836508889169797,-0.0022877033276050155,-0.00017382788505088652
2019-04-03,0.01300761453593723,-0.009666158887138891,0.0030348786255530824,-0.0030087461309189546,0.008071674521169952,-0.004880288819941612,-0.0010988935306706822,-0.0015568446006854243,-0.0013094918512859067,0.007013902379023744
2019-04-04,0.010078425191310402,0.008312695001481825,0.006042264769823653,0.0061390971348335,-0.004226230960639887,0.003798085509131355,-0.0030282484448735897,-0.0034686224961436377,-0.002077291306918408,0.008078479526083373
2019-04-05,-0.0003457597378415257,0.017456526256114508,0.0015048788512801606,0.002860785262168911,0.004753416674494691,0.0034233667529424867,0.007690509372327944,0.009337669693610754,0.006871274035795003,0.005888737263968296
2019-04-08,0.00034575973784152833,0.004427743369654366,0.001127297466329563,-0.004294420067747197,0.003812155230054949,0.004128894180665994,-0.004937057090547585,-0.007081750429376492,-0.00021735517557835052,0.0035675652340384
2019-04-09,-0.00728809382380081,-0.012297590988901,-0.00829576927756432,-0.013655592946350688,-0.004734430785411257,-0.0012550169981192163,-0.003028948991988655,0.0024238555668643033,-0.0026127978008189468,-0.009028331409018474
2019-04-10,-0.0005225177814951315,0.0037199441762996452,0.0030247165976759463,-0.0002643458817291018,0.006963105001030077,0.002866052720847957,0.007966006082536212,-0.003117360401052445,0.0003269615860520612,0.004779807610087585
2019-04-11,-0.0005227909490682345,0.000742160088531357,0.006021715532260059,0.008558587444741798,-0.0013102203516727245,0.0019653340563820457,-0.001368998256419654,0.00501772288910013,-0.01238982151599212,0.0012762875425254335
2019-04-12,0.013162587220815607,0.0026679538858505845,0.018219877037948407,0.013155692028889544,0.006923884233926851,0.0032081686823880132,0.0054647181877806065,0.0046490721039068456,-0.00919933599453066,0.006188736431697423
2019-04-15,-0.00465615958087941,-0.005938335155964352,-0.006283987926473419,-0.005579952797769434,-0.00039072842365165696,0.005854826923714971,-0.0060129748635954165,-0.0001717214682012404,0.004000402477819731,0.0020265927913191094
2019-04-16,0.004484013999168414,0.006530024496637976,0.013991438209566994,0.006097443908924539,0.005066652643429058,0.00017690962029597276,-0.023856887418830686,-0.012448279743469843,-0.02073009095878087,0.004376218006412689
2019-04-17,-0.006214319035010133,-0.0013321041107072693,0.002556084728106581,0.001292888729410841,0.005556775812117345,0.004939996404739994,-0.01044155538025612,-0.003834764164008083,-0.0291807907685039,0.0019295284999414535
2019-04-18,0.0012115202124282226,-0.0047514778794359525,-0.002921580207476762,0.011429707451912147,0.0028309432233321655,0.00087948182466498,0.007911688332726792,0.0005236950160733943,0.0016308047153661587,-0.00033527913664862136
2019-04-22,-0.006768196623060517,0.0209141480391234,-0.002930699993612917,-0.0030692786481365604,0.0023105072733373886,0.00035167321904647924,-0.011037163754980102,-0.0008730327032189718,0.0005819078482460214,-0.003780067081477861
2019-04-23,0.004517267896854795,-0.0016046156691822044,0.006217106518235943,0.00867221011095786,0.010838335825825733,-0.0031689527831672832,0.011318727110562463,0.0027914557099088886,0.015695603306753025,0.01188021303313394
2019-04-24,-0.0062597784927267966,-0.017673345416695217,-0.0010946400825971876,-0.0029247872797524416,0.0003805757678293495,0.002113561886263142,0.0070097362637390115,0.006425254137774663,-0.0011457187695370168,0.0009141794467727694
2019-04-25,-0.01281509000778772,-0.003125416768352434,0.0018232590724303875,-0.020327307355897745,-0.0002535637460686944,-0.006354704241215919,-0.0011181127149207072,0.004145876603985474,0.010264614959808353,-0.0052482897270999165
2019-04-26,0.008269699972449215,-0.013052499775657873,0.009066447700250935,0.007509792580687167,-0.003811708801839728,0.008990853952843911,0.006690871033222211,0.001549976881713275,0.00993571537423741,0.00790377496320003
2019-04-29,-0.0019295182504632982,-0.0009064889855656235,0.010057551267994127,0.0023192993312735216,0.00025453197837531014,0.0012277806922117497,-0.010334190890093367,-0.005869047197467185,-0.0017991576763862248,-0.0034867134328423408
2019-04-30,0.008565755950839984,-0.000756009281613796,0.001428559895540208,0.003981916528202125,0.0016533965627354584,0.011502373889110145,0.011444851568113385,0.016313641938414603,0.004603895346895323,-0.0014977645763825354
2019-05-01,-0.018268499701199762,-0.020168678359940767,-0.00824226815636279,-0.006559150068266092,-0.0025444386092507857,-0.012379240808670311,0.0,-0.010272251179550915,-0.0017941140579854399,-0.012234209568725608
2019-05-02,-0.005154267458777412,-0.017594885763561104,0.0010788946922987742,-0.0005162888811609032,-0.005235990160488029,-0.000350913772651551,0.0019406427630632014,-0.0022398410036490626,0.004255788893538372,0.000758483640534875
2019-05-03,0.00975263968623466,0.00922518798045966,0.008946014326250893,0.012062326039541861,0.00943047794336576,0.007518001891931039,0.006901639309762363,0.005504181267260091,0.007570950747745595,0.011725452788620763
2019-05-06,-0.014396261095105648,0.000933424233090945,-0.006791632615562606,-0.00961248957090739,-0.007767239816445361,-0.0015685891873656235,-0.0041349054096485195,-0.0055041812672599975,0.005088812781258273,-0.006096936121631241
2019-05-07,-0.017699534926356307,-0.008746002664063723,-0.01663701241738871,-0.020426015878239917,-0.02170910975853357,-0.009993918225699878,-0.01727568045793124,-0.00310920102633607,-0.019388029335592798,-0.015278908887829167
2019-05-08,-0.0009117201393579035,0.0,-0.00219040444687876,0.0,-0.0011763099003953977,-0.00017657892791844354,0.0,-0.013762127462901466,0.00213571584725022,0.00033987862733311
2019-05-09,-0.007873211934087883,0.0,-0.002195372372581712,-0.001446910978804847,-0.0068242194345172775,-0.0021169991293031524,0.003367050051461278,-0.0012288334511430137,-0.002135715847250173,-0.004089796856271132
2019-05-10,0.013511279441348688,0.004695047553666355,0.006571710828979893,0.003940904749135657,0.003155394733145644,0.01211267343495849,0.011419148299167355,0.01775524491528148,0.00033786800386749054,0.0014503545423394683
2019-05-13,-0.0227448091639733,-0.01732346770738311,-0.029544162436197677,-0.02886363962353117,-0.038402245633099595,-0.009467002600406888,0.0,0.010640165015378022,-0.01896194089496353,-0.030206846102025425
2019-05-14,0.008498057637915456,0.012157881619282327,0.007840062757824826,0.010337642721324232,0.015968264511574272,0.004745026598018725,0.0035941023975223354,-0.006679846291242496,0.0050310735696971675,0.010054791877738552
2019-05-15,-0.0025786231682728127,0.0051655860881008675,-0.003725593790336301,0.0013348257512186194,0.010815125536599845,0.007858044467494652,0.006600038897320411,-0.001720195863775321,0.002961008460721487,0.006762715225687478
2019-05-16,0.013919257839882307,0.00544945983893911,0.010027574424997675,0.009161544669809896,0.009121718680143456,0.0077970940520500015,0.005740115202994162,0.006691632901593989,0.007815438195524053,0.009203107894812212
2019-05-17,-0.006020013003007812,-0.010144507392605346,-0.006673972736001937,-0.011164623485182601,-0.008059941321810765,-0.0032846868689701443,-0.001363771194636993,0.0051168194393911275,-0.002145940982755246,-0.0076492892691589496
2019-05-20,-0.014375493300353788,0.00047039937856065936,0.0011156423426933223,-0.0025427317131023154,-0.017531342377851887,-0.0024269326720011953,-0.016233545204160985,0.0013602145922819847,-0.0004524566429125926,-0.007099351487079288
2019-05-21,0.015289812831035653,0.011535825000689988,0.010351208496052488,0.011722675257271675,0.012211037501277758,-0.002085474511078679,0.0082874474179122,0.0018672992989835532,0.009345383943623881,0.00692687870994349
2019-05-22,-0.006971035556177964,-0.0156203471876918,-0.005901849767258855,-0.008245039479656142,-0.005215458699082158,0.004512407183079814,0.004665702642207083,0.0074335650706643715,0.005699362765291588,-0.0103213940416798
2019-05-23,-0.015397845342076227,-0.034108146729314746,-0.014158255350441351,-0.015339247884953023,-0.017718568776576054,-0.00034659448975156253,0.004917025999279814,0.008547439088959307,-0.0034604134413292126,-0.012457329973598422
2019-05-24,0.005592849460391247,0.0037397111883008703,0.007849016817304053,0.00040712360206416747,0.00027297992669824973,-0.0036441160941405168,0.0013611489267118988,-0.0015030213187902932,0.0014524846029883097,0.0013233409281906768
2019-05-28,-0.010089859435647925,-0.010440581781634446,-0.01160863485227571,-0.00925980195051266,-0.002869067942439583,-0.016477183214168224,-0.01039392594862055,-0.016515429486136244,-0.014395319942854609,-0.006633998213135433
2019-05-29,0.00018785541628990588,-0.006416132431600513,-0.001884547685856085,-0.004524525095860448,-0.0059005572882612775,-0.007272608123909011,-0.011615058240768437,-0.013342538360109107,-0.00967499670504507,-0.008914447971490269
2019-05-30,0.0016883707582183046,-0.012789801313218125,-0.00340226640910814,0.003840436734491624,0.006174357823616087,0.004263419279333785,0.006101017828332899,-0.0015511870620996872,0.00547525426699598,0.006515318640016855
2019-05-31,-0.011310276411431066,-0.01770850450013593,-0.015261604404208895,-0.013784294057224313,-0.016828239814129474,-0.01428312770758615,0.008259932007972952,0.004646035501259932,-0.007192209476972037,-0.01316348969009589
2019-06-03,0.030984114092801912,0.012680711417641318,0.006514502717613733,0.00677845765363441,-0.017682069753344142,0.012508945472935226,0.003831361639588919,0.009907711526497382,0.0024030897278128284,-0.008418168602263743
2019-06-04,0.027732086751507973,0.017157080506443614,0.026758780196826218,0.023568840961701268,0.03286715973939129,0.009016285514062422,-0.005478256505510913,0.0008496890788000051,0.016437549507499878,0.026728066938579438
2019-06-05,0.0073022805259518615,-0.011126685152648289,0.006301980634661439,0.009647822229807448,0.012931694377571025,0.011374409908061194,0.022540338105044057,0.021173502595172502,0.007504896519938837,0.0049439603804756925
2019-06-06,0.011819967173257163,0.018367336227703868,0.003688810959084439,0.0017318679051947338,0.011563981759872314,0.010386402438800494,0.0018777758278778894,0.006133571894733293,0.005119967301417863,0.005095014448018966
2019-06-07,0.008904327236786858,0.004580134966167771,-0.0014738276754161636,0.007955561256024058,0.018412421821674817,0.009597121178978372,0.0032114984166156744,-0.007464501406159029,0.010382244373790789,0.014353468199966846
2019-06-10,0.0017369162986666904,0.002933960795874424,0.008445117022417284,0.0013198516662695234,0.010185531004189634,0.0003413533639658167,-0.0034794439853288897,-0.006849929741703991,0.002962539450388348,0.008428726782289262
2019-06-11,-0.0006943129062206547,0.0019507486182962547,0.00036568028122789347,-0.008610282725425463,0.0,0.00323428551174088,0.0018748872191176854,-0.006053364312506239,-0.0016448555149779435,0.0038467002017818098
2019-06-12,0.003293549078325876,-0.014231246291469962,-0.009917153218497093,0.002126583735835656,-0.005602279264016146,0.0015282551968426143,0.0037393902197089056,0.012903294054210174,0.00481664434325218,-0.00025588508963891296
2019-06-13,0.005867203271619356,0.011629230933832165,0.0033164438886059524,0.005031596877375186,0.003000245179837138,0.002203848841526396,0.0013321608350290546,0.001996124719801937,-0.0012018467240237484,0.008920547343327612
2019-06-14,-0.004310655129167561,-0.006534986061093731,0.002205054383114855,-0.003970338677508177,-0.008765474924764137,0.0005073649525887405,0.0042507723859014765,0.010413960702354353,-0.002298659120559576,0.0021967135341991535
2019-06-17,-0.00920066241929273,0.008324609326401318,-0.00922009900229538,-0.003453613354734344,0.0007880694425351724,-0.0028808699654258745,0.010810790333147819,-0.002799527853347267,0.004483077463515717,0.00042190807124965
2019-06-18,0.00781731904335793,0.013721954300800832,0.013250073667843722,0.019241477010884498,0.017957635623286797,-0.0054459766950859375,-0.002888873414504878,-0.004131048643937564,0.008473621032079565,0.007563791411937618
2019-06-19,-0.00555266619800063,-0.001122918117916531,-0.0018296920913539701,-0.0007835348002149322,0.003604383010031732,0.004087377669554014,0.006553363300986986,0.007588211116262355,0.008938680712249073,0.0018403648116068225
2019-06-20,0.012622234663748061,0.02190913222423092,0.0043857768194604276,0.016582917620200165,0.014543134267773244,0.008798388084512115,0.005992199132956516,0.006388696260989141,0.004386473727929604,0.006912194980991883
2019-06-21,-0.003185374156283035,0.007200271995304535,-0.002238236167731111,-0.005343998035463891,-0.004739178469263181,-0.0032472349135927226,-0.011241582207666299,0.0038606492605003776,0.004791137359632738,-0.004641112912425473
2019-06-24,0.003807475214588897,-0.009008346233829541,-0.004049468200494605,-0.0019476076103243875,0.0019136771654450634,0.002551195663147175,-0.005043399343063395,0.00032773428511203033,-0.005241709573288742,-0.005369248244830484
2019-06-25,0.0005180214505151323,-0.007969469977115201,-0.00332537622832282,-0.0075681666562692675,-0.0185238116713392,-0.000509517146268601,-0.0136637990260085,-0.006083023374947849,-0.004083593177338588,-0.009635813230897416
2019-06-26,-0.001727984365369486,0.015245652301413939,-0.0018523009762539632,0.0024860068487655533,0.010718840954509997,-0.014379046919265627,-0.019613805283862713,-0.02200805681150272,-0.01267978943141741,0.0032222195832436865
2019-06-27,0.003280591292459971,-0.007434944291232984,0.008859536797584711,0.0009138385683516647,0.0025655669118437594,0.0018947078324262586,0.008219389624720656,0.0013476315266543841,0.006955623552576659,0.006245530921832778
2019-06-28,0.008411482858559735,0.011524132315359816,0.014231255323367237,0.010517576235836785,-0.0001282932779867267,-0.0006884336937555275,0.003268724168350299,0.0038648876344259085,0.003352024529243024,0.0028561545206701355
2019-07-01,0.007662826542488601,0.0009413702677679343,0.011885690111136007,0.0009037858930775875,0.015764658685358632,0.0060088594760960784,-0.0019054244711256508,-0.002518911531000399,0.004953095385270529,0.008770151952592191
2019-07-02,-0.0010183437015924216,-0.016124250073164717,-0.0025096010369960956,-0.0012914043269652736,0.002645420163574873,0.008691996205994378,0.018359147258887827,0.013526079084510714,0.005356022929753596,0.0021597666429385635
2019-07-03,0.00508130598995416,0.003976246222544641,0.007865563728725267,0.005540719510735731,0.007644454945545136,0.012311535235967138,0.014342755782781371,0.00694220486357325,0.008511028628408126,0.008675429115839128
2019-07-05,-0.004572152892888749,0.0014274981475659598,0.00284506807830419,-0.003991366138701811,-0.001874661642882739,-0.0043673102113379,-0.005553408119007652,-0.0004943819210261052,-0.0069095804624485484,0.0011510092848929473
2019-07-08,-0.011607870866229992,0.0014253811244751267,-0.0049838264678943416,-0.008291096310659317,-0.007658854223546914,0.0013457495888954045,0.003705507079765963,0.0014820259150390453,-0.007494636145591842,0.0012317985974446158
2019-07-09,-0.009835351522485755,0.000791046999703371,0.0017826418921349906,-0.002214315020692425,0.0035228774742001967,-0.005901920287858519,0.005270252904872317,0.0013156524975428197,0.0009668917871824362,0.0010663195277962779
2019-07-10,-0.0020831521378178843,0.012729190012906262,-0.0035686996362205964,-0.002349401877881581,0.007881590526669051,0.006406033188846792,0.005504046442035335,0.002298157831618878,0.003429532146002072,0.0036005404930749734
2019-07-11,0.004334497204018575,0.0020278472608303466,0.005704037915831565,0.006772586984550951,0.0037314355162684464,0.0025174477214544525,-0.012889987018346202,0.00032773428511203033,0.00021392136922324535,0.0020402966012576956
2019-07-12,0.009813566499509542,0.004198991758506165,0.006731737261325557,0.017371390592633824,0.007298065931947563,0.0028455787926966506,-0.003979170536950608,-0.00657766561477976,-0.01118745103592342,0.011428512710532532
2019-07-15,0.0006849332514024127,-0.009041514902017092,-0.005665890965177075,-0.004090092973067106,0.003321678041606361,0.0023372054070189105,0.0013280444376608713,0.0039517734980487025,0.002161175398123598,0.003218785309533008
2019-07-16,0.0023938399961989467,-0.010705561129929061,-0.0024889241070628963,0.006383622817370628,-0.009379086778356993,0.00033318030872663316,-0.0015939795786523562,-0.005768491341180644,-0.0049778436470215275,-0.0012863623516000955
2019-07-17,-0.008920968277408256,-0.011461343107346894,-0.008580559015635219,-0.021613871991015228,-0.0026071200268628076,-0.0011674925335445928,-0.005064781196502685,0.0037943629219611354,0.00021707733335123386,-0.00961815310448823
2019-07-18,0.004299096516828075,0.00016000051234298977,0.007511977979095456,0.001819309035128983,0.007431069001583753,0.006653576121655565,-0.0002671649243371354,0.008689428986861564,0.00562374558482842,-0.0013003436836688043
2019-07-19,0.002228031764381073,0.004631478228402504,-0.004285546924201538,0.00543727225959481,-0.004328176948653982,-0.006319813359029418,-0.01644016126002404,-0.014634993788024861,-0.010407658705880703,-0.00660876937642938
2019-07-22,-0.002571391204131926,0.004610208835903613,0.00214495314186182,0.0007745964840364894,0.011459709322347246,-0.005856418350913799,-0.0010877603655706318,-0.002155370785422199,-0.002072832085964817,0.0005729430494096587
2019-07-23,0.020388191570384767,0.0026926253075012555,0.010304168680261972,0.012564430870261715,0.005498143790087925,0.007190432540265759,0.00974570375753868,-0.006328068851302694,0.006205557742870543,0.006767481811450097
2019-07-24,-0.00067283393171109,0.004261709990826236,0.010198695765577684,0.004322312660465614,0.008251301892896233,-0.006686637748803237,-0.000808577866671755,0.0008347480735481518,0.000542747614727928,0.005025632001139501
2019-07-25,-0.007263127527676471,-0.011404977513194584,-0.007022595855580481,-0.0020318106937761895,-0.004117140472724941,0.0013407869711135531,-0.004323103437751418,-0.002506810052888156,-0.004893218154485563,-0.0055946437906766264
2019-07-26,0.0011860529430855128,-0.005111237752603545,0.010863878546571787,-0.002163162331209705,0.002181635594143206,0.011160129491474605,0.003244110710314758,0.0036745390401021786,0.0035902775296548497,0.004542988772486696
2019-07-29,-0.0033920055749538233,-0.004011085789581799,-0.007697606034608091,-0.0017852100696115673,-0.0006051730469282322,0.0018203933871850657,0.0037715206598850984,0.0051551544412167995,0.004118932662663239,-0.004868368509944646
2019-07-30,0.006603829113383383,0.011191156795207387,-0.0028140452816918706,0.004329685303404539,-0.0064418142155312184,0.002971976290245335,0.009899858461466703,-0.00765903526211204,-0.004336037419445579,-0.006773624190609004
2019-07-31,-0.015477825212031057,-0.003184761353899203,-0.0049433505234806755,-0.01124487960083239,-0.015235855573141435,-0.020485492688351748,-0.004001590659187253,-0.0046910361076567715,-0.009935184103323537,-0.0115301938920073
2019-08-01,-0.0056726314012680796,-0.022907981121766563,-0.022915430650484233,-0.01959410555178351,-0.005088774489217067,-0.003539828610390451,0.0024030029799741687,0.01019152508324809,0.0013160393348285013,-0.01367837630211981
2019-08-02,-0.01179134493154659,-0.014464388172846569,-0.0003623366017930252,-0.006442357139099593,-0.016436249390426646,0.00016890638394220466,0.007703279754289499,-0.00016609072808722926,-0.0023037832752744753,-0.00826358168232225
2019-08-05,-0.01901818724615555,-0.03025449226299875,-0.033901451529424954,-0.028087712791072632,-0.04264208560755247,-0.02634444027137418,-0.019236429304553722,-0.014400860263050822,-0.02378431618627133,-0.0272086185361363
2019-08-06,0.0012439464843989729,-0.0011951196468868398,0.015988336613049672,0.01494470366272683,0.016496722773747013,0.00897328851005865,0.012332444152883964,0.012403500110926882,0.012851490301007235,0.015111775859140418
2019-08-07,0.01375428165987226,-0.007546072629374171,-0.013368130033109646,-0.0005349039758688623,0.006213822561022811,0.011614128114576874,0.009282916872568074,0.0024958624068610524,0.0003331665312302222,0.004020163717907353
2019-08-08,0.018909605269039457,0.028343089238528015,0.018886126487293913,0.01683857365587449,0.024223507685374287,0.012823005284475365,0.015715173425398823,0.010249710979041031,0.0132321351007611,0.019107837934113515
2019-08-09,-0.007936680983678753,-0.011105547702817232,-0.0033071267912490898,-0.008450277946072046,-0.011401046166461959,-0.005547798708024238,-0.0002596801025560332,0.0011504133484823947,0.0012042197535397817,-0.00942400523374498
2019-08-12,-0.01571259605624633,-0.011914849552155467,-0.01932412930294545,-0.013885217896863759,-0.013209546064106145,-0.006765734658733544,-0.0007802540886609488,-0.001973014601125583,-0.009785250089280401,-0.014646829500222516
2019-08-13,0.010676661375232575,0.00920382858085041,0.012306542044885096,0.01189458752772481,0.024736500150449706,0.011306885712340143,0.000520257761719763,0.0006579493267901219,0.012953086095664984,0.01633632424444522
2019-08-14,-0.03219809339310762,-0.03998112146522796,-0.03776885845233265,-0.031033268583991178,-0.031212695788972587,-0.015899870962325178,-0.01572378598604905,-0.008258924293317038,-0.028205245136554813,-0.031811140200662794
2019-08-15,0.0003592611705450012,-0.006199690869396274,0.00499135575558238,-0.0010968018209860004,-0.0018205599179914908,0.014892745329922704,0.013902103406880912,0.012854414732081251,0.003471581613619478,-0.001656906632189896
2019-08-16,0.017460199800805085,0.013062819236685225,0.017464040455971868,0.019159369398058446,0.018827235691564814,0.011358055402528187,0.007008623112832487,0.0050635292499809125,0.012222409119676056,0.011280954494858598
2019-08-19,0.007916333381999163,0.021857155819064913,0.010110853200258407,0.009377300237957496,0.015087135562373288,0.009915856148736402,0.00901230889775705,0.006333758132999223,0.009562160613138877,0.012519340707440782
2019-08-20,-0.011809609901788268,-0.008443270090797551,-0.013503438136338558,-0.00588415710712575,-0.00504600561876388,-0.010913060708545017,-0.007461711892354685,-0.001620317932172727,-0.00856849256418703,0.0002558099626183175
2019-08-21,0.005128790226576992,0.006381932115284374,0.004521300916505135,0.0061504419415305015,0.011693334128791559,0.0026565769234179284,0.004123660238391613,0.0066263802825390645,0.007364630176676344,0.019070616150277716
2019-08-22,-0.006725520500148829,-0.004480548893322623,0.006744134997995661,0.001465226984427893,-0.0023780971102873015,0.005291999692452548,0.004875053777345608,0.0009659345193121548,-0.004940776300868694,0.00025071106304343455
2019-08-23,-0.02444865245564712,-0.03408023426890083,-0.025720048002685923,-0.027117952886340828,-0.03363787793953255,-0.016798507034725026,-0.012621058231424887,-0.010677941095300495,-0.023383429138563932,-0.026932294101697275
2019-08-26,0.0032701576002937475,0.004279816564989856,0.009532925378038163,0.0073581727102437,0.013770161469031157,0.012335199882521953,0.00928801892865313,0.011482149183926746,0.010423094016685458,0.009823482164647207
2019-08-27,0.0007254101774544732,-0.006247367022547787,-0.006090534408117033,-0.00517219415269932,-0.0015347903599289801,-0.002820330683317271,-0.0033442472476380783,0.0017672413601932434,-0.00592689006596746,-0.004942412157459431
2019-08-28,0.0077638471096810715,0.014222756433319298,0.009122275250620919,0.012206932420866555,0.0008955461138028072,0.009589964954752252,0.0028304041480853,-0.002732474751650419,0.00726361868234519,0.01239511927935186
2019-08-29,0.012689237568217887,0.014544888477774104,0.015020973520984911,0.01697518966046467,0.01724394320979769,0.0004934895279780873,0.007168605371259551,0.006897244643906685,0.007543405823934991,0.014906704045274983
2019-08-30,0.006725520500148709,0.0,0.003348562978134115,0.004100681883736672,-0.00025156034711217793,-0.0013165887670623516,0.00025502786348132584,0.00031951078417635195,0.0012149540261929604,-0.0060027855715720215
2019-09-03,-0.007969765503945412,-0.004883341518075257,-0.010455802051520342,-0.013688815265577893,-0.012271190775525952,0.0057476672649057255,0.014181029754395759,0.017581766278176394,-0.005866993366579606,-0.004106182263735599
2019-09-04,0.012194206123538427,0.013889311223638323,0.009712573770963354,0.012632314178045225,0.016913324564920285,0.008965743581872167,0.008263742324258246,0.0009417501567815436,0.0006654825652466845,0.009859569869453995
2019-09-05,0.0015799685444048606,0.012337353759050944,0.020240075131900515,0.017810678492439544,0.020685383644501554,-0.006185996599563656,-0.008767039363571023,-0.010882515768268923,0.009826211156521129,0.01894316588712759
2019-09-06,0.003850641964735914,0.005265471001551875,-0.000364606839426644,0.002074865219639877,-0.0008585208317538409,0.0032605376899192996,0.0012574073684452276,-0.003972297065027918,0.0027428876940116466,0.0024446272881028935
2019-09-09,-0.005254866883396956,0.019792612586326384,0.015190138119106524,0.00297483548304426,-0.0075128442065662306,-0.002281296838563574,-0.007566271878415092,-0.0049478115099950105,-0.009245849737609247,0.003818019736085573
2019-09-10,0.009787047479439101,0.011722893049834125,0.0035829979619015242,0.009127425466078103,-0.0050814063572505955,-0.006218240428357865,-0.014792501439854036,0.0012791079083338279,0.0028709090632814535,-0.003980822282376383
2019-09-11,0.009519534497826457,0.0009846320604633032,0.005706150127938457,0.009299016936505812,0.010383107181152068,0.0036047726861769052,-0.0023152281812425105,0.009858408461588678,0.009875085148147757,0.0018704664188920505
2019-09-12,0.007722149780010768,-0.006251154672537122,0.005320330382637747,0.0006340097377197285,0.00539591534534407,0.004080644858849315,0.005905985084959403,0.002212947574617657,-0.00032770925120489123,0.004782013133990202
2019-09-13,0.010880633912138516,0.007889716713608195,0.007751776198192969,0.00543348619398754,-0.007365389295046636,-0.005717621549993612,-0.012105930931003052,-0.00633515761961505,-0.0005462024094574594,-0.0020233230608728905
2019-09-16,-0.01653770610689488,0.03301145562463802,-0.00351622596905257,-0.0008825915571913716,-0.0024674345769875265,-0.009712586020551046,0.010312256191994336,0.0007941397169652228,-0.0021877979061158026,-0.012884445439516785
2019-09-17,0.008047308075209293,-0.014037526146222171,0.0010561666027364012,-0.0005044424015173614,0.004068058187190311,0.0054440732144983685,0.014007399952787837,0.008693572634667671,0.001531979701668938,0.006054889524216114
2019-09-18,0.00051147223322652,-0.004830996537579453,0.003512444759279759,-0.0015158242634794091,-0.00012317952355653337,0.0016440482555642006,-0.003039626326069141,0.004240322258978997,-0.00010914186818902105,-0.0004894448514723547
2019-09-19,0.0017029709621469136,-0.002585887754842959,-0.004568611362016127,-0.005068217054567557,0.0022120316654827463,-0.00016425327292093057,0.0032924010807638157,0.004690427763506959,0.004691142589774649,-0.002696966455169799
2019-09-20,-0.0023285037110862936,0.0008162229072489765,-0.005894337628775219,-0.006341920600011169,-0.011729742714326172,-0.0031780460213881503,-0.004259601810838989,0.003953179965056756,0.005559135835706397,-0.011528980303831786
2019-09-23,-0.0024024660519934233,0.00032628592682178994,0.0017792467729794298,-0.0019292792652230368,0.0031100187022621243,0.003970963189308485,0.003572139779682611,0.000156752795971156,-0.005340486990520243,0.003482523482216371
2019-09-24,-0.008628190160205922,-0.015950372247365407,-0.009644755581343069,-0.005681942211490077,-0.009735639729657021,0.004119477991006401,-0.001274230634197075,0.011672310445396926,-0.009221747388837881,-0.010735245533607255
2019-09-25,0.005185677433562671,0.001656188095524059,0.00822168824321594,0.006454296776200891,0.011844765133683873,0.0006575087321371293,-0.0010205669697402142,-0.0006190109409282746,-0.004864521205735652,0.009078483627096009
2019-09-26,-0.0022436857073683783,-0.013159235907660286,-0.0046387157095368284,0.001413982500209113,0.0011152382397212278,0.005572030822293968,0.009654219908053136,0.005250354499331557,-0.0055567724306782645,-0.00432068621156921
2019-09-27,-0.002768857623525714,-0.00016771368414744177,0.00392646029269227,-0.003990420361286364,-0.013461807708087296,-0.0011447479141899729,-0.006595335991618656,-0.0035487068501291897,-0.004467681119206997,-0.0035037089316819403
2019-09-30,0.008455056057537283,-0.007237123926247806,-0.0024969351014908193,0.0014176276509758109,0.010485571709045832,0.004896503828813833,0.0012718792336175926,0.0006180309586688556,0.008915585467851707,0.008570237558276397
2019-10-01,-0.023821010514032574,-0.023413933768776155,-0.02129662440624598,-0.024251568353233173,-0.009356992281564688,-0.0026084649983428763,-0.008680424342545283,-0.0023196786078711735,-0.009811541034427596,-0.00840291965576106
2019-10-02,-0.01811120980529258,-0.02486125148158453,-0.020641987118086468,-0.019053128130267546,-0.01898050365388339,-0.020282709532031908,-0.006172794787605506,-0.013404244210799911,-0.014673094683254093,-0.018126473866065577
2019-10-03,0.0035770450764062004,0.010755367940683725,0.004088451809102017,0.006569736398932788,0.012189027632025699,0.006972164652457285,0.011798229216598578,0.0023509447063313955,0.008942081010629382,0.0048378874799638125
2019-10-04,0.005342115170363741,0.0062941978698267415,0.018376233665686862,0.01036950541736384,0.016396834923484347,0.015593360536905168,0.00457887151058998,0.013836268823137942,0.015542554707052162,0.009353868570362193
2019-10-07,-0.003558418195543548,-0.00892792992639999,-0.0051114775156648196,-0.005038518145270979,-0.004229940621318687,-0.008176710038008267,-0.0017786113675512688,-0.0038672337174256934,-0.003334190867998105,-0.004371240414714006
2019-10-08,-0.017620060665085428,-0.017203511308721435,-0.019963665509333373,-0.015539495987696885,-0.018496797457542357,-0.009569377270349346,-0.004842279299792578,-0.009343073189579752,-0.019219312308417533,-0.010586692271472537
2019-10-09,0.011183728653146105,0.00908187542461124,0.009291960710350716,0.008469358634536722,0.014749865119307778,0.007596951158363265,0.0030610435241913473,0.004838273993670671,0.007236852967900118,0.008478314713809366
2019-10-10,0.00910631272130912,0.012507793908256386,0.010305721570469962,0.00906223429432169,0.006858987789846355,0.0019724261119860465,0.002544083534251893,-0.0010905630647450584,0.004944406230691187,0.006647499648357971
2019-10-11,0.019189115208403953,0.013390432091075844,0.012372637717169429,0.018662704336555074,0.013701499594488213,-0.0009855404099483975,-0.0033081484498553677,-0.0037477109289256504,0.008261896740461221,0.011258072730884135
2019-10-14,-0.007174788084546383,-0.0005183528443609972,0.0014455408889381316,-0.0019551172729992015,-0.0006133134932608925,-0.004943447829135303,0.0015281512281005785,-0.006435036423372489,-0.000444601950535902,-0.0004978880047750477
2019-10-15,0.007000491280312723,0.004139141782559989,0.01434239870594881,0.008056230322050878,0.010979758637649405,-0.004303902448136923,0.0007633216449131835,-0.0031539241332787585,0.018078016119532678,0.008756279603953572
2019-10-16,0.0020904676322223512,-0.014039423110980238,-0.0024949242864497462,-0.0005176896030409337,-0.006939888323036958,0.0009950675281146213,-0.0012722241067126046,0.0022088792362137217,-0.0013117134894233993,0.004103760425684916
2019-10-17,0.0026069540985159062,0.0006980705313137736,0.0007132952032588107,0.004908027995781736,-0.001956552192887756,0.004629354296550191,0.006598622068704116,0.002518284575905278,0.007410333567466686,0.002617572322654886
2019-10-18,-0.0017372896755874496,-0.005246633900030438,0.0024935309093153464,-0.008670249710223588,-0.009594333834088347,0.001977776541717675,0.009566957411825134,0.0032961932500166443,-0.0036982561808699354,-0.0019625861852154256
2019-10-21,-0.0031347627121352905,0.017727158216249553,0.013778676527786197,0.005961046421854089,0.010695396273520112,0.00328715526428846,0.006742555662553933,0.003909568248224314,-0.0010901825909762856,0.003513474404116067
2019-10-22,-0.004195282419015286,0.012837095211704223,-0.0028111343844248447,0.007850159013594036,-0.01354205035341865,0.0003283302983163097,-0.002990908871351857,0.004205413394189293,0.0021794566031171415,-0.006382468243423468
2019-10-23,0.006286190470012812,0.008299089170458587,0.004213819213673316,-0.0001284411829363533,0.0008671485812646231,0.004582527056906383,0.0017458133960924834,0.004032603518436524,0.006185900675042081,-0.004607500052203436
2019-10-24,0.0031283007618827996,-0.004225546461554438,-0.0014026848292484518,0.0014093442524799886,0.014507480176976598,0.0034233881344322924,-0.0037449716988695644,0.003399951739387426,-0.005097904663876474,-0.0004951363314552981
2019-10-25,0.010872361487678707,0.00809712098243682,0.0049001357237235055,0.006253528493089145,0.012010735273381156,-0.00587576513497692,-0.012331686933703866,-0.01023422247679649,0.001086906235476811,-0.0011557388165157631
2019-10-28,0.0030849490980995225,-0.005728709462034557,0.0052238340786954895,0.0027950186067948425,0.012583492125867752,-0.00196606251179273,-0.010692558901112925,-0.013810501149213363,0.01026637832970021,0.003134083499615569
2019-10-29,0.006141123574824829,0.004047005415721678,0.0024287258277844283,0.003293601549988141,-0.009091984875626577,0.0,0.0025561964112273097,0.0009475086489012476,0.014092281326904056,-0.005697963744028477
2019-10-30,0.0008500758995910272,-0.02057351383498334,-0.0006935441762404562,0.0035341433846735287,0.006110112942234404,0.004581628830226012,0.007376328090139478,0.008802459217404577,0.005602872481715333,0.006192055278934823
2019-10-31,-0.011278234843167924,-0.004303937254410193,-0.004866146267184084,-0.010768053238768987,-0.0005971728277378598,-0.0014703307625107832,-0.0033002947106010863,0.005462239031109319,-0.001160330857739601,-0.005364224809428689
2019-11-01,0.013993381209228163,0.022518703254012246,0.014528267736376539,0.021546714540489318,0.01188050966267753,-0.00016350361362731471,-0.0025453006912046277,-0.0024936051734166893,0.0012659122556545012,0.006598087963339803
2019-11-04,0.007765184804678673,0.032038613300255495,0.00854839196535733,0.011526456685075426,0.005183608293687134,-0.009695089321464258,-0.011279188395159439,-0.012876767077089346,-0.0030617950785184794,0.0004931060314691027
2019-11-05,0.0016799342324856803,0.0013063321832618648,0.003738163284863625,0.002092407796732938,-0.001175938367447877,0.0032968343955707188,-0.01742365769323299,-0.010326726965250404,-0.007109024704102853,0.0014776621185854377
2019-11-06,-0.0006716642947859798,-0.020605858184690243,0.005075363949004516,0.0006149001340255544,-0.0004701550382938944,0.004106169897740033,0.003665986525779042,0.0038253656799388585,0.0034014481930005635,0.00106595440115528
2019-11-07,0.006696790791442254,0.014878688807461678,0.007397454029349567,0.0034352676303690474,0.007854096125099996,-0.0034480456414538916,-0.010774018354844456,-0.013614146919833208,0.0022264118436142394,-0.0060006090446190615
2019-11-08,0.003996653087179409,-0.004110816988949355,-0.0003348861117008265,0.0013461771028801146,0.005589043875512168,-0.0006581242562861638,-0.0018510746416419235,-0.004201917543832098,0.007279417462427725,0.0004120582915448378
2019-11-11,-0.0014968646192506639,-0.005617788610821885,-0.0026845824579317377,0.0004888064459048909,0.00046425304010452514,-0.0014822716824158487,0.00185107464164202,-0.0061729656423362275,-0.004107995066751363,-0.0020622582050506743
2019-11-12,0.0051466460407077665,-0.005150083207690442,0.0013431921015670313,-0.00012217921345041,0.0033603376303636694,0.0032912398233811897,-0.0066270724852419164,0.002441468751885561,0.005998598270351085,-0.0006608298607657404
2019-11-13,-0.005812679335345397,-0.004339945519332815,-0.006396328637241898,-0.00416549583648699,0.00219534921588274,0.007528639099331119,0.010055628865950083,0.014683318957463486,0.001153248867806839,-0.0031451703073463655
2019-11-14,0.0061437133284732775,-0.0026798955267210733,0.002024232570606116,0.0031870061102825804,-0.0011548805090595966,-0.0003262752068589952,0.009955519026299852,0.00351799754141943,0.00010478301387527117,0.004301186180973028
2019-11-15,-0.0008278986305038364,0.007686034226532393,0.0026927876239266637,0.007316418808946564,0.00805601673947213,0.00032627520685906807,0.004940744927751503,0.0031872455105845703,0.021049417824774496,0.0018143853574868187
2019-11-18,-0.0024883220166237196,-0.012225124413601046,0.0020145716882412866,-0.00377343611269501,0.0029759957285306203,0.005204064661152344,0.005432868914265536,0.0020661344576953216,-0.003391996357957149,0.0034547177656020075
2019-11-19,-0.0021614593867081535,-0.01493800739183636,0.0020110986273693195,-0.000853893720216633,0.0019408002322815357,-0.0012985162293096943,0.0020621407488036385,-0.0025436559334029952,0.006772176988683804,-0.011063665314105764
2019-11-20,-0.012561977677177386,0.010039758351357187,-0.00469824211045963,-0.007965576279533912,-0.006063544163529666,0.002271187838421902,0.000514657427036547,0.006030688662662142,-0.0013304688896511989,-0.002327165156008311
2019-11-21,-0.0016868825416415274,0.016290498330941944,-0.001009343750090278,-0.0003690323250516629,-0.005062080766084858,-0.005036053787082679,-0.013471903510179734,-0.0034870327292591896,0.002556615992662355,-0.005674896657664285
2019-11-22,0.0016868825416414947,-0.0033373367958514292,0.007379937071230639,0.005155967340354345,-0.0012695342034661503,-0.0016301352229723298,-0.005754552085620254,0.00031768785785805796,0.0035682994996485322,0.006838988413707671
2019-11-25,0.00655201203793343,0.0010025857924894925,0.006330265637622304,0.007198198391388816,0.014446469817457876,0.0011413883945114694,0.0007866161889211549,-0.0033389446513213015,0.011635636476464964,0.008772020948468727
2019-11-26,0.005010785506659116,-0.00922603153501759,-0.000996885558507333,0.00291333008909316,0.0009101101854107973,0.008114268897543258,0.013797007839097519,0.0033389446513213076,-0.0008049849744707689,0.006815214717417092
2019-11-27,0.003990816472204809,0.00252476175756911,0.003981379268381449,-0.0009703727935520675,0.005557415879460348,0.002421496932328581,0.0030975128426102795,0.0017444824829185943,0.00512122472628763,0.0085557667750259
2019-11-29,-0.003657669634257535,-0.010136908822784807,-0.0016570476050068819,-0.004621244560717724,-0.002945076007304761,-0.0003224252726561415,-0.003873530853608915,-0.0009511855554761958,-0.003511730752278873,-0.0065117599301708655
2019-12-02,-0.010043442116658183,0.0,-0.0063217695828692655,-0.01659204691173063,-0.014395304981000051,0.0022553806422486076,-0.01854071743754773,-0.006524046190199697,-0.004432227638166298,-0.008282661214522547
2019-12-03,-0.006413506723289249,-0.015056280864469796,-0.014117827673618123,-0.010965840525867136,-0.008900244370909343,-0.0016106340214855524,0.008137363089922365,0.0027101561762021406,-0.002223761368701578,-0.010096976707211556
2019-12-04,0.0021986007246906627,0.014886431086753322,0.009433731119700119,0.0038765682635286103,0.004055481507376868,0.006587155383926295,0.005215483916559601,0.007613289518667265,0.00926605396743924,0.005557783830832805
2019-12-05,0.0050556864195820525,-0.0047669298110040136,0.004684096553918076,0.0002495415703913236,0.003693246672576852,-0.0003206406274639201,0.001559189052395653,0.0017364959106956966,0.0,-0.0009930162244602531
2019-12-06,0.010201726287148839,0.01893218623360747,0.013262666200527833,0.012031492858594797,0.010999333702307285,0.0038371560292393297,0.0002595361264393308,-0.00300150691556347,0.0065945461946416905,0.007999565871083797
2019-12-09,-0.0019989107658764005,-0.0011726676711542783,-0.002308022529421153,-0.003829474882810609,-0.005255244303150111,0.0007975817069726934,0.0012970408289667407,-0.0034864055311984686,-0.006995842375553086,0.001231366068627463
2019-12-10,-0.006020089036038563,0.0020096061649035944,0.00032991171479063316,-0.0012382327013410962,0.0008013261808157386,-0.0031938606359498255,-0.007024687024893271,-0.00015896775390393316,0.0022040716197940244,-0.001724416993022336
2019-12-11,0.007519302646497649,-0.0016745780403198852,-0.002312954363891202,0.006299685011317619,0.006730109205167366,0.0014382245355946,-0.007600587772955712,0.002695841076021973,0.0009002130816247848,0.002544508206503839
2019-12-12,0.013886993893971494,0.018267233932864693,0.019329111024556797,0.008827037455936017,0.010630075855276994,-0.0007987663021885874,-0.012175728394783796,-0.004284681975937931,0.009255196512088852,0.008732904114225223
2019-12-13,-0.0077462664086745715,-0.007598347405427083,-0.003575343019940985,-0.002689088976034923,0.006614663797299657,0.003510415920249228,0.0010644467446196684,0.007762195793882237,-0.000693578039859159,0.0008935891431275104
2019-12-16,0.004292663092915783,0.013340817519291765,0.003575343019941055,-0.000489552288196294,0.008900191260351768,0.0034982079751214204,0.00768512275231782,0.012389537780602953,0.01074697491826997,0.004374489527320054
2019-12-17,0.0014815151136412601,0.0006545095968508212,0.0038859705429195226,-0.0009797203460782202,-0.002328814726472306,-0.0015884858991380825,-0.010882438876900278,0.0032677649326794903,-0.001079297760172373,0.004436080350061679
2019-12-18,-0.0013167938921135119,0.0037535052617753565,-0.004210454935420024,-0.004176246994276135,-0.00011108252439649806,-0.0015911576196150836,0.014045453821952051,0.004030872667659418,0.0013732595414020343,0.0009650747818113542
2019-12-19,0.0034531782542437674,-0.0003258075342831803,-0.00032486964130559986,0.0027040847382226608,0.007190906618696287,0.005399408077479728,0.009428960734830256,0.0003092896034100354,0.003914060397642445,0.0031308690026061476
2019-12-20,0.004840992019233645,0.009546759040145436,0.0011743634296476836,0.004590587370621831,0.005788790682131208,0.007524368735039734,0.00769181758380575,0.006851236987691975,0.007055033020210732,0.0015266804861905519
2019-12-23,0.0027884291379889283,0.010215079985693576,-0.0022842501220802264,0.008193409000894526,0.0028549386572094453,-0.004288153255308096,-0.006032871806780791,-0.009332798602904518,0.003984256842532309,-0.002331147320751604
2019-12-24,0.001145683272441813,-0.0004843162728374235,0.0022842501220802407,-0.004027358038427043,0.000328770068327975,0.001272455582809841,0.001314432314093643,0.001405535208300932,-0.0012616917575717615,0.0022508912093705514
2019-12-26,0.004407886379925334,-0.00032281593813298287,0.005525669083135519,0.0023206346713910055,0.007425288332256704,0.0009531731064451735,0.00602490965334208,0.0017151818278854447,-0.0006799879582518514,0.012130967999887826
2019-12-27,-0.0037535262677165565,-0.004206365777924141,-0.0025964421639438928,-0.0008545067158205437,-0.00010876733413540179,0.0044367364566524166,0.0036497225008340108,0.002955694873336287,0.00029164510456550647,-7.923088711423061e-05
2019-12-30,-0.003111410377528633,-0.0031610401434565946,-0.0029292269191915875,-0.004650752150589451,-0.0057831601523700175,-0.005230841300994706,-0.0007807354544832717,-0.0001554096918237847,-0.006021490883542601,-0.006446929216776861
2019-12-31,0.007353395046741245,0.005679088502046394,0.003254229486394982,-0.0006133176357992521,0.0031683990759639627,0.000952950153557984,0.0070065346697540795,0.003876222251479751,0.001965422953561801,0.0014361401339890347
2020-01-02,-0.011791641611302589,0.008953824187175278,0.009699350820112194,0.01872648808525277,0.01858913007444023,-0.007970673838275188,-0.01170514433561575,-0.012614162773390858,0.0026469148771456723,0.011810238219788398
2020-01-03,-0.016276681147991166,-0.002975681756648073,-0.010674605833589224,-0.0019292449397467638,-0.011306717095051287,-0.0016015995496131493,0.0072992843675565204,0.0020354161479670045,-0.008752651234945445,-0.008546421264869531
2020-01-06,-0.004363146086688019,0.007751396812250219,-0.0006505359791107726,0.0003618454646131338,0.0023795569866088937,0.0020817955064243074,0.0002596165180131319,0.0009379994947033279,0.006203852316024621,0.0027775048348156047
2020-01-07,-0.0011781239815048272,-0.0026320507678436063,-0.006529725561013883,-0.0020532099039496797,-0.0004322178723450102,-0.007708478572030104,-0.010965986794472079,-0.001407365642652572,-0.0019653959883774697,-0.0015860274634456597
2020-01-08,0.003529708132984957,-0.016609032621664823,0.006529725561013861,0.003379365264965116,0.01064349128519691,0.0037009380271955565,0.004975661533253379,-0.0004695140159380337,0.006470747364615994,0.0030117313461567046
2020-01-09,0.00368463345748593,0.007342160160740716,0.006163869221094235,0.004208639854273813,0.01127192493746485,0.007042362473464225,-0.00026111515848762436,0.005464211229844438,0.004290577081300716,0.005288272562435163
2020-01-10,-0.004020214928480796,-0.005668589571197171,-0.00746642177733599,-0.007104247926981022,-0.0023290932484549484,-0.0006382280583747661,0.00962155257875182,0.0026431340827791435,0.00029195964298560313,-0.005446746555038111
2020-01-13,0.012841176704044504,0.0003341963669200605,0.006819255504135508,0.008183722399239677,0.012428989170252142,0.006522072240103714,0.012090160914398079,0.006037556357138027,-0.0035082477746246126,0.0031611620422228124
2020-01-14,-0.004151083342935857,0.00016726299449425696,-0.0019435288111865308,0.00011969015717281708,-0.004721537882488961,0.0003170191386032793,-0.004869930445911856,0.0029282206724684447,0.006033935616308718,-0.000315577973447562
2020-01-15,0.006798561869378079,-0.007380170374637817,-0.0055276048043459295,0.0015568883126502848,0.00115628348732214,0.007107338542816641,0.006913066215947534,0.01390697051150714,0.00859882643301437,-0.002291544254294042
2020-01-16,0.005931927262563343,0.0016822139817378673,0.008764839673779489,0.009882851844469067,0.013357253069197963,0.0026718651763595357,0.008891587958753418,0.0062034804004441856,0.0051813870696969955,0.008899498302400584
2020-01-17,0.004425737095882405,-0.006407272805121355,0.0029044400112159157,0.0001186141673234249,0.006715130006608978,0.001725016135770061,0.001263602382590264,0.006914109137971155,0.0,0.003522146890152039
2020-01-21,-0.010853541917241518,-0.01809234496654273,-0.00841406059197214,-0.011079131201975232,-0.00041183726218300655,0.003441341519784148,0.01005315712191557,0.00909573307570614,0.0010520931566562208,-0.003051965500174542
2020-01-22,-0.003975969433820502,-0.009691720225238683,0.002920602111914394,-0.005284736801913606,0.0035984986069790763,0.0007805730805024197,-0.008034471561305932,0.00311222484882428,0.0012422725027479546,-0.0004701813899776721
2020-01-23,-0.0011628604628197722,-0.0038335438740378647,-0.0025955995447108863,0.010779861265732237,0.004710380161606866,-0.0009369294300055078,0.009533672113966546,0.008839068360355959,-0.005073722076214638,0.0014885175153814597
2020-01-24,-0.00717193709308532,-0.01158916779646966,-0.012751770457671462,-0.0046570866421239586,-0.004710380161606733,-0.006895224203049303,-0.0014992005526605076,0.0026368957499239712,-0.016839516474714586,-0.014033622712920328
2020-01-27,-0.02183021255143907,-0.028120739701067692,-0.015586372879037991,-0.019091732896792956,-0.024099514678629592,-0.003150288782812978,-0.004260237229131465,-0.0024903058158366456,-0.00764201321143259,-0.015039199852533831
2020-01-28,0.01122838205928534,0.004530987506461601,0.011630105367790699,0.006444981729506055,0.01895445017250091,0.0012612925078937494,0.002508108566326473,0.00409805135285976,0.004905413345634161,0.00970539565936941
2020-01-29,0.003209378483418229,-0.010543539965386919,-0.001653276583712878,0.005319438390965034,0.0025760067367708306,-0.005054672143221671,-0.005274407842147755,0.002625268946515114,-0.00274410939991325,-0.0005588457401279703
2020-01-30,-0.006259148970492025,0.008008849433819933,0.012496027067980775,0.001084271403964781,0.008606636982439788,0.011806777424800572,0.0022637328227949676,0.009279474978885156,-0.007288395608532926,-0.0016786066684768644
2020-01-31,-0.022306913190772177,-0.03167847495898984,-0.021136947151259158,-0.02339572810193076,-0.0278269288012553,-0.01133153251946894,-0.014425029890450292,-0.004483592738355502,-0.02017037687268051,0.0025566710155555785
2020-02-03,0.020778679957848968,-0.01318504505670846,0.00698504781024726,-0.0003698471432445059,0.013130615671160455,0.0,0.0010195333576593563,0.0031839439075794043,0.0090371341162089,0.0070769257265209965
2020-02-04,0.017520481627225453,0.0035956760147342255,0.009566324819162187,0.018694431195440397,0.025855828583485833,0.005996526558986962,0.01290291372630392,-0.010021143674207669,0.017439919595515146,0.018059367272839272
2020-02-05,0.018367345102210386,0.03690739954183786,0.019828209796615443,0.01656684873581798,0.005834673652041704,0.007991908506702505,-0.0007544663950646873,0.004078746011871809,0.019070373780831054,0.005045201344962762
2020-02-06,-0.0004922577687017675,-0.010248865677056513,-0.0012882897653463047,0.0032096388764421935,0.009085660163250596,0.001715261594552923,0.0042677242209045105,0.0002905590945838459,0.0008668661001415344,-0.0022477254083721186
2020-02-07,-0.014374068751570363,-0.007014966755490521,-0.003550979796262384,-0.007265847339612415,-0.009186100864052905,0.0012457767023391312,0.0005009383427298779,-0.0032022215924159088,-0.007829964051724725,-0.0043549129174721805
2020-02-10,-0.0004995603209922137,-0.005014371115100717,0.0029064540377017585,0.005602809363206556,0.013451228649406996,0.004192857466542321,0.011451465136850966,0.0037834231488763615,0.005323187442444736,0.011237372214429631
2020-02-11,0.005479623188642782,0.011109096219243013,0.003540967886712287,0.0037970882650843665,-0.0033707417774616593,-0.00372623969716796,0.012055675421856354,0.003624859746784364,0.005967393955131811,0.007829804963002914
2020-02-12,0.005449618003158823,0.013351796124255725,0.0006423171473575886,0.009312065111315273,0.010766074472078413,-0.0004666177693744075,0.006338372854590926,0.0007227813519058846,0.001246757033261635,0.010194081994531179
2020-02-13,-0.003629919853653762,-0.0030934527433148953,-0.00032131366802795375,-0.005647563969887028,-0.002656052253804184,0.005895972035159192,0.006056847471481246,0.011073859962619271,-0.004707374379113373,-0.001742306019858618
2020-02-14,0.00016521753435289573,-0.005299141350042731,0.0012844292808227105,-0.0012987960079012405,0.0043246379636189825,0.002317991506758409,0.011527461898768965,0.006699518989604217,0.0007703595049205491,-0.001517310262406967
2020-02-18,-0.0024817787401039447,-0.008279083257859567,-0.008700020957766796,-0.005687343105333677,-0.003733714993438776,-0.0035565098881701544,-0.0009551226205602231,0.008347089652262255,-0.003566542949978993,-7.621017498755817e-05
2020-02-19,0.0026471119302822195,0.013213812917499932,0.007415591676944153,-0.00035644131336867973,0.011841494233780512,-0.0010846494599744594,-0.014201929779283438,-0.010907313982136966,0.004624220826058187,0.004470551150781956
2020-02-20,0.0016509739373627213,-0.0010943936997125717,-0.0019291558421348828,-0.0014274383698504808,-0.010464267624712652,0.0007749891139247452,0.011089690783121492,0.003554242112237502,-0.006460575492156011,0.0003777731467932409
2020-02-21,-0.004629441214018019,-0.011934727475866342,-0.0097023503573185,-0.005011939945504227,-0.022669401687162142,0.0017029900856085814,0.005260852338044334,-0.001846631906874352,0.0005801198184376364,-0.01538362744330564
2020-02-24,-0.028578532901887218,-0.047276666962492234,-0.033038951471139784,-0.028885654561655982,-0.04220993418819118,-0.02331689543005513,-0.013445772118559763,-0.011727730533004408,-0.03202596490499022,-0.034987007325891155
2020-02-25,-0.04410289900115699,-0.04515609182181037,-0.034516015703281326,-0.04161231634359326,-0.03251733886814109,-0.01821436068512785,-0.02546029156987132,-0.021228082902702637,-0.030818703743477723,-0.02706786972172196
2020-02-26,-0.0033919185026438634,-0.03065182898285961,-0.007328534199436558,-0.00760257698098303,0.004541053877174854,-0.005659218312761581,-0.008716360484902465,-0.010191359335258464,-0.00010290433590935063,-0.00795253977568049
2020-02-27,-0.04798578260180154,-0.05496064934810359,-0.043671804101204734,-0.037829776066220684,-0.055446511658295804,-0.041551883613676927,-0.058188790882332135,-0.04602544503397606,-0.034569296496778416,-0.04125417673464311
2020-02-28,-0.010941350123552913,-0.0008834827971104358,-0.027449671658094345,-0.01843923842661554,0.007610730700496167,-0.01997523723613087,-0.0249644408842143,-0.03399259512468276,-0.01298077621791388,-0.006453997609034409
2020-03-02,0.041974545056643275,0.03962840337917703,0.049881835468674994,0.03456302055818218,0.056215188998624654,0.05207747460865052,0.048544274899023084,0.057194114001166876,0.04579785792311983,0.0337833054195291
2020-03-03,-0.008768702478443515,-0.031050052817969496,-0.03829089374041884,-0.024758289751433023,-0.03871600201363226,-0.013679548151486844,-0.0007770755386271266,-0.01237876005892115,-0.025172127018261665,-0.024502664188945412
2020-03-04,0.04063110338718203,0.02337753529177556,0.032549892227873196,0.040496387558418424,0.0420262848907398,0.04795224649863288,0.038133675595740525,0.05519153077181146,0.05604701294260546,0.033972829071457544
2020-03-05,-0.03222626527821896,-0.037271589069809534,-0.049420023394692425,-0.05016413220574425,-0.032068395452774824,-0.019002555564292686,-0.023216097391451238,-0.015545042128616696,-0.0234756606853226,-0.03800116714577448
2020-03-06,-0.026363310704002517,-0.057824679601265624,-0.03461851194979079,-0.008795162213159872,-0.021365071670943352,-0.007930824105018,-0.017252617634352267,-0.008162127267253147,-0.005338068531937133,-0.015492030775471344
2020-03-09,-0.09826615736495474,-0.2249097464324101,-0.11343860394452453,-0.09673238630942115,-0.07895602047573554,-0.04452574768617799,-0.07326915355556116,-0.05592331077678101,-0.05338140629517086,-0.06504439301987786
2020-03-10,0.03979912263743165,0.046345717550294756,0.05708536085360735,0.05054794970638775,0.06456880644443669,0.02830790371540533,0.0474851323047021,0.009254263791623807,0.033735163682369874,0.05381716195707599
2020-03-11,-0.048701047192997074,-0.05433313276944446,-0.0557710371832681,-0.060479932742338205,-0.04839085099745343,-0.05029400550469149,-0.055059875288541206,-0.051580993292534544,-0.03896044513749552,-0.05624053497808024
2020-03-12,-0.10123337390728844,-0.13323415145916978,-0.11445028752872068,-0.1092583726941741,-0.10270276942263648,-0.09866771317419595,-0.08980579842907647,-0.1064022394446184,-0.07758993211923218,-0.10653269737063442
2020-03-13,0.0678264927196415,0.0882831731485613,0.12360277935528455,0.0752084973810785,0.11093250429580055,0.0816776996750858,0.08415762785926287,0.053056266043987686,0.0670567381984358,0.06002627737119809
2020-03-16,-0.11662825727824051,-0.1462602156939303,-0.1474485723136668,-0.1204079998613175,-0.14866252773593427,-0.07024274538824593,-0.17436670055237796,-0.12056112951510495,-0.1038177015024993,-0.13546051210103086
2020-03-17,0.0600133362523378,0.006808650631070855,0.05287548504782346,0.04502792483929336,0.06586405635055698,0.08096078423485374,0.05891744363679198,0.12038771641130946,0.06088390438926402,0.03778157123462088
2020-03-18,-0.06607162165262107,-0.15498423251926738,-0.08870301877204327,-0.07652240665155405,-0.038405437290151355,-0.0260262593815268,-0.07283724757913117,-0.044507011531527,-0.0337228163186385,-0.05916398631680516
2020-03-19,0.02520221159706171,0.0657628565035607,0.021649806765535566,0.0007395114723888476,0.0036138548501620242,-0.033932293800737146,-0.015851725422883597,-0.05996770037655789,-0.020696366133234372,0.034282692459152095
2020-03-20,-0.03644627403359622,0.009714441832939475,-0.03634862828662665,-0.05138067869254884,-0.04690838827108771,-0.06695381419994836,-0.058282690983742995,-0.08264488950614945,-0.03917718228454363,-0.03017414951682109
2020-03-23,-0.05232293352593374,-0.070592594971542,-0.05994490781939685,-0.044788758468189416,-0.009176581860303396,-0.030039900044516184,-0.057171705680916125,-0.05237665985481131,-0.05333591731688927,0.0016464433421941181
2020-03-24,0.11118439604077231,0.14874192721815674,0.1169018361610405,0.1191262415662463,0.09750319005020261,0.049739748399062075,0.08360184198331162,0.10210571045057029,0.07423219468309232,0.08965458790972222
2020-03-25,0.023063865450435227,0.04608746746563948,0.026840788344553626,0.05126581644795158,-0.0012891988405433017,-0.0027430320854657775,0.04347737749542326,0.025202201872406148,0.013225906111530796,0.017395439351399547
2020-03-26,0.045897793029900116,0.059309423452039024,0.060883969250713106,0.061204323317506304,0.06008539977858234,0.05329256538376223,0.07398438098622873,0.08180493210345229,0.06431576805009034,0.040534604319016974
2020-03-27,-0.03681942965065614,-0.07019221392225207,-0.030930147588522326,-0.04304045232109587,-0.046248075549268935,-0.004661471208279256,0.002566434885339106,0.005402579074549223,-0.02164891267641213,-0.034088667817196404
2020-03-30,0.031360253736477925,0.010184417674039733,0.018859171786275736,0.014497874616833143,0.041254526602482654,0.03831492669533741,0.025622397087081313,0.036329028146920475,0.04576528177110471,0.020692164361046383
2020-03-31,-0.013890427389949894,0.015256981758327608,-0.02794393351013611,-0.012462391637811446,-0.018858045984349505,-0.02053332614001788,-0.03237371715152723,-0.04119011676614977,-0.004392923192669966,-0.02038622563558929
2020-04-01,-0.04611828630709684,-0.05082265051084595,-0.06293858240982546,-0.046124675918267806,-0.04882741790638092,-0.017034273343080678,-0.06256178350212656,-0.061978991400122564,-0.03878692732004649,-0.04568513609806258
2020-04-02,0.014999426739351772,0.08764467850002246,0.02475490185675721,0.01322195492464658,0.02311728322541779,0.02526191562080293,0.014658343752750626,0.030818176461093156,0.027319445961895394,0.0037280599091003945
2020-04-03,-0.0243430706192613,-0.010670166814981332,-0.020161848809491904,-0.013399531988123011,-0.015567870559039678,0.007798905900713133,-0.008496240493489592,-0.036402148254950396,-0.009062495757989305,-0.01759123092666335
2020-04-06,0.07175852924725538,0.05161182874586978,0.06933198088880708,0.0669320629024167,0.0818758550783624,0.03654203523716188,0.06985726829798278,0.07439751516706478,0.05110324152491396,0.07993453275121487
2020-04-07,0.02630013792863801,0.0211063615409045,0.009926993965629214,-0.0023267889775346494,-0.009000515910356893,-0.011562831510412167,0.00031834014393260663,-0.012626399860984608,-0.00824594441728214,0.014775365699265089
2020-04-08,0.047776343779721286,0.0645773991586147,0.04281431746790339,0.03563042727513052,0.02652852389536998,0.014693342123765878,0.07240193098503184,0.05302546571959782,0.040353625082610055,0.03101322170929472
2020-04-09,0.042103051632036294,-0.009100255155213883,0.05223950917197274,0.01498052013081288,0.00023452105943638288,0.009332772616972388,0.05021246735198197,0.04608934758981963,0.005498734844052863,0.01787518723275955
2020-04-13,-0.02222084861445523,-0.0032490315101793284,-0.037033243866648274,-0.02969971124801165,0.002227787999195346,-0.007424698452252321,-0.04696241540335952,-0.0322418955927284,-0.00879099202690286,-0.0002811219004813861
2020-04-14,0.012842319285117238,-0.004745147912925507,0.004428583207044153,0.018885175570323456,0.041070125574553536,0.041584140884788734,0.03278995602224576,0.02894860272551985,0.03265263050770074,0.03835479593596176
2020-04-15,-0.04702497488506294,-0.048106727900002026,-0.044271332583610025,-0.028051954507938643,-0.022046309108350412,-0.01591965480527477,-0.039300865015714656,-0.033543173266442836,-0.005161519645561387,-0.022171359781152734
2020-04-16,-0.005777955249680618,-0.04367210548559494,-0.017707340045463572,-0.00891999222403252,0.012106031565972158,0.006566223474924534,-0.0065533000025935675,0.0001705752395867567,0.021602875685649895,0.01192219022615169
2020-04-17,0.039364044625990365,0.10095193772349288,0.051316368366627535,0.04588647844532758,0.013194607328815108,0.015155568829561641,0.031767358184429786,0.031722064966467775,0.020551309370081816,0.029110126189942905
2020-04-20,-0.02498131858425911,-0.031720307516311524,-0.01757173653614878,-0.026985331067980227,-0.016150465439117415,-0.01986548641082796,-0.03776278416281075,-0.03856661140043339,-0.00796981609466058,-0.017598316707952047
2020-04-21,-0.02499343870941875,-0.017791732397852485,-0.03280470822424981,-0.023890901236011147,-0.04280207551129281,-0.021473111204596676,-0.014841845508530653,-0.016621210423774065,-0.030877856000492143,-0.026298196313935557
2020-04-22,0.01947025665081124,0.03497378068280578,0.010745009562928119,0.010450389072862712,0.037779821398781145,0.009600608358381755,0.01724440100971911,0.028738275271431208,0.015151727484745893,0.021329083519290366
2020-04-23,0.006950168599154137,0.03176746684479006,-0.004190860055284811,0.007889520989754468,-0.006889424038406066,-0.008911785505787846,-0.011463139671410636,-0.016936528625203274,0.00547151236325169,-0.0002718410456887329
2020-04-24,0.015563823051361135,0.0023132504963458917,0.014361630653698085,0.00799048766150167,0.020979155349196848,0.010616446448576533,0.003634217837195464,0.006191748413487617,0.013350428669037198,0.016799782590094382
2020-04-27,0.026325001749972553,0.021432756605787105,0.03347257574914931,0.02454583457987244,0.008538376397841501,0.0028916282524529854,0.028607567805103068,0.010405395077792423,0.012780638201099898,0.018535352758527246
2020-04-28,0.018388078551511564,0.02264216944098925,0.010619652429774085,0.018527603541455176,-0.013401964349347291,0.0055887366363525474,0.0008807865293165854,0.0037264510729216192,-0.020387543951224562,0.003927599656748884
2020-04-29,0.025188472278723305,0.07145937905491492,0.028635401342184206,0.01895446230612905,0.040223221097112266,-0.004231117045221297,0.002638192493528701,-0.009171475662916869,0.006609460207213247,0.02179893273370364
2020-04-30,-0.030187379134245847,-0.022379512720446783,-0.025559190089978173,-0.020043998477921758,-0.004475196336028097,-0.011943402269738957,-0.007050660118227808,-0.023302746630149293,-0.004602017122465458,-0.006241206604343069
2020-05-01,-0.02123402730232168,-0.05824263823542903,-0.032555832773698126,-0.03067925121037828,-0.027842802396074656,-0.011046082438723912,-0.031140109202101012,-0.024395885697298093,-0.01923531436453975,-0.03811001280467037
2020-05-04,0.0035379376722061654,0.03400381162779625,-0.009107473398818454,-0.012767811201959665,0.013186024089588815,-0.0005207873695876197,-0.0006086201739797935,0.0074880309440232985,-0.000511311061028457,0.0054202888671031355
2020-05-05,0.002547074062057496,0.0008085513346636677,-0.003207293836523456,0.0038961105875951886,0.013671665479399828,0.000867828332828396,0.006370383426396917,0.008136980185857916,0.02144972203682875,0.003626477678761405
2020-05-06,-0.017371166419425276,-0.02647875681536888,-0.021805687803517083,-0.013867476811719905,0.0077449326144393696,-0.010990063796870241,-0.01861799366064885,-0.034594008080632045,-0.009959278920225464,-0.0001765172139983539
2020-05-07,0.020302465412990515,0.0256702054807052,0.02318123757586381,0.011596613419166436,0.014883671859666218,-0.0028104666520646897,0.008894594807991044,0.0040041278030642094,-0.00010141365892695683,0.015596235272593862
2020-05-08,0.023716541027654116,0.044557435859415746,0.021311114264790966,0.024542236029729787,0.014559960434048256,0.02209350889576535,0.018154720140442955,0.019963196345246435,0.005143732962109872,0.019287888730067093
2020-05-11,-0.015361226859037899,-0.017690458269223695,-0.019479370200614275,-0.012596860037065555,0.0066250810991007585,-0.0013774087769581448,-0.012066428083322677,-0.004282889693278842,0.017055228194370168,-0.0022197363996166288
2020-05-12,-0.015404465044948532,-0.01774179945813694,-0.026420913419954156,-0.028482712625907947,-0.020863882576489662,-0.008478436460743583,-0.043417918259747834,-0.008800881685008626,-0.015346569579413582,-0.022123222926277927
2020-05-13,-0.021250129922991492,-0.046481758973142245,-0.03003825075163933,-0.025415305246637626,-0.01738044880903569,-0.009076600242800353,-0.01597465391181448,-0.008515581582545714,-0.010904857560930695,-0.017364083193088433
2020-05-14,0.012169917273774297,0.011133059738892127,0.02532987351876152,0.01044489051000834,0.012660350991146149,-0.0024579417377181964,0.0012872343149547348,0.010678083710435826,0.010904857560930617,0.0148267925116157
2020-05-15,0.008687005666280986,-0.0038826122797363345,-0.006629033690178829,-0.00352549512959939,0.005041068063433169,0.008750560326978038,-0.003544246874626964,-0.013411030210895574,0.008400061439195765,0.011583824937661287
2020-05-18,0.044597132926822186,0.07852406039164833,0.05003370664053845,0.0638444045084891,0.02420459824951891,0.015732077269205395,0.04759062462676744,0.04023079842335949,0.008231525619696249,0.03714373565713554
2020-05-19,-0.009634434533511777,-0.028398485253978024,-0.024703619753245663,-0.012862163218747143,-0.0036616859185727383,-0.018523831119279723,-0.019581020452323034,-0.016611041293539498,-0.012122753803272714,-0.003594383687341337
2020-05-20,0.01581955906208422,0.03912920460034217,0.02198876027951067,0.01852631747010709,0.021668836952745626,0.01181182829966729,0.009372020836383223,0.005508541826173973,0.001198862885809146,0.012978765486546006
2020-05-21,-0.009575067183761016,-0.016139477120116822,-0.0031767280194971593,0.0023504154054047387,-0.01404701897456887,-0.011113139297359367,-0.0049876387187524,-0.010152278546344776,-0.007416354756384848,0.003548050614469307
2020-05-22,-0.0015100401048561008,-0.006217904222545912,-0.003643085114112338,-0.0007829454605031285,0.003634016679876816,0.0034863746795385565,0.021639049357709557,0.01103816968161347,0.002110301764217973,-0.001483838715476081
2020-05-26,0.027026030219646193,0.027427155726818545,0.05070026798472768,0.04112255203780962,-0.0010370622038408288,0.005379536349050536,0.03130936334111022,0.006529346796807786,-0.0018087503861417126,0.015713493720525065
2020-05-27,0.010063111900904517,0.012812701398160412,0.04245102193119949,0.03282906250277086,0.005689918367999423,0.014944628337868705,0.021115049480459284,0.011890482474190322,0.010304957240630588,0.0169885719205408
2020-05-28,0.009241848272912835,-0.028356428595904606,-0.015919640460845617,-0.009501138633327114,-0.001961847799310478,0.00882691903015748,0.0112539182482926,0.029121247788436878,0.012954178088621064,-0.012209022896369525
2020-05-29,0.00018018387406174572,-0.004633225905939439,-0.011467527438911794,-0.006187535240324489,0.012530711149862548,0.001013889985633438,-0.005755540338068109,0.007736552370357669,0.012012851482090048,0.0036299655080429135
2020-06-01,0.006829813278300935,0.017391648003309352,0.011467527438911785,0.002214434197092875,-0.0003058983639994807,0.006898159250747639,0.019717845965816425,0.011824678871966315,-0.009951473387461244,0.009456815201181822
2020-06-02,0.017929008846704685,0.027508729864135408,0.007991454722220848,0.012892207963068666,0.009349530675592525,0.002679092661543093,0.006487043755182684,0.0064360667310847846,0.0057682883769974705,0.008498461362642573
2020-06-03,0.022441400527800682,0.02893089479120692,0.03660683548320536,0.03826789858847878,0.0077589955435776485,0.0013371209576805286,0.02361548284637118,0.011937153426758046,-0.0019516153617740429,0.018725593794362276
2020-06-04,0.0036062720339994944,0.00023977200904224083,0.021574953348433793,0.01059127434657171,-0.008264880402135749,-0.004854852573711869,-0.01884742964173944,-0.018042093547419858,-0.007943191018030865,-0.005057978281783712
2020-06-05,0.025219272347133122,0.07164091357462354,0.03648048121719067,0.03607565623485533,0.02597299693766321,0.013832381610958396,0.035997625391222206,0.01266331489302954,0.0160175194138346,0.023668215996667095
2020-06-08,0.0013362952138037797,0.04406355378026894,0.018875893690142535,0.019857577781646183,0.005016492679383088,0.010700629539546449,0.02162693948547793,0.026449043479642265,0.0068557241137448145,0.015123304453363845
2020-06-09,-0.012260012520612847,-0.03828212259813477,-0.021546865250760293,-0.025220316226736875,0.004698563590831159,-0.00822101415174861,-0.011690100205924632,-0.020257789229277172,-0.010447050710446121,-0.007835484472119148
2020-06-10,-0.011385869274281032,-0.050476822376465745,-0.038166737948918325,-0.024219071484843858,0.016561277049355793,-0.0028106859398680543,-0.018883519292858968,-0.005864326957289632,-0.0015570870149473684,-0.009423281238050113
2020-06-11,-0.08039899184661325,-0.09895472562602733,-0.08531665667651038,-0.07282671265260093,-0.05905310897553034,-0.03865128341303695,-0.06381261130055989,-0.03982852793008454,-0.05721576186790691,-0.053799983053555295
2020-06-12,0.019261181588388118,0.02491846141948686,0.02981508226365799,0.019218712499752783,0.012857893505094645,0.00017199541464927692,0.031150116119889097,-0.0025533703441605353,0.006475958498139805,0.009861816107192917
2020-06-15,0.0104828116830791,0.0030090989958022046,0.013752924760545591,0.009832515602801555,0.00961057251688934,0.011461917927035709,0.012582041421596801,0.006794552580598934,0.0022513378810315216,0.00944938816737536
2020-06-16,0.02064130294651604,0.028386822013130312,0.015606160903441363,0.019379015191779772,0.021097004839374142,0.015527791946703279,0.016533969206988606,0.004560502102998082,0.024338555951412794,0.020804660919698178
2020-06-17,-0.008311771296709273,-0.034665708738786945,-0.015192394606150413,-0.007223140996854862,-0.00019530588382417165,-0.0015084201607265585,-0.011821492402873189,-0.003037945105699273,-0.0009981269702601533,-0.0026351896197121818
2020-06-18,0.0007098696818445028,0.012270297027159824,-0.0012418128539795526,-0.0037024553021135316,0.004478138456874823,0.005186193472625898,-0.01252258173558547,-0.00016899823910554844,-0.0034015071772139985,-0.0036541557153669103
2020-06-19,-0.0030212355861495006,-0.015298377979889288,-0.006650059457827974,-0.012345816925527147,-0.006920338140201666,-0.005186193472625927,-0.010132515580261545,-0.028465629127666394,0.009574595774664811,-0.007820131462611984
2020-06-22,0.0036977590923291006,0.004621982753222469,-0.004964458761592149,0.0016813270256630672,0.01866550305688114,-0.002860802193177693,-0.002854866546726555,0.009704634244417927,-0.003845227102558542,0.01022431908542612
2020-06-23,0.0023154650206916863,0.0010190378821860599,0.004628405886110983,0.00014493652752020986,0.0071940096854185695,-0.001526858941749273,-0.003723367043435406,-0.010125528770018958,0.004293380938860934,0.007835927955287156
2020-06-24,-0.029610432818777243,-0.05708372939603932,-0.035901231751179326,-0.03537606876414209,-0.02281387702981423,-0.016950909331547227,-0.02586966357572187,-0.009166350616411361,-0.026450017391784562,-0.022271050975193746
2020-06-25,0.01238405028433759,0.018951390141419777,0.02619886722308316,0.011041716161456543,0.012727894470978843,0.00705504222895614,0.010545087662159325,-0.012473579201179827,0.009772918840196758,0.0013423503453409535
2020-06-26,-0.013850868866990086,-0.03525170815869551,-0.04375829245112065,-0.018722836853045505,-0.019891424893273668,-0.02061587892207688,-0.01734073614326303,-0.010635600357594789,-0.012231145244663382,-0.0237162426138835
2020-06-29,0.019266092731282623,0.013331479591850168,0.011010928586030767,0.0322824806122804,0.01087213416610295,0.018727853707312718,0.017049004322887043,0.018672204340716553,0.008984134635616129,0.0188116063131543
2020-06-30,0.01429874924686376,0.02271330502165136,0.01348694296699021,0.005693025189022154,0.017766460878938378,0.007359791938577243,0.014467963955205894,0.003728409829343669,0.01693069359495193,0.012687018701184707
2020-07-01,0.0021273928115577816,-0.024606788941458048,-0.008680283899694441,-0.004523082458280717,0.0016254350575035641,0.000852362327357714,0.02692519997677725,0.023122198568544083,0.007665376707546586,0.010050332099480584
2020-07-02,0.018597034675178703,0.011040626671206219,0.0013068235168049872,0.008590372469977535,0.005811610880063426,0.005098596993169226,-0.003361338983273056,0.0025941556025205303,0.007508433804443502,0.003945612060167525
2020-07-06,0.01415260342065948,0.0029419731582184016,0.01897420692055444,0.014249666911664583,0.01732756673397121,0.004903863799328684,0.001121745454166404,-0.012338324123446974,0.010086531815963076,0.023428474790983023
2020-07-07,0.00034276699557559656,-0.03229165720831457,-0.02071726379272757,-0.019336521148922724,-0.010511458931006573,0.009068216452237208,-0.016389309528013145,-0.004030020629147536,-0.008709369436020733,-0.015813294352792603
2020-07-08,-0.014321640870660117,-0.0008278013588749244,0.010412327161871307,0.0,0.016190884921935957,-0.002510789974272847,-0.0005698515442567114,0.00891409220121003,9.792037601359917e-05,0.010595134989722662
2020-07-09,-0.009428978807652064,-0.050668692539287845,-0.021374974141573237,-0.02194974590037427,0.0036136347580968853,-0.007907759457100658,-0.003426475284260413,-0.013489180325820352,-0.007893504036350517,-0.0011380526055142603
2020-07-10,0.017219270924377594,0.031440263115939705,0.03381318971042994,0.012874901745007036,-0.00027762234541401894,0.018244742677060805,0.0011436177945700142,0.018695564260093687,-0.0023802109854057295,0.011847141904032256
2020-07-13,0.0,-0.005360836983272984,0.0042538504452187065,0.004108470167366057,-0.020943052754418937,-0.0014937641505851096,-0.015839264680639474,0.0010379846933006194,0.005644046412388753,-0.012758626702104548
2020-07-14,0.024864915642938506,0.03447683100897236,0.005080313977205782,0.021440832002898657,0.011460869189359655,0.014512082512478612,0.009820943469767633,0.009294396629255122,0.01965166893877284,0.009904050173919836
2020-07-15,0.016680841373337276,0.02136080064036691,0.019653526852828982,0.025192062767736667,0.0054029424096470584,0.0008181811243804602,0.004588445452342166,-0.0039480768437444545,0.012889657693114837,0.014191850714468648
2020-07-16,0.0033032758297028724,-0.004558410152384982,0.0,0.00027968542785081695,-0.012432790501800406,0.0021243896201932786,-0.011800387637855977,0.012647539575909705,-0.0016262242671174147,-0.0026734883444264794
2020-07-17,0.008373860646964862,-0.014073167825413211,-0.008315919794146904,0.00599023084364025,0.004879367632131147,0.005372410884466247,0.013801152505359618,0.02233686013604901,0.01359643523042802,-0.004696409961707341
2020-07-20,-0.00870373992900964,-0.016765508308749007,-0.004603578470534266,-0.01229758595092391,0.02523357821402035,-0.010117470950765395,-0.00946777544908277,-0.013207532199430059,-0.00018866653033505578,0.01586321773040116
2020-07-21,0.008703739929009717,0.05866620153561536,0.019522990173527807,0.013130242692850925,-0.010091101082873252,0.008654970642767275,0.0002882029876484389,0.004533598766677995,-0.000661403966214705,0.0015427173445725125
2020-07-22,0.011541800760203336,-0.01236023591256702,0.0,0.00801694783794317,0.007989378520233877,0.007936127203408529,0.012030985306412603,0.01529536012791641,0.008939271892206543,0.008554766703099815
2020-07-23,-0.0030756891456592394,-0.0018541800229443823,0.0008221725879487706,-0.0030333304823238257,-0.026319703111623224,0.0035425766072641946,-0.005138053815196769,0.0011544972463784326,-0.004506875725186477,-0.015111013897007572
2020-07-24,-0.0034103418313243565,-0.005582875538443436,-0.0024688966974985424,-0.008041169220004342,-0.01218775773370227,-0.0012868360139999095,-0.004014862022377339,-0.006613836846979617,-0.011070767027195835,0.0017722694461186662
2020-07-27,0.014374580015982151,0.0010657106769005767,-0.00827498225241191,0.004167337425734176,0.015656400758323235,0.004977185426955863,0.011712536959228784,-0.012184178508384047,0.007488441356725517,0.006177972913493188
2020-07-28,-0.02221403951023952,-0.017190861961081782,-0.002495686539116508,-0.006955203185992416,-0.011766479884758197,0.0036766391710641084,0.019964271391349292,0.015000371884229166,-0.0011337198005275631,-0.009947777525919306
2020-07-29,0.008164762118926073,0.020646868237947286,0.018568698906193046,0.015100667910785777,0.01438319508670503,0.0014351454392596682,0.018753648291038278,0.0046211372921313625,0.01043977199463931,0.010094826364384276
2020-07-30,-0.019542562807068065,-0.040070393153326674,-0.01815234770107922,-0.01008790702806958,0.0055846025455046746,0.0,-0.00823066956153861,0.0,-0.006947645302494989,-0.0008066325744461032
2020-07-31,0.0009945106527870372,-0.00470701877690218,0.0004161779289291403,-0.0037568357516561063,0.024660943607096416,-0.0009565111483752271,-0.00110232051073742,0.0016451803967144874,-0.005763667360517546,0.00519559149756683
2020-08-03,-0.005648825193697255,0.003601542629391079,0.002908844236785697,0.004173366369817192,0.024332503274149878,-0.0027148456043249005,-0.01612483412375813,-0.010909211543837501,0.010275579331960154,-0.002118599709947501
2020-08-04,0.014062750309221947,0.02404508542625464,-0.004158074079070162,0.0024957774079863043,0.0025595693858712198,0.012396758837398852,0.014745190566972238,0.010909211543837363,-0.0044176566146974395,0.008013876826253227
2020-08-05,0.01451531730880693,0.010473913179671964,0.01365626619726851,0.01893065300679988,0.0036955480379877795,-0.0020554602406899856,-0.007484743375273752,-0.012905175695990144,0.004605309936719704,0.012117020990743934
2020-08-06,-0.0042185786322862405,-0.00804714559404459,-0.0004110452394390906,0.0037979854081432187,0.013954692475224751,-0.00015840094177368215,0.0019457699909586944,0.00581132233315441,-0.005359207339190203,0.004862956204457074
2020-08-07,0.003408819614894666,0.0013455995854547852,0.021156318469380323,0.016912939424155265,-0.015009090325847395,0.005367902342378002,0.013515972415727408,0.017885633151142805,0.003200322976108791,0.0014970921379542299
2020-08-10,0.009675881343730328,0.030462150144433004,0.007220307334731431,0.024325669200745092,-0.0028173625774233334,0.0051825725954061765,-0.0016451834621274213,-0.0003252599693935668,-0.003388905886520853,0.011896391410981396
2020-08-11,-0.001766892001156453,-0.0033976113084212695,0.011523968582848524,0.005311836491699621,-0.018150011960507438,-0.006916106039460612,-0.019396549434672793,-0.02187425446720896,-0.006337889203122979,-0.0019727231539130763
2020-08-12,0.005930881962259984,0.009898682030241142,-0.0027695877883612274,0.003225340481817579,0.02246099873369691,0.01285082551790353,0.0125121639214927,0.014362733134214066,0.016656793922622374,0.013172646926688417
2020-08-13,-0.0001598989382012341,-0.019631394468240467,-0.006359318970889672,-0.005295009647751104,0.000438683424535727,-0.0007788675196036152,-0.011673446426896912,-0.0016405461815685992,-0.0013073499016301535,-0.0004175742402353312
2020-08-14,0.0011184148541494299,0.009470970373270328,0.003979373947822915,0.003877162774061441,-0.0007021680540510134,-0.0001558186601773039,0.0025128439013257053,-0.008739436425232866,-0.0019643526196767122,-6.977960498565925e-05
2020-08-17,0.004460581348883095,-0.005777362280635821,-0.01682055056855188,-0.004654380908380296,0.006651573916499248,0.00559526358465043,0.008884330991765506,-0.001325771508515389,0.005881441711067082,0.01280167592289368
2020-08-18,-0.004141371050204488,-0.012721984424885572,-0.006483087164204987,-0.005457506862266815,0.003743754411899273,0.0040216532238234225,-0.001106234394128852,-0.004487632644709928,-0.0002791113374858371,0.006169121846915027
2020-08-19,-0.0028771832324831,-0.011536090837488137,-0.00040644688367146356,-0.0026090647735288793,-0.001217479777444823,-0.007903969271612798,-0.0206887557963308,-0.0030031599260050973,-0.003264073835507511,-0.004726347359187635
2020-08-20,-0.0035280424812721973,-0.021823047137494975,-0.009397288338033407,-0.005370390618332256,0.013224706535336684,-0.0020245885270285154,0.010677382526532731,-0.008894911120239605,-0.0031814725955519787,-0.001511891041394727
2020-08-21,-0.005799667690809683,-0.006363307317506124,-0.0020548159695799977,0.004063246626316495,0.012628261854925719,0.0024915170337376997,0.0033484021580189806,0.0016843289616686383,0.0010305530926234133,0.005144074541632643
2020-08-24,0.017458460508713174,0.027106158498444936,0.023578293409745883,0.017890071020096727,0.008611202869411526,0.008517175330774914,0.001391741853056516,0.008713175629977038,-0.004597845300160728,0.01507247185276473
2020-08-25,-0.003977403266660332,-0.014145648852318757,0.0028083938582943455,-0.0012857397390800833,0.005031103437640319,-0.00216143708408231,0.0030550824241811084,-0.00955490885332369,0.006748764803089325,0.003296805936528613
2020-08-26,0.010466382861720979,-0.021321716388733356,-0.004819241450150256,0.0005143015947651119,0.020120754169231567,0.0012356984741383691,-0.0069570580404724166,-0.01117906647417043,-0.0012153080563193637,0.009824426211498885
2020-08-27,-0.0026854279896547277,0.0019570815677362585,0.01676674610156844,0.003594110662238396,0.0008192294053245025,0.006155010631458136,0.013315065665519979,0.003231114079701676,0.00782560563318724,-0.00540167530212419
2020-08-28,0.011793418867989599,0.017719311706628906,0.003951240044527889,0.009436278260829486,0.008725878864758682,0.008857670059109195,0.0076860957711867,0.0028820035395621937,0.0022247403912007686,0.006531473812349209
2020-08-31,-0.0154381377935193,-0.02191783458186437,-0.011900361835430289,-0.012516244701782735,0.0031617783695123483,-0.002893095210656099,-0.008788847559869237,0.0030426786473854274,0.002404415068166145,-0.0029269749150604854
2020-09-01,0.027712067506238083,-0.006755099093567489,0.002789285123757251,0.01010172076091802,0.018921441031786022,0.001066897474703069,-0.0016566030738890173,-0.011543274636461223,-0.009000130180474897,0.010405901982351017
2020-09-02,0.022445418891827443,-0.004812488774708651,0.01422415176933504,0.016404421653252312,0.008855922849559522,0.01796404449420445,0.022135015314772858,0.030601041061403492,0.019840980589934668,0.013751550251963566
2020-09-03,-0.028020070094481882,-0.007405259736872729,-0.01541833053863224,-0.02843565499278611,-0.05868340726330626,-0.017354918766731522,-0.016898842545305118,-0.011324053886495418,-0.02760733511902539,-0.03225200232138363
2020-09-04,0.0006212446698716544,-0.003149559784932835,0.007540969118829489,0.0023151612538195323,-0.014039056257810363,-0.0022861032967313954,-0.0035795696955785977,-0.00571044233092578,-0.0071642000484072495,-0.011620322057413462
2020-09-08,-0.01895591505715458,-0.03710066223053293,-0.02603802808225071,-0.018934912962620305,-0.046261887461784015,-0.021280818149756985,-0.012771122553475813,-0.0055738348121453524,-0.01659872122681326,-0.013201582571685267
2020-09-09,0.025452329227985196,0.006821802317821445,0.010095175890151265,0.015331624781075612,0.03210877813075046,0.014391118732818238,0.010838247945781044,0.01312458072587306,0.01754424178025615,0.01869063730493929
2020-09-10,-0.00944938960439555,-0.03734260796314296,-0.01416159403703523,-0.012846900185648918,-0.022841686910262435,-0.012367022362165669,-0.014196570150347226,-0.017367928042262552,-0.015430002080327545,-0.014430677052860358
2020-09-11,0.012681904328101398,0.0009201433300331001,0.006903351955107108,0.01349106378598332,-0.00767253324724266,0.005584049857221621,-0.003369703671394191,0.002378399806747166,0.003927307912643976,0.001507211930643727
2020-09-14,0.01434267532325854,0.00763465232950705,0.013666034127512697,0.013438385911575194,0.02076401330850206,0.006475443951290145,0.024177786031532214,0.013651641616406918,0.014239919164359842,0.01055533916415204
2020-09-15,0.004836135857818976,-0.007328077131191781,-0.013666034127512803,0.0006355816635085176,0.009836188329193135,-0.001383957353507401,0.01309350393160908,0.00667326963911589,0.0013186797259985028,0.00816336080694521
2020-09-16,0.0007534434294160142,0.039362115766926754,0.011267931798744036,0.010112654434338774,-0.015575154979971084,-0.004472873190870123,0.006483174047305176,-0.0013312172904368347,-0.0016956522906459788,-0.005592322050634046
2020-09-17,0.007354484949746277,0.0014722598686324338,-0.010458635619115508,0.0020103793524621962,-0.008319479207284137,-0.006358122024144428,-0.022326233514975216,-0.008191915988841534,-0.0033057729854719534,-0.014154004953417733
2020-09-18,-0.017347059688211583,-0.01124286704820769,-0.002024041748626222,-0.01123408779421167,-0.017385416813400972,-0.00922103127972058,-0.020022926331915426,-0.01778357240801338,-0.00151494852346722,-0.014009310438983492
2020-09-21,-0.034243251808001265,-0.0337076071711313,-0.025375141298747298,-0.03375890581689266,0.008278490322625523,-0.007658038828459931,-0.027126105101217064,-0.006241160276439794,-0.01864675510858594,-0.014549758100925084
2020-09-22,0.001896649312652235,-0.010375680723564346,-0.008392906299252382,0.009837140058212996,0.015706700686240964,0.005871685275008177,0.011834718641849786,0.006224132842638952,-0.0021343011885931523,0.020909290694654126
2020-09-23,-0.029809969984044157,-0.04624938968559542,-0.022587806089411078,-0.018042449947089256,-0.03166382798258354,-0.015145814416333014,-0.029114180278311853,-0.015458541372165856,-0.01034863454275173,-0.016537553161807682
2020-09-24,0.007132409767801165,-0.0003308355229879279,0.0021530082219818687,0.0014602959110039905,0.005586993291597183,0.007362467726760876,0.004715633683625719,0.011140242729219067,-0.005017509885440413,-0.00042218275843321684
2020-09-25,0.008844666541311648,-0.0006624668123387336,0.01026950618527825,0.014883869596754747,0.023622428365604284,0.005248387979466541,0.019220181541612563,0.01631072388622081,0.015948796116542787,0.012937568966055064
2020-09-28,0.01604110303623775,0.023252982903951364,0.023560389338102998,0.01788066682494748,0.01895219844285516,0.011199807160718339,0.01715794352371715,0.0025511623268620783,0.008986915705573159,0.020698517828202576
2020-09-29,-0.007432760019223846,-0.027902657822976764,-0.012552576994765183,-0.008900530342739549,-0.0033642024133591526,-0.006609928745143842,-0.005116280159259796,-0.00033983027207661656,-0.001251348799829512,-0.007789018801703809
2020-09-30,0.010107536953918004,-0.0030006402307777985,0.013383804612549923,-0.002594578579529373,0.008346571340724307,0.012085205900040094,0.005116280159259817,0.008965951466235954,0.01586264174684869,0.008129540199894803
2020-10-01,-0.014243015343901605,-0.031199592936268193,0.001660472444957653,-0.0029923005225856573,0.010484742366552256,0.005600413916378472,0.016310634659977237,0.0100534020275125,-0.003418747505101675,0.012978554232437274
2020-10-02,0.008886220656538666,0.009598998092316175,0.007849614358106152,0.011143038893175593,-0.02568106666131728,-0.005600413916378451,0.016049367194615097,0.011767912462349223,-0.00917437627604127,-0.004239986252193441
2020-10-05,0.01893493464328575,0.029582198257708348,0.01632669582184008,0.01597781121194633,0.021687484817565373,0.00668584349176422,0.00547484737881349,0.01244491629229095,0.02033725385432064,0.013132298244271794
2020-10-06,-0.012635739822952971,-0.015017864146616126,-0.010172905054206306,-0.012248409713014378,-0.015615817981701469,-0.006529701171541576,-0.008499044922162446,0.008426697052398137,-0.013353384389156016,-0.018678237500603077
2020-10-07,0.025419677226209008,0.014023669917106374,0.01662970410813145,0.02183964131311655,0.018166807825734113,0.01070522041539941,0.0027497457612687547,0.00611292235902325,0.018700875337113457,0.022597981262712778
2020-10-08,0.010050514868359367,0.03678200911206767,0.013584130763956224,0.00987322615105961,0.005166415870857243,0.00661385737082222,0.016610195085833057,0.01811905801907996,0.004854100965090595,0.006542339828521049
2020-10-09,0.007697424199596373,-0.016108721056191967,0.0011896037349359598,0.003723698991861865,0.015175332449146914,0.007787737875833462,-0.002704200929493802,-0.00015760752660434835,0.008992012212299418,0.010354280517883915
2020-10-12,-0.001655210682127926,0.002594936488414911,0.011036736523897112,0.005683210004828355,0.026926674802140105,0.011494563865883689,0.005131583951778348,0.006281404237928678,0.00680580866747746,0.013211596897985258
2020-10-13,-0.00892520326313118,-0.01567128644772654,-0.01939484293589331,-0.011149880868233295,-0.006419242453547266,-0.0007519482672028207,-0.017117301817480807,-0.006911940645531607,-0.007636973462526494,-0.0001929037687065319
2020-10-14,0.0028829897456629414,0.004268572806016286,-0.00963881634115815,0.005590685814198007,-0.005313003778391399,-0.005129979975714262,-0.011576979405766238,-0.0012617684082609198,-0.005835797357202816,-0.011130118833723708
2020-10-15,-0.0028829897456629423,0.012050377966927536,0.007638271630218958,0.0035861766489533524,-0.004517429320702571,0.0006047770767698978,0.004701932352140466,-0.0006313748637311406,-0.007272634461699457,0.00370238639616821
2020-10-16,0.006965185497686005,-0.022921694639998328,0.0008005300279246153,0.007256576217286047,-0.002885497025349067,0.0003025181071354667,-0.0035938071464863726,0.01068199907152096,0.009870501853787314,-0.009117879112754797
2020-10-19,-0.011686780870716118,-0.021427179741561372,-0.015322713662913252,-0.012454707402549437,-0.01849909048985986,-0.013082177422151932,-0.015910782189272724,-0.008473395725913957,-0.015971788116260443,-0.012375657233892313
2020-10-20,0.0022872659169376167,0.011774742529360288,0.008093751267469328,0.005198131185263538,0.0034422949490905508,-0.0010722565056916636,0.006730110067501293,0.005969964305639457,0.0013173048407705613,0.007982794193827098
2020-10-21,-0.0038151081935589534,-0.019247396604290444,-0.0052535530556178855,-0.010173946133116821,-0.0015098968205426637,0.0009190508699915852,-0.0036398366279530043,-0.0026663556869860184,-0.004995930770509996,-0.005468806645524836
2020-10-22,0.00548934203601611,0.04042631673265511,0.019659761764764017,0.008197027229384668,-0.004711738722036108,-0.00045935226598471337,-0.0070374829059826095,0.014036553457422146,0.015006692017927733,0.0020460810448109422
2020-10-23,0.00364308535929826,-0.004923739049109256,0.0031732416913733265,0.003949937308814139,-0.0010970976789655342,0.001836819024156448,0.006476553855384172,0.002783779838919457,0.003716824796316864,0.008731397778095947
2020-10-26,-0.025317898868752277,-0.03652609850705031,-0.02283300345613736,-0.02532713174080934,-0.02193750315245003,-0.012929085853019103,-0.012142169499427785,-0.00030903486845588443,-0.011192177262748746,-0.019404085792341364
2020-10-27,-0.009524430534229307,-0.013054199053694029,-0.018401529231270215,-0.02210244458381019,0.004993023656856002,-0.002637339500735396,-0.012866413325491013,-0.0007727611437238908,-0.0068703182251137985,-0.0004666654278599282
2020-10-28,-0.028646228194132206,-0.042739938353040824,-0.02592120492643023,-0.03336271363325671,-0.0433475897367821,-0.029636404531677568,-0.022407557267620806,-0.029496973318060584,-0.032245227095622844,-0.03211464925488216
2020-10-29,0.020454515732175632,0.030213838672198158,0.0075951646983079026,0.01445368319664938,0.016542540798439278,-0.0003200024311630041,0.011411947464683827,0.002703315853275805,-0.008226572263433714,0.006314964237485682
2020-10-30,-0.0006329613990809562,0.005586571409366863,0.0029380388222336024,-0.0011857230907224331,-0.02238883085630295,-0.0035273687101745593,-0.006421534529565065,-0.009413620938930486,-0.00029476586752593043,-0.022067409837480446
2020-11-02,0.032697948200304056,0.033553410239530033,0.018684405351523218,0.02666140669471781,0.002522582455310387,0.01577584380463315,0.024299730050241893,0.02172444066499218,0.017840970723174913,0.007109328475836585
2020-11-03,0.015504214603224747,-0.0057404723251702925,0.02196983390634719,0.029090162425709182,0.0174816949515441,0.016309045846178868,0.015596652718228798,0.014328199873684217,0.014485336186273208,0.02177636076537205
2020-11-04,-0.017190899789098584,0.0013535501257354568,-0.011738728939079809,-0.010400209300151777,0.03816604559832854,0.00046648994404211976,0.0028097513877877933,-0.015112774177267743,0.04342459777706228,0.021046263905605756
2020-11-05,0.04000571213339646,0.0,0.02413645968677613,0.02328131419702102,0.03059095137333407,0.007280732108977488,0.0036408559688564895,0.008908411052533875,0.0020038780214169617,0.019308038261772856
2020-11-06,0.0025031864973351203,-0.021881077733693678,-0.007980959405680154,0.0009838587281000531,0.003543047257534434,0.004619564609043086,-0.003921262967694387,-0.0021808081719707417,0.0003639104308003321,-0.003006654894371702
2020-11-09,0.022250368981829766,0.133444963797052,0.07893256380098966,0.033487819908826384,-0.007264439101846916,-0.0023069109677962885,0.026040100016229327,0.01838604797928192,0.009326723746892264,-0.0032784665652571183
2020-11-10,0.011724271642120735,0.03185267875300552,0.005170017874021351,0.017442798784750378,-0.01881709871003766,0.019518547619055547,0.0054540077360310645,0.014288134418702391,0.002880181268842252,-0.00355271953523139
2020-11-11,-0.015037588803274446,-0.010307994618333316,-0.00405985457254508,-0.00844755139360367,0.023446276098967125,0.00857095644831403,0.007585955006325164,0.0037658930887060757,-0.0012590212116973373,0.008727645878166386
2020-11-12,-0.021293013942405018,-0.03279955607412948,-0.016781920300379238,-0.011494999048525769,-0.00894667409473072,-0.0026987038745486885,-0.01030949163351476,-0.01621852044898791,-0.0036962193133283803,-0.013484747291425491
2020-11-13,0.01709952140126718,0.0357555655694068,0.01641192504546698,0.021926912390296965,0.008451632447403002,0.013717241028942999,0.022648531884939017,0.009883711637626007,0.012565217728162228,0.016095042529681403
2020-11-16,0.01951562826340043,0.06374510062847845,0.0219548225417868,0.024078176421669147,0.00960710640946858,0.009139187102875205,0.0063781415372174905,0.010086505567530208,-0.0016960088069244237,0.013013532448038231
2020-11-17,-0.0037018003319784355,0.010194265225869057,-0.0014487027954046211,-0.0026214715898805444,-0.005572357538039311,-0.007068365435674986,0.0005298019181009488,-0.019817605539511216,-0.0065433183244474145,-0.004254461416178045
2020-11-18,-0.008307018229130679,-0.029487609315446327,-0.009468381015361576,-0.00446110597014112,-0.010740387355886255,-0.013838635744985473,-0.01709017564523362,-0.01975062333318645,-0.018790719548777497,-0.006871027132280964
2020-11-19,0.004162195828152271,0.01624240146292233,0.0032875272262338877,0.002518814450096858,0.008024921064176727,0.002693718827863859,0.0016151311540997181,-0.010023511484538882,-0.0007329194810201734,0.004931312537820757
2020-11-20,-0.0008596375784407182,-0.005291983362116059,-0.008790974420982506,-0.009074688207450193,-0.010353458545418661,-0.006295960931459105,-0.0067450807294991075,0.00015741250511900828,-0.002295335089324453,-0.005256547354257713
2020-11-23,0.008279621206266968,0.06826670252974529,0.01858980942932337,0.016593946128433706,-0.0002496612416212807,0.00030052821491998604,-0.0032539155097178396,0.00015745871604157032,-0.002577057970342783,0.010936158896443378
2020-11-24,0.024574935833372277,0.05010594206504441,0.034430953903305285,0.017326901242289555,0.013811504088066256,0.006742299538333123,-0.0005436628064183756,0.010643472731973615,0.0029445800769142987,0.014757156182409033
2020-11-25,-0.010458287404985804,-0.023595618913701412,-0.0034952429785180313,-0.007614141688231746,0.002133109606688614,-0.0005974356437850285,0.002442723578698942,0.0026430687198597804,-0.003682005031876084,0.001204316400463285
2020-11-27,0.00517294638438798,-0.011752744564898127,-0.0031562424616766193,-0.0016875567458563164,0.005313308596798351,-0.00014943117800901852,-0.0018990607722805517,-0.00998746231005255,0.009179602825545785,0.0021512405166897396
2020-11-30,-0.010090909719434172,-0.05684094177725416,-0.020941407821719486,-0.008933996430114414,0.006663063449245539,-0.00014938758042119983,-0.008728788397914192,-0.014534186281535001,0.002737202735808268,-0.006086199682634924
2020-12-01,0.010927240506692065,0.004613838602906139,0.015305569648996658,-0.0025022924943353627,0.012714442106850066,0.008778910777193165,0.012523870730416685,0.006977418907889244,0.008348866404993263,0.007412211023380119
2020-12-02,-0.012901302112623267,0.03197725691022736,0.010890868306865946,0.001365491487957656,-0.0015205659482433083,-0.008330617266042338,-0.010607988051250454,0.0066151822445189015,0.007472495935329686,-0.006268008220829547
2020-12-03,-0.006940217494973181,0.010435718861965483,0.00034914989037789315,0.002612524793870048,-0.0006408500666574781,0.002536212162874015,0.007355960777574253,-0.010415160211643138,-0.0012566847383429802,0.0027907563633948547
2020-12-04,0.019981254887100307,0.05306968938612084,0.012150818137100602,0.011839880469509104,0.009967164253866753,0.007718675444663265,0.013213151487252847,-0.010043912821405243,0.01063037263573209,0.0009496145718915878
2020-12-07,-0.006569789793393867,-0.023659451548159086,-0.006925152186725597,-0.004831942428805084,0.0028519426012693474,-0.003851792276344984,-0.009961124213576705,0.005592289415705518,-0.006149956745710634,-0.0022808547334675876
2020-12-08,0.005593723726632143,0.014759340369200737,-0.00034740283504245214,0.0048319424288050805,0.0032385013390288687,0.005477013644841138,-0.004610124446391464,-0.003031931087365833,0.007570589973478269,-0.0020950002660912264
2020-12-09,0.0005577501290063973,0.0022322320072453083,-0.0024361568792379386,0.0022393724409337477,-0.01934849021714632,-0.003993803811607118,-0.009284881569270372,-0.0017594290775868986,-0.0034664934326429715,-0.0009536795894203229
2020-12-10,-0.0061514738556385585,0.030261243223068404,0.0017407696532744715,-0.009552348664214075,0.0014461471124067359,-0.0044565739704976815,-0.0055017683527396975,-0.005136631577851787,-0.0016932114183922972,-0.0008912268944894583
2020-12-11,-0.005765799587654131,-0.011605700875035936,-0.010138316016967746,0.0023683717375541525,-0.0020895226019399674,0.002230802379173746,0.0005515917203587421,0.0016082418899930244,-0.003931994683401043,-0.00478697462225056
2020-12-14,-0.012775506615175817,-0.035647114724478346,-0.011662992970225942,-0.013039172550301525,0.0036136145852893697,-0.003869498066760231,-0.007194597691839925,-0.0051549802125572764,-0.007550239064496651,0.0014705613629835267
2020-12-15,0.01798029258814488,0.01946642600719105,0.01691979101589178,0.013827540531286039,0.016536075193580017,0.00238298081287495,0.017344011379245447,0.019511367341512712,0.010768494907122901,0.013389670526052144
2020-12-16,-0.002810098091107243,-0.004955263614857983,0.001745947497606558,-0.006209906867123919,0.00675761690115058,0.001931950173527442,0.000272929725179332,-0.01162892669184956,-0.0029496346224038893,0.006534477221531214
2020-12-17,0.011471969028161767,-0.0047305237675394915,0.0027873664059273645,0.00609722755508034,0.00787870922336044,0.006364306219255608,0.011664387162911804,0.006707090383891473,0.010684850952349853,0.006802867502562136
2020-12-18,0.00444136387855548,-0.016862297874515646,-0.00873648029325845,0.0001126793120436168,-0.0035025747677383846,0.0022106828421307686,-0.01741060256358158,-0.008631724650229823,0.0007967268309123229,-0.004863420542265192
2020-12-21,-0.005316683152494816,-0.019478597275260665,0.01339010102958293,-0.006053993407419014,0.0009998264135681217,-0.01083545408002776,-0.009047568311960314,-0.01218361150347439,-0.010056131872117902,-0.011360971193030794
2020-12-22,-0.006175475662993117,-0.016926904700589763,-0.00979713126075711,-0.0046731966864662295,0.008629034529829823,-0.0070777622330406385,0.006988287449755129,-0.0019686070613516475,-0.0030564852505311183,-0.0043158333094483105
2020-12-23,0.0014065018992523927,0.02189737686031972,0.01639090937524442,0.005241511432639019,-0.007614594447988823,0.0033190486759130124,-0.009516107338032306,-0.0019723429228683323,0.0007200007450557247,0.002160042893773734
2020-12-24,0.006307079574716391,-0.005232771184188206,0.0013826675457296528,0.00011338018537604564,0.006607976545953136,0.004958500590766347,0.009794643308716511,0.007049635511302209,0.0028749045798757483,0.00209257861180189
2020-12-28,-0.0039196904483944995,-0.0063156607822588366,0.0048241568730208574,0.001249896286091086,0.011248981847464786,0.007912217092278094,0.00804328824089204,0.00440151858329651,0.0025087515338259774,0.011336166774350396
2020-12-29,-0.0023873891263217835,-0.006621516031123786,-0.0034434705589054637,-0.006033717553360126,-0.004761671204922634,-0.002978181967472672,-0.007764893079336329,-0.0001624154499083676,0.004731576811510805,0.00031335427668041985
2020-12-30,0.013683809723607799,0.015557076156578021,0.004474325780216179,0.0063740122165811,-0.000538668202258688,-0.0010445573728448383,0.005552506757941693,0.0050301111793088805,-0.00017804795848975173,0.005991911598224006
2020-12-31,0.003875278627886564,-0.008407708504135167,0.012286803963603918,0.0046409283281335645,0.0014623586840418904,0.006992207789741322,0.01210759254498412,0.014781621222934133,0.010456229345230687,0.0005602054358488865
2021-01-04,-0.009577305531697186,0.0015817629673254227,-0.013661322199046578,-0.02446434298577213,-0.01643987626688154,-0.010881685541701979,-0.032807707242673394,-0.025522104573792163,-0.004328845120002833,-0.008494820867326917
2021-01-05,0.02220635866241761,0.04381038161960369,0.004460150752354494,0.009789244863106707,0.006468522655088332,0.0,-0.001131252039110021,-0.00016373817285381554,0.007233540738973283,0.007436831915212127
2021-01-06,0.040106888158561914,0.0300529298225687,0.04321581651857928,0.023556947956347142,-0.017395657066279598,0.0007489809519927552,-0.0048220364727110405,0.024568953461696706,0.013618921218816813,0.010159580132083717
2021-01-07,0.007441980546563077,0.014574193424670139,0.014322957442184585,0.005469667081054876,0.02659739919974762,-0.0029998212735510223,0.0031225943032602787,-0.0131792847390031,0.012922274532112291,0.019107166694643647
2021-01-08,-0.004824643588968918,-0.0012065480947322546,-0.000646529310104867,-0.0024519296780499003,0.006444445967183296,0.0049449951267242975,0.010713827408072982,0.008377811226512395,0.004781936291541299,0.020409648414733368
2021-01-11,0.0,0.015571051244082312,0.0032290810863037727,-0.00033498796559735774,-0.008293615203490588,-0.008556422764231568,-0.016968926760078367,-0.009348941397918784,0.004674261747418127,-0.018838779349551703
2021-01-12,0.012598570021456848,0.03434523460022585,0.010262889844788136,0.009886033667020115,-0.004792220409692313,-0.003322253193137997,0.0008555109465997201,-0.005358430843665494,-0.010912270214200125,0.015158731873312474
2021-01-13,-0.010248290873807473,-0.007839784465259236,-0.0006382080967090933,-0.008658722413371156,0.006333574834595206,0.0015112732565661638,0.013586242522003359,0.019348984157590086,0.002739162704589765,-5.934763884514987e-05
2021-01-14,-0.003396414169667649,0.02919917014086542,0.0044598569269995,0.003450412106105137,-0.00881599956845551,-0.00530024286383539,0.006165753308496688,-0.0038399907245141173,-0.00316787325569939,-0.006383590859606515
2021-01-15,-0.01436417730649825,-0.039670519736402954,-0.016667090451277348,-0.013085475985293563,-0.010306477524014415,-0.003498505180111792,0.01525080319492536,0.009731453103782253,0.003082394545609772,-0.007750204259547023
2021-01-19,0.0034454683825201468,0.01991747751890192,0.0025825517761987275,0.003259516262760609,0.01294392245558152,-0.004428376228972013,-0.006626311130399348,-0.0038174622541832137,0.007494999572158825,0.0056536659731461925
2021-01-20,0.0033012947765096185,0.003662117809156328,-0.004199693311306717,0.006152403274128683,0.019638271501516404,0.0018348036784353045,0.020562787111300045,0.0058791502187522425,0.005500413486604332,0.018715460885369184
2021-01-21,-0.014742165169987225,-0.03439797423459149,-0.0107404732384773,-0.007837132667201391,0.012831663906409609,-0.0033663490522985737,-0.0032617839145012337,-0.005879150218752292,-0.004736826839063153,0.004638981979543896
2021-01-22,-0.004828380051381598,-0.005215721632896115,-0.007225126992176849,-0.005183812811144112,-0.003832120797219937,-0.0026092309008803145,0.002447519929080813,0.0014332922563921333,-0.0029722513665220406,-0.00340375709342277
2021-01-25,-0.00525727404695649,-0.010273696166463465,-0.007277501409247801,-0.0068017036978316354,0.008321679623211483,0.009939842596586465,0.008922295117883079,0.019852422870534316,0.006526798086398772,0.003696825970016207
2021-01-26,-0.013881392156251242,-0.021605502411302272,-0.008000086423077885,-0.00925670927859067,0.0006716750279805587,0.008937182656469473,0.01017665871560363,-0.01003451691425031,-0.0037242604472819086,-0.0006445290910537051
2021-01-27,-0.029906981764385145,-0.013588703481965723,-0.02989338458113983,-0.020062117197302685,-0.019057118646912445,-0.01703441399572916,-0.012871935691369105,-0.027315751651685503,-0.030829771305103143,-0.03131380821225068
2021-01-28,0.01707995599414454,0.011623668206905564,0.018449314870601446,0.014766810925154335,0.004098282396027552,0.003827502050400723,0.002695276975765535,0.011912672280227351,0.014499876504828075,0.0031397486711184667
2021-01-29,-0.01962492984739816,-0.03375722981486621,-0.02017501926338109,-0.021820155555613216,-0.02383510862584026,-0.02084533075642469,-0.010553494704331689,-0.005455734484612627,-0.008483550830130977,-0.023606815974244542
2021-02-01,0.011681323377072289,0.0070954587273586445,0.013040541387036747,0.010327687048619938,0.024743474799107087,0.0009356129729951372,0.022327731480588607,0.004815202800666971,0.0038179373151569595,0.02565417196516164
2021-02-02,0.013066730480527275,0.010800332920562965,0.02391902027279551,0.021026716512998495,0.013453632374853709,0.006680781378225127,0.004247471480969665,0.008133524042044427,0.002853630769326979,0.02101463126113032
2021-02-03,0.001931254974906958,0.041830780639073674,0.005643092702587635,0.000685639643011317,-0.0034402343985958073,0.0015472531868452057,-0.003981335585842948,-0.003181723339601096,-0.00710628276752477,-0.005612259964739121
2021-02-04,-0.003589874515211904,0.010960040847255752,0.021935853237448545,0.010681821160432044,0.01583016612531599,0.007240153135979135,0.00556949017711631,0.007776996335959145,0.0041659117100281565,0.01060705809146832
2021-02-05,0.017007411286862794,0.008494642378965864,0.00032376943703096107,0.005860351844424888,-0.002214335942021378,0.009319697190520003,0.003432393260828006,0.005361248374639196,0.0018171701685293648,0.00950917677774949
2021-02-08,0.008261855541667544,0.04097254447882216,0.012866031352108221,0.008504514747774753,0.010439003206430444,0.003794388566617912,0.0021066079508359993,-0.007735535822453328,0.0012094715632610907,0.0056742207573769856
2021-02-09,-0.007446014604951454,-0.010656436694470165,0.00031952770017278136,0.0025593619171913806,-0.001170935343454159,-0.0009094366005735749,0.004461318285202337,0.0014253479390154923,0.001466894791901958,-0.005558148834425567
2021-02-10,-0.0010878975105032042,0.0189663381959852,0.0,-0.001557372018079332,-0.0014652213402291607,-0.0010621885665075992,0.006784612499437189,0.003948469495426217,0.0018090303314069768,-0.009918354296538902
2021-02-11,0.0009518168506966382,-0.015552926837626707,-0.003200081711147254,-0.0021170025955835245,0.010938682913569541,-0.004411534867134009,-0.0018221211912175551,-0.005690616883472219,0.0018918747733398897,-0.002759643394217955
2021-02-12,0.010276049387959793,0.014657754744206638,0.010204315045115347,0.007224268992582014,0.005136151529785413,0.0015236456734809389,-0.00026037126436923887,-0.0073192974239150955,0.00744566582444178,0.0014102126348510425
2021-02-16,-0.0018850512175095982,0.024763858272401466,0.016986696321857907,-0.0009971576299941836,-0.003252411374974023,-0.0018286402420453238,-0.010742933215583178,-0.011241367233310847,-0.009940044242173795,-0.004354409878343963
2021-02-17,-0.0005390437102805181,0.014741233212253848,0.004978431379581385,-0.002775161834103924,-0.008870847479133397,0.0036536767574555907,0.0007900592937450898,0.000807287978477747,0.0036103007213298156,0.005762636613731175
2021-02-18,-0.006222274762862274,-0.022854747918088395,-0.005914579400027809,-0.005014689846968155,-0.004905448481366069,-0.0006080420124648713,-0.0005268761695527943,0.0059528573445125285,-0.006283722200246504,0.00029299506858175355
2021-02-19,0.018151784899649692,0.016594515981131847,0.011794124166736161,0.016289314383804657,-0.0014688895130234073,-0.012699948095199608,0.0031556695840463463,-0.015030554904303836,-0.012162284172566406,-0.00581949887584633
2021-02-22,0.0038563334051617965,0.034060350373825536,0.009213794920471448,0.0031826108453313216,-0.022297511049836523,0.0009234396890054554,0.0057592416037782045,-0.019734456557832177,-0.0023627466168809107,-0.021331779496015054
2021-02-23,0.0034454683825201468,0.016398583058668283,0.006095807908037776,0.0030629110138778158,-0.0027851545949066363,0.001383629821776247,0.003647331359153354,0.008270027277982362,-0.0016661126878188917,-0.006586457431001637
2021-02-24,0.008692406199957287,0.0348004364519978,0.019260071928270152,0.018720526356236066,0.015184617796570375,-0.000614501019312832,0.004670635333996287,-0.01176363342882537,0.006908963359295368,0.010433193414494824
2021-02-25,-0.0233497184954804,-0.019476583612938313,-0.01834894484072382,-0.018611194020376216,-0.035590126446015696,-0.010974783472726046,-0.016442906835201308,-0.009040878039781482,-0.010073033880817121,-0.0379063479741077
2021-02-26,-0.012833731786887298,-0.024008518078931028,-0.019310784772132685,-0.01043001515908447,0.005293732153343383,-0.016296351465841227,-0.01752115722905279,-0.01867321996501394,-0.008664928253388758,0.004166248318685444
2021-03-01,0.024974508379096975,0.025629194299764232,0.03078094496642804,0.02528227063191686,0.03170569727931244,0.01005990229294902,0.0010705709725368727,0.021863485657402197,0.012969289586713978,0.023185407642909443
2021-03-02,0.005554096338825456,-0.00548056616448252,-0.003608055351446977,-0.002909768800413724,-0.015990713436325125,-0.0017217715164882367,-0.006171937087082249,-0.0030222851019136134,-0.0028969364982262768,-0.011586871438936629
2021-03-03,-0.009939507790845632,0.014548773990453694,0.007800774026146096,0.001078455363910848,-0.02548029154947982,-0.004711152000577639,-0.0124592797952406,-0.011840109020696895,-0.012740111578963865,-0.023773109458336168
2021-03-04,-0.019637797515021573,0.023590944470752155,-0.011421768221527974,-0.016083789119881394,-0.022346133627663547,-0.0036269787758832365,-0.007386220072120401,-0.0008513392468093511,-0.013536091946444218,-0.02139547739333882
2021-03-05,0.02269625121509218,0.03673880197076002,0.018865630261822766,0.023387945527686655,0.018708149690223056,0.021876053735691875,0.011466038844028711,0.01621651072627037,0.019837860248486227,0.006333167385807952
2021-03-08,0.013322102207770954,0.0018865584560235444,0.012675321631139814,0.010433371324674433,-0.024492949899996973,0.004318323676907008,0.004873887762937932,0.013976918310996511,-0.002480379037123863,0.0012107818669790339
2021-03-09,0.006139609381329662,-0.01768593461709302,-0.009121817552278078,-0.004139372806021628,0.03344851049811875,-0.0009238587153372525,0.01128119054949631,0.013132213974431227,0.0058372572838428114,0.037072556476894426
2021-03-10,0.01640295337069176,0.025010534307373957,0.020190909823072187,0.014674408746586286,-0.004004606612072424,0.013007995845036337,0.009834245559397818,0.006826066308142605,0.0022899593058542055,0.005081040664019443
2021-03-11,0.005366158209793804,0.0003741870998229099,-0.002901146960153787,0.0007332789059936591,0.021149679943681825,-0.002435605243760136,0.014702439540716468,-0.0025950602670259614,0.006052430082288267,0.015209793500200042
2021-03-12,0.0026725343583625994,0.002055703170410322,0.010117193380653722,0.013315567528177528,-0.007202979824181294,0.008196668410821435,0.017054456842091444,0.013388467948468036,0.002183855032757377,0.0029426981228315038
2021-03-15,0.001142467603531457,-0.011452381218345286,-0.005768895178759761,0.008335637404310293,0.01059735904941769,0.004374269848663653,0.011210319336446607,0.01273711500356312,0.006869910108500197,0.013342201797334
2021-03-16,-0.00828458170930419,-0.0289264355604371,-0.010468101037037249,-0.014347323162938441,0.0075013013139104716,0.001203594001533355,0.0,0.0012646995941723335,-0.0006068979018549582,-0.0104084232419171
2021-03-17,0.008919271211010675,0.007744497693498909,0.006700730226847178,0.011473788656225033,-0.000822479667428594,-0.0015044884585045748,-0.0015210798254117629,-0.0164082402874489,-0.0036485648973249023,0.013952161575182715
2021-03-18,-0.005596960329560348,-0.04597853667703748,0.005212913840260406,-0.0009254713490159786,-0.028140958920160514,-0.004073375391692605,-0.006363957615889854,-0.0037009011521603862,-0.002090938365825443,-0.02477198913957757
2021-03-19,-0.004987560407405118,0.0002021085605193586,-0.011621263534635589,-0.007641585133947529,-0.003004756442756469,0.003470985202866103,-0.013367756668640972,0.0027367933863938856,0.003569369916116016,0.005965473180401136
2021-03-22,0.000617717109120636,-0.009636100398089919,-0.012969386529837867,-0.0005616883888757198,0.019472489886128472,0.010501695453912403,0.010969890863436747,-0.0014424329911450029,0.008665501343885235,0.006561497566084765
2021-03-23,-0.021064367536799376,-0.014735252558700784,-0.014074373191907677,-0.017632507302973707,-0.006237582271265489,0.00418759159617124,0.0030977511077999453,0.01481251309780948,-0.010166537304253924,-0.009430066421857734
2021-03-24,0.007201483001448326,0.02477919189639985,0.0036123089178073495,0.007279557773627858,-0.01220695044248541,-0.0038881611117545043,-0.004391133883952983,0.0003197102909946198,-0.0011360058642691767,-0.014895219772714918
2021-03-25,0.014377357472439067,0.0036643904843067015,0.01668718900918078,0.0158519297458834,-0.0006181423216996538,0.009692299879836094,0.008506058893278582,0.010647651243182309,0.0041881009065009986,0.008720933101096864
2021-03-26,0.024517248955351068,0.02448949391343974,0.015540403718654127,0.017131284106997057,0.0251108672676703,0.017504443785073445,0.024091654162623252,0.003314111919063253,0.018717849762780115,0.008284328919082306
2021-03-29,-0.0033941297931475204,-0.011968880733946828,-0.00876694521989726,0.0002033925022166997,-0.0052144378027229685,0.010010858382966099,-0.0022572680109018135,0.010656890056952912,0.004689003820116854,-0.005495301800019124
2021-03-30,-0.0029000829470363612,-0.008666858408740727,0.007019609228718499,0.004362920857306731,-0.00951589572494129,-0.010740141399364885,-0.004278525196279292,-0.009082553660591661,-0.009056740383908017,0.009761827185783339
2021-03-31,-0.004937096059302797,-0.006906604999155943,-0.007606822244169794,-0.003245042772683348,0.01578528052301581,-0.003215560979630212,-0.00404339727371839,0.007366194776086327,0.00197218115937148,0.007764800531622511
2021-04-01,0.008718100058569477,0.025160073876724923,0.012259697607950967,0.003346405906865019,0.019904375342016223,-0.00484262014674637,0.015827053794586942,-0.0009373568798885909,-0.0030028921389859977,0.008000308631108044
2021-04-05,0.012253147181685499,-0.02414117202479719,0.007802352444584307,0.012275189347494908,0.02045640981127276,0.012716554675714028,0.005220913157858788,0.010881560874598779,0.006935553621118343,0.0224703940370529
2021-04-06,0.0022345590082047963,-0.00265072631371616,-0.00201719846284703,-0.0024030819074496654,-0.004275955556817914,0.004203377728028876,0.002476039434583095,0.005242852589208827,-0.0038470981060383692,0.0043189653458981314
2021-04-07,-0.017385231814572945,0.0034650449512190567,0.004891238749716479,-0.004621717271347229,0.005287953408358517,-0.0024616097345994317,0.0012362801545838615,-0.0012310612986102217,-0.0022295150949960757,-0.002992581514748095
2021-04-08,0.0012607746851404154,-0.013107171904230327,0.0002872607521416882,0.002414035116300689,0.01434555727342574,0.0010142749414401937,-0.004953088904675343,-0.0007701836187837039,0.0015441651229120851,0.004715012883099402
2021-04-09,0.00865716361226555,-0.006618149675502312,0.008571385577299718,0.009697737952756113,0.009567790936380952,-0.0017398744503793488,0.0014887162398526312,-0.0010794600872818083,0.010911313590914544,0.009477734242739249
2021-04-12,0.0034914953153520937,-0.007916800305513425,0.004258298554691035,0.0036742677262796746,-0.004807788598267835,0.005354385484807772,0.0059315811885550865,0.0009250784085219238,0.0010168054038626967,0.006400802772862075
2021-04-13,-0.002367887689858938,0.001045239262943378,-0.009392308648944468,-0.004869031172316644,0.009382444414550195,-0.005354385484807862,0.005897155955303686,0.01179831185547827,0.004141519937734746,0.010502943310605223
2021-04-14,0.007211177725849533,0.02741016547108076,0.0059872399950000816,0.0012939623230330878,-0.01065919467213852,-0.0008708209697021633,-0.0061435254438109415,0.004407798010590456,-8.425706304812685e-05,-0.009882202474183798
2021-04-15,0.011700104906031997,-0.008165004632027444,-0.0008532299007466599,0.003971411194862415,0.01702842528749742,0.007955484431132673,0.018801687335738188,0.011009531017040549,0.016978367300522955,0.007140878288768457
2021-04-16,0.012049272321173431,-0.008025383629922571,0.007087045178111162,0.0021777713834153114,-0.00020939127114007913,0.005746356932984155,0.0014503541783307257,0.008066998336188267,0.007436502947272516,0.0077015750178762755
2021-04-19,-0.004607642749485013,-0.0010337612750124623,-0.0028287466234199602,-0.0041613010984744995,-0.008338962353256691,-0.003875204098945382,0.0031351460662192706,-0.005071451043451807,0.00024685867024168374,-0.011293876553783845
2021-04-20,-0.009647629852680022,-0.026830283258548155,-0.018873970204359523,-0.011081969161820773,-0.008905867516178815,0.0054496680197692006,0.01101550286527632,0.012630956492714247,0.0038606023062724443,-0.012674939426540174
2021-04-21,0.01799833367645383,0.012666262912254526,0.013761831633796068,0.013560930257737833,0.010031233805396516,0.004993392540900366,0.004514890292840634,-0.008452433289240268,0.011735948813914553,0.01323719394075064
2021-04-22,-0.017017322707874975,-0.011816861771798266,-0.011167196796287956,-0.00506365877085725,-0.01180771312928349,-0.007427757665363078,-0.004276958564411535,-0.007174070496210423,-0.004466251864020793,-0.01113237487635484
2021-04-23,0.016294351963913697,0.009086242932788195,0.018543231249376325,0.010889974108645603,0.014825471941574832,-0.002583836387651396,0.005698130055918031,-0.0013504825675077,0.006570845448653547,0.010401578962446114
2021-04-26,0.005892592519924241,0.006708623251185347,0.003949263305686235,-0.00295814773420954,0.005102219791171469,-0.011275221248175102,0.0021284025291273415,-0.005723899621074896,-0.0034018144098039156,0.004376607981691626
2021-04-27,-0.0026415084112764477,0.012045657438612863,0.00785169354306361,0.008261168014768663,-0.0024428165131925015,-0.000727055959839729,0.0,-0.0077338160452323544,-0.005776928660370235,-0.0011763180042946954
2021-04-28,0.002761264357896009,0.03389488139455597,0.003903138235195056,-0.0020589228733243333,-0.009338851139370647,0.0007270559598396082,-0.003549574020634,-0.0013709818254662783,-0.003023622022314268,-0.0011778817409868185
2021-04-29,0.006215060779099101,0.011113321374187385,0.01765083258395171,0.007041608929924182,-0.0008470590268631833,0.010556006943281534,0.0073220983981987404,0.009104797870698515,-0.0040185661851145004,0.00028064608354506476
2021-04-30,-0.010660685349684491,-0.02558615025823847,-0.008786644984179578,-0.006649113869854471,-0.013720889299744252,0.0008630576504824861,0.006568364276365617,0.00782414395366174,-0.0029627574425364774,0.0038639526910395233
2021-05-03,0.014821974603604467,0.027163862490532705,0.0049518128239263584,0.010248400109770435,-0.002795294605709207,0.008158419084959482,-0.005392092116723526,-0.00014988076454200162,0.011309677214235703,-0.004762172596378982
2021-05-04,0.010856815647333947,0.0005910009365218292,0.007926776711750036,0.004360210826504938,-0.018108774679557002,-0.005145159553332606,-0.00613069489435862,-0.0037547395078655612,0.0010589727809634426,-0.010500261259084738
2021-05-05,0.012596524042240854,0.03178542375102046,0.008134559054057832,0.0009665890997130181,-0.002414807328558484,-0.0007165096905612639,-0.014772829174382345,-0.01699580609907651,0.0017894122791313042,-0.0031262184667359633
2021-05-06,0.008424960930726167,0.005137420938593534,0.014743918868837613,0.006930212287444437,0.009987899327576438,0.012822356734857106,0.004789301204132822,0.007623289945537154,0.0012992605015424072,0.002161005444231637
2021-05-07,0.00983559524599852,0.01768308344571808,0.005307551432497927,0.010496377368618453,0.00852349829476603,0.0,0.012110131409988874,0.003033050755681223,0.0068745413728836064,0.008935260167325931
2021-05-10,-0.004448216329362556,0.0003728829757955602,-0.0007940469272969369,0.0009487470708850949,-0.025570364969388446,0.007615206267806234,0.004474276602777233,0.010094204905723582,0.00128869070013045,-0.017950988474154096
2021-05-11,0.0033094221675836577,-0.02605893640002069,-0.017908017524395525,-0.01490410823434717,-0.003030166717716824,-0.008748321881926324,-0.011817721002074353,-0.012368180634010496,-0.010844926751965354,-0.01135606676460715
2021-05-12,-0.025501855519902205,0.004771363337026782,-0.010300833939933751,-0.024259572854704193,-0.028528048905735535,-0.013411449400767663,-0.024550111090614547,-0.02364978901243601,-0.009484171290609227,-0.03444369529179214
2021-05-13,0.015194992692341598,-0.01226051992768354,0.015948337098361468,0.01856414174853952,0.013164068400454837,0.01397807525277773,0.012591276190088607,0.019086468705487955,0.008995669974365735,0.0070557028592824434
2021-05-14,0.011900907664386139,0.03056147195385298,0.015698085146877268,0.013748384183003831,0.02178257132843845,0.0043812804361379135,0.009340065769119872,0.00486685642416389,0.005035081199943999,0.01719041900385398
2021-05-17,0.00872040328148622,0.022916986881785156,0.0018461420085059143,-0.0030602474693129616,-0.007381284326136303,-0.0014111209089869307,0.00047668919995446236,-0.008226766099725835,-0.0018648852047494177,-0.001817415505953743
2021-05-18,-0.011112136085744297,-0.023478380515635566,-0.014063990588708249,-0.014665014200744016,-0.00803327794320425,-0.0031118629448473553,0.0019043807302190714,-0.00015290835144084888,0.00032455153446276725,-0.007834004760475346
2021-05-19,-0.015397305261240004,-0.025192933427274116,-0.006165418501558731,-0.005653160658855519,0.0035039138106852104,-0.0032633724389435357,-0.0038122876505301095,-0.001684421454846136,-0.0017049878925221452,-0.00843338433234607
2021-05-20,0.000578806827189217,-0.00153582650320942,0.0005374792910655635,0.0022457010863868062,0.01894582130534672,0.009195795128953091,0.012336820388676438,0.008697625882862997,0.010428897057991516,0.010205791477847843
2021-05-21,0.0021964545778947395,0.002111186864132445,0.009894712504584876,0.004864195473180929,-0.005491910351124972,0.000140742784522367,-0.0016518608313579929,0.005152414711265635,0.00016086045682675674,-0.005030473230339594
2021-05-24,0.00885202454750006,0.009919887367584906,0.004778293617985026,0.006192160644844284,0.017613075620769955,0.0029528645399926243,0.010805901527934092,-0.00181550507704457,0.0009644204337572712,0.009859234858382863
2021-05-25,-0.008506071313714851,-0.020520410315072953,-0.010114499560405941,-0.002994505104727953,0.000288394919615838,0.0002804743455214268,0.002799763450783986,-0.012187793150611184,-0.0029768051889727904,0.0031675228564404002
2021-05-26,0.0003466117038573255,0.00887344779273419,0.0029381366867125393,0.0031872249255257925,-7.169073101947999e-05,-0.0021075583553956667,0.0023271109063324837,0.0001532576335270456,-0.005818268989126488,0.00950006047257552
2021-05-27,0.00793069451630972,0.000768045301763348,0.01140457852925826,0.01360055226967876,-0.005279539383811444,-0.006207628239851983,-0.0011625120817223332,-0.006766202767453298,-0.0021906752905764266,0.003994590384748612
2021-05-28,-0.0010310086960842522,0.001917228755243667,0.0018443059050544358,0.0,0.0035468803849037986,0.0021205451800494204,0.006725810942690773,0.005386174051723701,0.0038910363221410127,-0.0013876216326368575
2021-06-01,0.013884452263099627,0.03777592943175069,0.0060359774027858954,0.0038926763156234925,-0.00492525969811004,-0.003395083398783615,0.016961364801451814,-0.006157903252018243,-0.01656013656765918,-0.0019111061481823198
2021-06-02,-0.008398622318817143,0.018456259818954643,0.001568610362959376,-0.002846782874316743,0.006874347297833147,0.0036776512239302503,0.01376838907008161,0.005236324752955455,-0.0019762146521949383,-0.004648164192020612
2021-06-03,-0.0002279924267967949,0.0027124291993439833,0.002348420131747954,-0.0021880742983771758,-0.009346450112817291,0.006192530344991598,-0.002019510636454668,0.005973032835499134,0.0030449763864662882,-0.011951408558999026
2021-06-04,0.0021636883850606075,0.0066587937425915235,0.0026030359022963983,0.0032327186637717965,0.019034515467849112,0.003501674619589494,0.0008982545346877593,-0.0015282813334423575,0.0031994487365919005,0.00798342427984422
2021-06-07,-0.012246390144776602,-0.004314537080255945,-0.006520066397003729,-0.006953881348345475,-0.0002142284861424221,-0.0016790664233609068,0.00938122651706662,0.0018338066357984314,0.003597553960099197,0.0
2021-06-08,0.0018409371555856814,0.008610210986368013,-0.0026199764634665243,0.002577754264104258,7.133910639589946e-05,-0.008438805121533327,0.005321620824104677,-0.008585338245184256,-0.0031061602633911576,0.008036434864416134
2021-06-09,-0.007847008577575256,-0.006270694627315977,-0.009488522499938583,-0.010254675924920879,0.0007140165088573438,-0.00481387364931121,0.0011049000832617987,0.008890295924166038,0.009613717053443077,-0.005525449672715188
2021-06-10,-0.006042362391824699,-0.001258970474176954,-0.011721019050746163,-0.004925025946519305,0.007325032462248724,0.006225132167480634,0.01010993810504793,0.006540658412685291,0.016963985519359473,0.004713230263547588
2021-06-11,0.0037227030985060405,-0.0034248025472107123,0.006410096291670353,0.002030927704857288,0.005933952560733088,0.0005642774378537054,-0.0063616704426767345,0.002271296116602385,-0.00712029107134525,0.00544183005946118
2021-06-14,-0.012384603147000316,-0.004343258778274398,-0.010437554928775671,-0.004551069291198059,0.010092226998771908,-0.0005642774378537757,0.005705664262573685,0.0021156967655383387,0.0008826898182729517,0.00028833067792738507
2021-06-15,-0.0021185838068839445,0.0188631128933958,0.001881372755195317,0.004261086869101737,-0.006154989400331307,-0.0024006149933280705,-0.009232840003215094,0.00301397383790675,0.0003208694355555474,-0.005323968570261097
2021-06-16,-0.011136329055368278,-0.005352899110143784,-0.0010744928433397737,-0.00951544203482156,-0.005417176288636034,-0.013379061579011253,-0.009096269350081398,-0.015163167535111469,-0.003856646048761701,0.0004640045110033533
2021-06-17,-0.022529640306574755,-0.034586950375968525,-0.03001586246876188,-0.015534839856314398,0.011502412392860933,0.0035757997141002613,0.003781519276788196,0.005485396817704016,0.007618542329577715,0.003762983408152364
2021-06-18,-0.01633816963546712,-0.030083039837390173,-0.024395186558206477,-0.013065498876880022,-0.009177442074752712,-0.017862523078922332,-0.015889421283008933,-0.02632735686196436,-0.011490186527055085,-0.005272039783633118
2021-06-21,0.0205483660110289,0.04173186334990854,0.02307146495185983,0.021756360111290562,0.010660226753299773,0.011403968131189532,0.019671421904320953,0.012871337809275988,0.011943739060779853,0.0076781679425865
2021-06-22,0.004013486405020181,0.0066358876836591744,0.0016694187552290644,0.0010834494293466277,0.009027733592565576,0.0014453509734793156,-0.0044622533162467165,-0.006071381704483947,0.002162161720913281,0.00936567812408317
2021-06-23,-0.0064537124246139745,0.002752154914836357,0.0019438901032131938,-0.0022662929005649985,-0.0011066754139662125,-0.006230036201368032,-0.0031354572126714633,-0.010675124942499607,-0.004168411298664421,0.0076906564848319365
2021-06-24,0.003171103508393184,0.008574084413051016,0.012408878547416817,0.007763631321275978,0.006278463010228356,0.004929239345588217,-0.00472169653544046,-0.0009473555406167196,0.005127844247853737,0.0033991957737453376
2021-06-25,0.00012160771960342392,0.005254260020715164,0.011985949160303669,0.001955885254740239,-0.0011701477151969532,0.0076354041458096406,0.007186140048843682,0.010685189009071465,0.004544908884411962,0.006314445202615258
2021-06-28,0.0,-0.03437517334959914,-0.007337683309472374,-0.0052899206763395755,0.010411737051096128,0.0008607291115516638,0.00044749246721949195,0.006387692678415891,0.0015104781634118379,0.00022480878751920437
2021-06-29,-0.0004869285738071003,-0.004874496927769048,-0.003552997999700149,-0.0019665116824991954,0.007265108294026192,-0.004455023660305472,-0.0006711637521902361,-0.016283391199700775,0.0011112987597611036,0.0024692110491000745
2021-06-30,0.002676503306434882,0.012327534106413266,0.00437069641087089,0.007744926754374933,-0.0010832511743707695,0.007747464017248286,-0.007864617629419668,-0.0018961180175153566,-0.0006347551772109582,0.0007845387245589753
2021-07-01,0.005452292894201774,0.017298807779264378,0.007872751958162304,0.007103639209798761,0.0016918373518378384,-0.0030058398105640674,0.004052321987099761,0.010853576795828417,0.008853162073695107,0.005640497784007413
2021-07-02,0.001448566793094451,-0.002191837989492918,-0.0010819325405087541,0.0015500903996218051,0.013097655260137868,0.0024339685488881115,0.004706980626558955,0.0015632671500040046,0.009555041831877168,0.008761085800140539
2021-07-06,-0.014951854175732632,-0.033088383628786217,-0.015825566878700004,-0.009630555984787693,0.0037959944714780133,-0.0041555501691400015,0.008904881486564606,0.004208524849498194,-0.0009358536907504234,0.0011584174903065362
2021-07-07,0.010356542510357572,-0.016387693450036947,0.001373958930272513,0.00992118880682682,0.005436400044045828,0.005298842340844117,0.0050845687159894295,0.00651162908806983,0.006299842492167963,-0.0005515058783784931
2021-07-08,-0.01366905497265105,-0.005780248560062655,-0.020252880520342968,-0.014035503662946215,-0.009499359012521216,-0.003720612707385964,-0.0008826450972761329,-0.002940471339797739,-0.005519764473720612,-0.0024858545414791298
2021-07-09,0.019470157636433998,0.02103318241343865,0.028458806525444504,0.015679428266288792,0.00916891889320542,0.005718357396657863,0.013155353265290546,0.0012391436201738815,0.0034243516569948413,0.009303957870858064
2021-07-12,0.003248744770089647,-0.0015147029579069074,0.009758753639800452,0.0013519430828836056,0.0007934794299194434,-0.0015693468913857414,0.008674869430989636,0.0032454567992623094,0.001940470550931425,0.006826601564179084
2021-07-13,-0.009171011444769195,-0.007609249766938775,-0.010849099823666962,-0.009696848111723593,0.004088584863955424,-0.00028551639723250105,-0.013040590550373538,-0.007589159625554445,-0.0009311170597157514,-0.012045991501744603
2021-07-14,-0.002063057007481419,-0.030240353570456877,-0.004646655739453425,-9.733292205796645e-05,0.007344241472689782,0.008815645943493542,0.008712562475339417,0.008668619470523347,-0.0009317928724656584,-0.0018195410481085816
2021-07-15,0.00012151615889317706,-0.014072462874480104,0.0032822188607528864,0.0019471756712485058,-0.008265919441828478,0.004097026495318893,0.001516936652885743,0.011188816278063361,-0.003501912275744661,-0.005422573217559494
2021-07-16,-0.015176057735574268,-0.02875268237322333,-0.013747864980925619,-0.008889953083508598,-0.009930636031116831,0.0015496094850609308,0.0010820500101807618,0.010009120666308076,0.002724818469383698,-0.012394085835993215
2021-07-19,-0.021691009352955763,-0.03597200181625145,-0.028360590612607473,-0.021122234600595723,-0.013868113100793417,-0.002960437731052208,-0.015696806256815916,-0.01597111622770749,-0.010551500161272577,-0.011526308569859966
2021-07-20,0.011278203539495695,0.01332638898682935,0.024477199552897858,0.02757772512272298,0.014732402882443863,0.00028243476283466536,0.0178575930626709,0.004284025313619427,0.012105340135085744,0.01830057098401449
2021-07-21,0.01090604810925472,0.03428687135372975,0.01708500489624796,0.009509186809923345,0.00959324245747793,-0.0025439327289281002,-0.0030262363545790183,-0.01105317186987347,0.001628675884943822,0.009164442885549571
2021-07-22,0.0003697462781137974,-0.01123042380979821,-0.010989187283016169,-0.0036766414304096992,0.007346923946607885,-0.0016994554807168727,-0.007170169423941029,0.0015423258395899785,0.0073358104722039495,0.004303331748638164
2021-07-23,0.006998712018601342,-0.003703134705152695,0.0016561707574590245,0.004255888368554148,0.009885895856468678,0.011976160407590393,0.009116692584816732,0.012711914066180071,0.011473988570866922,0.00887859118097866
2021-07-26,0.008406829478264639,0.024431165918792436,0.0057746375458669,-0.0004828674081626642,-0.0005178917578600911,0.0016790595550821995,0.0,0.00030423412612549656,-0.006485836679676165,0.007393615877211219
2021-07-27,0.0013336364975647542,-0.009294684744994909,-0.00027409795541168705,-0.005519032106316679,-0.009498738033311173,0.002095320040724915,0.007963174844463662,0.017045339142059406,0.004658978211776389,-0.010180018179658442
2021-07-28,0.002904008232086723,0.009093731032073503,-0.0013724148630451377,-0.0023332198572107517,-0.0012426184267550562,-0.008829148825535139,-0.0060203368793186685,-0.0076570427843949025,0.003574904223490803,-0.0032337290967305527
2021-07-29,0.010934162311748147,0.00960938561690857,0.010926263677233584,0.00785225196352747,0.0046360552657755795,0.0049145284950145056,-0.0030239115772964726,0.002709232259249258,0.002426682467159031,0.011190551845800136
2021-07-30,0.004055012485077433,-0.0160674826338707,-0.007909592289012864,-0.0019330899436283294,-0.0006516069962916781,0.001679657580251102,0.0032395282284987453,-0.00845285180836653,0.0009081937982822139,-0.02078792996994932
2021-08-02,-0.012214096056299598,-0.007519588777730008,0.0002734207316823441,-0.0068927394068061965,-0.0035917067041727987,-0.004203899276938409,0.0004311902154736539,0.007701045347342662,0.0013612440035787115,0.0028780230644987097
2021-08-03,0.010308044286605594,0.016990493111014082,0.011161515828524577,0.012969436898534557,0.006390948725008833,0.004483588269681202,0.004086532928613806,0.005699616986169351,0.013808852744831464,0.0073780283844677285
2021-08-04,-0.009585643426232688,-0.02744885009046338,-0.008427451289332928,-0.013651633501987195,0.0020132824619026784,-0.013087017991250413,-0.0032249023753590737,-0.0014966829954132777,-0.004257258702700525,-0.00975733051009412
2021-08-05,-0.0014456275224973454,0.011273976829476782,0.013018775043453465,0.004668395875661528,0.005499076437074671,0.004804622639121392,0.007935561209092569,0.010875177447907784,-0.004125258280356822,0.009537675819790085
2021-08-06,0.014364381404075649,0.00913063400325415,0.020008806053602966,0.0046463861025878,-0.0008390548802585892,0.0,-0.0017104613473920452,-0.0005927515419176837,-0.0008271968613575524,-0.006826937755460064
2021-08-09,-0.0011890574593660494,-0.014239485568592681,0.002637816480043622,-0.003967445348239871,-0.0032342080007917756,0.0036581314353589744,-0.004504062783508301,-0.0002964095689800719,0.0038287346849857867,-0.0013821473098689291
2021-08-10,0.014998880949985673,0.017465966855708417,0.010482230950048922,0.010129732577678009,-0.007216700214807723,0.007137408324709571,-0.010806176563854597,0.0010375388893489078,-0.0023255976767055904,0.003919950515253018
2021-08-11,0.013968098253899565,0.00782122015842293,0.011405076051203273,0.012875149265330633,0.00013050360782528118,0.003341124647732505,0.005417878102903537,0.009289788744578585,-0.009963602657479706,0.0029164845855556626
2021-08-12,-0.001619559808784274,-0.0009991595506633009,0.0018024476850090293,-0.0018968913292518785,0.00572505490905252,-0.0005561896859546462,0.0034518270627763572,0.001027013702548027,0.007858528039036508,0.0004396900726596886
2021-08-13,0.0009258809823952202,-0.011868195254008656,-0.007488618874774456,-0.0031378446890629966,0.005434404578980253,0.008309106521183982,0.0066545855961577345,0.007013393294334384,0.0062276127635987315,-0.0028601362672276464
2021-08-16,-0.004986537231046472,-0.01858495747359796,-0.0025953701192793954,0.003422459861938962,0.004506473243462582,0.005775554322536243,0.0010692837463585879,0.006096802828079674,0.011305637567070486,-0.004637415231574669
2021-08-17,-0.011575697637560134,-0.010361063215910654,-0.007041506413492134,-0.010878874888823735,-0.008320417434228325,0.0005485314772126954,0.0019214909186810593,0.0005787291177390883,0.011763731483664067,-0.024024648204180866
2021-08-18,-0.011711065508889467,-0.02104869182675325,-0.012376623804352761,-0.010998607313259065,-0.013891129596772508,-0.012549344123128543,-0.01050717653925957,-0.005074999978164948,-0.015320214293679066,0.0035647246381598505
2021-08-19,-0.00896459541139103,-0.026294673621448796,-0.007446964851384078,-0.007009426860057542,0.009737335383716305,0.008016482852863107,0.008371862989934649,0.004061956277574454,0.0045172147791878725,-0.006402663056418181
2021-08-20,0.00586605223695725,0.0021814917706000983,0.006121238048070097,0.002634046171670834,0.012795225219647667,0.0016510155793130316,0.0046919520043064945,0.01237445279400261,0.005673378874336411,0.00956027737376347
2021-08-23,0.008556995524411533,0.036795887956130834,0.008191403651219627,0.00815145103084771,0.012823675018106894,-0.003166050113721143,-0.003837126606442523,-0.012953832483452409,0.0003671500689080585,0.012810005683159247
2021-08-24,0.006252613158911916,0.016456732889666224,0.006034296009608599,0.005013103044966595,-0.0011417533656241073,-0.007612197511172929,-0.007503605540508835,-0.006540036861376706,-0.0035315046236210268,0.00703443717207896
2021-08-25,0.004576301972325096,0.007615642206101907,0.011702071909908374,0.00642237771360769,-0.0005715668651250254,-0.001668801494771585,-0.0010766510180610085,0.0018939009993855442,-0.0027303407307427852,0.003856353494803525
2021-08-26,-0.00693089690953015,-0.015289633196784969,-0.004923988046022253,-0.004404885081581349,-0.006306060682806188,-0.004602376880032383,0.0006462066868482533,-0.0024776143097160258,-0.003924927276239331,-0.00928009095997394
2021-08-27,0.013116081253768092,0.026301259812797316,0.013162885544316012,0.0068860773010875585,0.009602889822966804,0.003488775199310586,0.008147689818965704,-0.0002917594187205569,-0.0011133263895795192,0.00905985379926355
2021-08-30,-0.0010475808052148466,-0.011832284806417603,-0.014202565906112729,-0.0011443525071421793,0.010701651761367358,0.004448364450002119,0.012098116459172376,0.0014586528924315097,0.005628991178321476,0.007506112624394046
2021-08-31,-0.0029158051320939825,-0.006794984015696801,-0.0013015541943482746,-0.0027711988133340055,-0.005273407285800727,0.0022167537700023346,0.005889899117574145,-0.001166893473711097,-0.0013301530705558608,0.0023985870172377444
2021-09-01,-0.0025729051854669095,-0.014778289203155548,-0.005745572981314684,-0.0038345997522722833,0.0002515755103813859,0.005244517001069686,0.01705137807961305,0.013045649997062807,0.00029560040766034914,-5.443771501543902e-05
2021-09-02,0.0064203814566049355,0.02505601074631447,0.003399168814045823,0.01070032208871722,-0.0010701815791517516,0.0038475056171218434,0.0047311512834352165,0.00903186358456931,0.010663858080370571,-5.4527094773198514e-05
2021-09-03,-0.006654717761531301,-0.005742886205146665,-0.006284491157265447,-0.006100453867142679,0.003961143166371963,-0.0012351100236543064,0.0,-0.008311838862551975,0.0010966576771078648,-0.0005990432084958596
2021-09-07,-0.006581535193109759,-0.005981996736844045,-0.006059734267097207,-0.017457066455787512,0.0002509848039296203,-0.01160071649976419,-0.011143290398829319,-0.013327938115572598,-0.005862787630794106,0.0029381825555064305
2021-09-08,-0.009596648135881215,-0.012911480574232633,-0.0023811701355018985,0.0013611162934050098,-0.0038343798231543413,0.008575676602921361,0.00599989934973186,0.017778890552516486,-0.00044121896566909244,0.0011403948656081022
2021-09-09,0.0003572154613584199,0.00209379317127421,0.0029095256074717283,-0.004869958066602372,-0.003785618578499878,-0.00580107916161095,-0.021474917359153186,-0.005458891093150902,-0.011611947282781716,-0.0013034392697027968
2021-09-10,-0.00023812946224453018,-0.000418293985407795,-0.007423163450726659,-0.004501520796108254,-0.009910287114092593,-0.004303562014466541,-0.01272557056076705,-0.014071324317140218,-0.009192628218306253,-0.006159332569368456
2021-09-13,-0.00023818618139210204,0.02826348720621876,0.011377501603344047,0.0026446073165396367,0.0003186833143631258,0.0025008026265895874,0.005534614466451798,-0.0017546553009590755,-0.006175766152596635,0.0024575208525769634
2021-09-14,-0.01101400472383303,-0.014547683896296397,-0.013508597559564066,-0.0121044984956342,-0.0012771632586787425,-0.004589874093069967,-0.0021251621055896138,-0.0033718272781681534,-0.00015122282350874647,-0.0033328021046936935
2021-09-15,0.010537861974759958,0.03667719499137618,0.009554259406946625,0.010930177318757948,0.008717034278251627,0.0036180360396362047,0.003821458745782366,-0.0013223399033428522,0.006476948933985827,0.0064365280403666176
2021-09-16,-0.010898802112533475,-0.011406073886417829,-0.0029095256074717388,-0.00687898882459695,0.0005700270556417282,-0.0033392649950916954,0.0019055033118918101,-0.008416368513897116,-0.002555668315263049,0.004557084849254576
2021-09-17,-0.02080764856744813,-0.00747374492660367,-0.004513637843254878,-0.010707073634531572,-0.015698172406763106,-0.005450344929725338,-0.009136414418536163,-0.015541344582411831,0.000977953253484787,-0.003524330511579058
2021-09-20,-0.019402700508277616,-0.031013072033637484,-0.023470756643030357,-0.011535317907068021,-0.018382218993460108,-0.010033712468599803,-0.006870596705213022,-0.00183786026879862,-0.01048996248165734,-0.02308375528609438
2021-09-21,-0.002394965483644758,0.002326078057614998,-0.0013690082186801637,-0.005273957903032461,0.00039362485779691897,-0.0011400748332800218,0.00021612755413620807,-0.0027402081261112226,0.0015239154059421194,0.0015016842782818694
2021-09-22,0.01029644019628394,0.030368354841980014,0.01657456200579816,0.007900336560258849,0.013617090758597884,0.0028477537116745025,0.00839169830209528,-0.0006097857360599745,0.001673579113071,0.013525858734364047
2021-09-23,0.014140751609855586,0.03443420570210522,0.02422547514408007,0.015218496384058948,0.013306565207595952,0.0036902405555162593,-0.004940473662409869,-0.0053531724856722,0.007194424554109855,0.010093840594410175
2021-09-24,-0.0014793085698048363,0.007493416084393816,0.005247025962855376,0.0020846080374677845,0.000702493882068753,0.0004248026771502011,-0.0114781533064952,-0.0010738402141340034,-0.004083303306734551,0.003738799367423826
2021-09-27,0.007740970473160523,0.034942169187604726,0.013513714817789018,0.0009909985521990622,-0.00974717052452999,-0.004541414620697251,-0.016692901417397984,-0.011891087471740875,-0.014346865316584896,0.005339987267579914
2021-09-28,-0.012439125896138702,0.0034093211352824765,-0.01665849548297295,-0.01165773003574665,-0.03008915341441234,-0.011876926380150187,-0.005997713953287308,-0.012663362490838785,-0.01728917414095648,-0.01944662260640217
2021-09-29,-0.004098434862575574,0.0,0.0007868792361263457,0.0011020386533821893,-0.0012625498978602807,0.00902777260836896,0.006440641514805785,0.012973972304347216,0.007867495877509251,0.0009869178384789552
2021-09-30,-0.015677119119685615,-0.015241452171950913,-0.015860735541279987,-0.02073594777698905,-0.00720678962679589,-0.018137788936267454,-0.016068099727382056,-0.00795197412639432,-0.012335242380711799,-0.01679893903959611
2021-10-01,0.01580168094399734,0.033043691034585126,0.016385410707642444,0.013602613514823928,0.014956211357102258,0.002611252501379104,0.010740669178640893,0.0,0.00023570392318255333,0.007495009473494965
2021-10-04,-0.004364536415585318,0.01621259285324874,-0.008687847383060533,-0.0054592533619505675,-0.023430359840979572,-0.0031922845228374392,0.0011124672164406072,0.013681765590911393,-0.015353311558936093,-0.007940743642883222
2021-10-05,0.008833905686992886,0.005830981355661335,0.01937746996992294,0.011089767330467603,0.014150917455894061,0.005074033443610768,-0.007811592981742244,-0.0024737600822635018,0.0059636076974970975,0.004005968812163891
2021-10-06,-0.0018599485150447932,-0.01059400299804875,0.0010369545964852658,0.004401829973879442,0.006504430803681782,0.009642420500347212,0.009588516582034724,0.015361244711845006,-0.0018250834191767685,0.0031601961559756127
2021-10-07,0.01294634394078901,0.007682762357143388,0.005940754884669321,0.007755792392444947,0.009088771440702225,0.004430138461905503,0.001108963670473494,-0.005349565363133775,0.013176207190810715,0.015434246316904432
2021-10-08,-0.0055278342711087385,0.030329910575581084,0.004881251385842656,-9.911069031172329e-05,-0.0037443230902096895,-0.0011413760875738541,-0.01092159904078637,-0.007383571333492095,-0.005029072244555579,-0.004589010573485401
2021-10-11,0.000123406605003702,-0.0037192107939116336,-0.010045209067599892,-0.008056107775475387,-0.00554333921321039,-0.0002855476911493571,0.0013438604240587056,-0.013679639492658291,-0.007829450098291108,-0.0040599871734823675
2021-10-12,0.0013540017854827818,0.00088666059343951,-0.003111137426217475,-0.003300915991788473,-0.005174484293485262,0.0004283216283041245,0.013339317496118223,0.006707841413411516,-0.004854941202864389,0.00788569561580323
2021-10-13,0.00747465648505029,-0.0008866605934395212,-0.005729462407724233,0.002101761428124608,0.006100771793204482,0.001853841316773877,0.005725589060222889,0.011592805741853604,0.0015943021792475353,0.0048973717196165705
2021-10-14,0.024004624992190977,0.012168329081850929,0.01657662375326265,0.018720158546788296,0.022293659918297237,0.011192192870833308,0.013955718984116423,0.012219564193556055,0.014236254114573597,0.010421298667426476
2021-10-15,0.0029754210783370103,0.00489606120337844,0.014788646826328567,0.009570186529614114,0.007985205039193484,-0.0023977939141043266,0.0004329543262330233,-0.00288864518002862,0.004935258470864156,0.015193345087885071
2021-10-18,-0.0007133139435470759,0.0006973616143136225,0.00025300009463162705,0.0006800985053641903,0.008430518341297724,-0.005948954179986692,0.0017301373342610911,-0.009638080736790067,-0.006821846910658116,0.012147551811764383
2021-10-19,0.0052187300115891806,0.011266310607799614,0.009819889001714644,0.005907358756031144,0.00987281824062333,0.0004260704397571474,0.004527348003988539,0.012526725916818686,0.013054027659929565,-0.0028263718745644394
2021-10-20,0.008012269880408991,0.00806801881733871,0.007986074382229731,0.006256213759949367,-0.002774548331102918,0.005805468415137199,0.015156732285109385,0.01566559494245443,0.014187656894780885,-0.0007341274358133878
2021-10-21,-0.002585235793671927,-0.01863729741416131,-0.00423454054576985,0.0020127593391100966,0.003844833661550808,-0.0012715922756709114,0.0031728699592679733,0.0,0.004049688358739401,0.014580461131092192
2021-10-22,-0.0018840469260047537,0.009362299056341228,0.013882160976751056,0.0035369277566505127,-0.003465846726977191,0.007744938773271777,0.00715509531180083,0.005068296593026012,0.004033105155402706,-0.003573361164275991
2021-10-25,0.009970258313750084,0.014560946969268148,-0.0012316514067265603,0.0022875188121991895,0.0032770268318751653,-0.0007016283394071852,0.0029312412954205017,-0.004321576394356298,0.0012143563161810178,0.024496495864328283
2021-10-26,0.0027969997642750626,0.0057656635986420585,0.0007393965335844424,-0.006207535752487878,0.002827669717145054,0.003502988819518593,0.004589025870720153,0.0053620667677671775,0.0049186942403799325,0.00015183566581572876
2021-10-27,-0.014419024312533129,-0.029166454272371887,-0.016640263011696542,-0.011755717963054803,-0.0008788761739067582,-0.005892141632622338,-0.007310667510499735,-0.0067070879976830824,-0.007957292053700495,0.0022246786250683776
2021-10-28,0.009869430141022721,0.007112535221531921,0.01219637574388953,0.012426125655490719,0.009997397175908957,0.003511232824297473,0.014568276817836307,0.006558522063058746,0.008334910204474005,0.013195613364896384
2021-10-29,-0.00480497809072924,-0.006590196479004413,-0.0039659376146881364,0.00028707938584249563,0.004280747573015825,-0.0009817511354386595,-0.012055851001019746,-0.005960221031812782,0.009686532763997127,0.0025883126988958723
2021-11-01,0.002346663852879071,0.017079506145801324,0.0004967185009020557,0.002771640856984798,-0.0014869037021434676,0.0015428010047592803,0.0022975790555796955,0.003580354755447352,-0.0011964094418568775,0.01817831450186848
2021-11-02,0.011304809694683324,-0.009452768114076806,0.002479591627839298,0.0033348022824796044,0.008765640868243812,0.0067039736703085814,0.00934481769190029,0.0008929917151519689,0.006264783109929392,-0.006759891252150411
2021-11-03,0.010376038438366736,-0.008323041914608734,0.003708049979416078,-0.002190326414614081,0.0058215667865309925,0.009282738721343326,0.005771034280882183,-0.003726626271929672,0.005856367296805779,0.01782904158001298
2021-11-04,-0.0005737426482147374,0.0013918110658686167,-0.013163428321950554,0.003995848120868613,0.015521333537593796,0.0009648772887240655,-0.011367383891415625,-0.005541080140213746,-0.00689783717670243,0.013380455284819496
2021-11-05,0.007773313976668709,0.012956993420459438,0.000500049556282044,0.010108470126163357,0.005160438810807956,0.005770147472155765,0.0022838376777420447,0.009416753604982868,-0.011226617129429427,0.006410737295155158
2021-11-08,0.012447735191453023,0.009056010189127085,0.0054821558818619765,0.004127103268458832,0.0053719729467956645,-0.00797701863230236,-0.0002073391521411279,-0.01498837829687412,0.0059285037915955355,-0.0142543355658733
2021-11-09,0.0046003904472686685,0.004074059404680938,-0.005482155881861969,0.002524182100089882,-0.004116039090243482,0.0034462470733249042,0.003726553650599212,0.0051209727315823465,-0.0036732473610401944,-0.018658572862636478
2021-11-10,-0.006851940720367763,-0.02678257019725201,-0.0017509068828271126,-0.0056180652506091855,-0.016635887515710854,0.00302295128298145,-0.004971861419949836,0.008080434336610683,0.002849646433744942,-0.0037246871559591444
2021-11-11,0.007970802290853046,0.003820562083849273,0.0027498443192245496,-0.0041398411866098534,0.0046691567797664665,-0.0006863396398114368,0.00041515188666629496,-0.006129008659204966,-0.0029247890776652923,-0.0027044269135548123
2021-11-12,0.007463919537010723,-0.002429719130703925,0.002244327240711286,0.007888671768570539,0.012086261258715628,0.0,0.00041507184664694703,-0.0006000786008194154,0.0049447048648900115,0.003342577935271028
2021-11-15,-0.004560705972277141,0.008305992537067881,0.0,0.0018692346686485137,-0.0010163706433516562,0.004793692669367949,0.005587268829059501,0.013117054393040298,-0.006222130335451599,-0.0008346948848933246
2021-11-16,-0.0027912841186610343,0.0015496691679169504,-0.0009970056202208422,0.00018667797584074534,0.010474740479787718,-0.006305063773462829,-0.006209987372152128,-0.0047500430971741244,0.004202214548227116,0.015641920921706395
2021-11-17,-0.006618407720336877,-0.015431540731580264,-0.011534721994120466,-0.0059925080731968354,-0.0030238150636476896,-0.002202077687898575,0.006622575790708476,0.0008921949923627301,0.0014219679423047391,0.006361649776986868
2021-11-18,-0.004285980429693202,-0.0059586611188666505,-0.005056891948751749,-0.0020682055001098533,0.009927348434014107,-0.0035891965611212348,-0.0002062270772823592,-0.005216414187261304,0.0003737209536059346,0.01127403936538012
2021-11-19,-0.001810248004028761,-0.039804542634280855,-0.010959592288473891,-0.005000095707362999,0.007264664095873352,-0.003602244572544057,-0.005378546134295946,0.005662505746371148,-0.00607314779619406,0.004313536429779372
2021-11-22,0.0015840162360335897,0.0175873676685685,0.013996711627879606,0.002738870113753125,-0.011212147969679167,0.00788021499373958,-0.00499065561366441,0.006073688927585807,-0.004522511260663307,-0.0025099857452486577
2021-11-23,0.0010167435907186076,0.030270504301930342,0.01554689658523854,0.0016963983715123595,-0.002304790878443117,0.006587920353449775,0.010575428825242617,0.0010333605820112663,0.001057118615981918,-0.0072814808786327125
2021-11-24,-0.007140626242752769,0.009717105887823301,-0.0022416801108627255,-0.0011305353117021394,0.007251329530202413,-0.0030142539333852065,0.013318509141054466,0.0005898837243632179,-0.0003774273698478416,0.0020516903394452693
2021-11-26,-0.01732580282620283,-0.04106654401861256,-0.03372947292412108,-0.027427829613008155,-0.025281731789402045,-0.012703690116394639,-0.02744420503643081,-0.015753191757086202,-0.003705935852072423,-0.027643679335161795
2021-11-29,0.004618833099666808,0.005740855005309527,0.0030901995396973485,0.0017423860375539888,0.024694320845341015,0.0024981764459167223,0.012474228022270295,0.01472044087269216,0.0027240939571072905,0.015414430381358306
2021-11-30,-0.025081400387657105,-0.023713536985781533,-0.02420397476024857,-0.025667408387012664,-0.008381329254639008,-0.025979030019285292,-0.02108844553633228,-0.029660814665168313,-0.01984374718342491,-0.013603153076424738
2021-12-01,-0.010211752263778202,-0.010681633773975314,-0.011125998140089176,-0.013990342537306797,-0.013785950785878095,-0.004848780804873112,-0.013169563239836913,0.0018229420208673722,-0.001774153607405342,-0.018214131729398165
2021-12-02,0.020202715295499336,0.02865431575444724,0.029398410141635814,0.029254756590727123,0.009152402074162626,0.010523351576851416,0.02700039946883258,0.012667993179007127,0.004852887513434926,0.014146060457868497
2021-12-03,-0.002224467347647908,-0.007948061310195677,-0.01643034409789659,-0.0011735107330703948,-0.016873857304341235,0.01237184179427734,-0.005007315351726305,0.009990454861005782,0.0018427008622993685,-0.01964057912320767
2021-12-06,0.014546011210859848,0.014761677198789482,0.01513610277748275,0.01678591504243165,0.009462590489915419,0.017451933146282583,0.014328810791725367,0.015166298816554326,0.005660019214885085,0.011355429051870158
2021-12-07,0.015134381668969615,0.023139968894516392,0.017713088633995948,0.010147443149325013,0.034317487016538493,0.002194225207685776,0.01757660100119694,0.007425385480597158,0.012807799428701066,0.02305691217396459
2021-12-08,0.004201552700268959,-0.0001746383430915046,-0.005357761687832466,0.0024733791768083812,0.004568602267747853,-0.003155552404200111,0.004245715456907033,-0.0010160276847704997,0.007501691414851027,0.0025134342513633543
2021-12-09,-0.005567789272248351,-0.0077140430229915916,-0.002048737438182636,-0.0031402455513328295,-0.010848542511338499,0.0027446048015358705,-0.012791065413433405,-0.0013074403837853433,0.0023145305377151684,-0.01748163283804473
2021-12-10,0.006134128151791533,0.007364517979115859,0.0010249990876909558,0.004089912685656106,0.01986679157282083,0.016718143781171715,0.005095684106958627,0.005364802759738896,0.0034981635141416115,0.0069514416667430775
2021-12-13,-0.006020259318091765,-0.028170603625014376,-0.010813648301987926,-0.010400299892008195,-0.014978877316154503,0.012989676348286407,0.013327815158902074,0.012217241845815326,0.00939251397284579,-0.026094842471131238
2021-12-14,-0.0010258583866455371,-0.0041417327862087235,0.005936049359505676,-0.00954095847721679,-0.016563179214865574,0.0006650468752281868,-0.011094426120854857,-0.006018064532607748,-0.004056900658759885,-0.0058255373041821755
2021-12-15,0.0021645949100134554,-0.004884038285589031,0.002826866826057823,0.008677493203950283,0.026152405536524703,0.010054543703988157,0.01469869083680145,0.016251165835298044,0.020266365342650573,0.012612242056076273
2021-12-16,0.010190128945832171,0.006326372940229477,0.012495270035855344,0.0004798298615877052,-0.028752461156634084,0.007082783157401555,0.0037905787918890146,0.0050775172779121336,0.005921694051777911,-0.022329432421017523
2021-12-17,-0.012582994243538969,-0.020570307745817064,-0.02229433520995638,-0.017226823246478916,-0.00670871856976422,-0.01727032371136568,-0.0033907576356863793,-0.015167948796446567,-0.007008646478084877,-0.006838168942038352
2021-12-20,-0.018024644265133213,-0.012466813890422299,-0.019615189961954587,-0.016150403325404003,-0.011964988765106694,0.00029464875688096166,-0.006570688493344874,0.0009496968576436778,-0.006073812198507159,-0.016275523013044017
2021-12-21,0.012529122358009476,0.028086992761421972,0.020500024663805308,0.0197205824928864,0.024991366124559322,-0.0013395863071953389,0.005663421288829175,-0.001439194060087103,0.0041651904894563895,0.02557567018146383
2021-12-22,0.007923096016683224,0.006399269736152822,0.004671832032032375,0.002827441525796221,0.012992722295309858,0.006279681033737877,0.009834435910623879,0.004311943206233216,0.0116000026425279,0.018075922513921077
2021-12-23,0.010015156324824467,0.0005465896776057329,0.005165277449718131,0.011711861717381991,0.005566548470763985,0.0022618495977870696,-0.0030003369288994254,-0.00014374344545311032,0.004100349832163757,0.013776184616290474
2021-12-27,0.014948025408677158,0.02162239711038354,0.010251301901463079,0.010529489035828336,0.021225548620493667,0.010575075333418973,0.0202268040360596,0.004864761356415609,0.010497783319832123,0.009697282280622008
2021-12-28,0.005784628982482881,-0.0007132040070430114,0.0005098639515124161,0.005034017289935706,-0.005221593991724845,0.005638372690017268,0.00430972893615328,0.008952096631489721,-0.002632273354037889,0.0004385205183847338
2021-12-29,0.004095205545788371,-0.006442625237699987,-0.0012750952261112055,0.0017981427898663106,0.0008533817876635558,0.004565923375272389,0.006041204924241184,0.005361197753399116,0.0056820769786332095,0.001995582446037358
2021-12-30,-0.003540982781993281,-0.006122536341519916,-0.0017878901961635948,-0.003599988876438451,-0.006617496194388257,-0.0031286902778072255,0.004458547258213633,0.003651744996891228,0.002051664157322887,-0.003604354816289034
2021-12-31,0.00442441042096854,0.002525566978567685,-0.0017908820755644164,0.00426197267357319,-0.004876649544629225,0.006766499948458034,0.002125253251893851,0.0034987527515366124,-0.00424983940640789,-0.0023940699005513878
