Date,XLB,XLE,XLF,XLI,XLK,XLP,XLRE,XLU,XLV,XLY
2015-10-09,-0.0004524956042168351,-0.006505782910542357,-0.006433590323611905,0.0033776759372917704,0.004348849488532557,0.0022262793618487613,-0.001656832111263906,-0.004784036553083289,0.004539947580840365,0.0011590043106183654
2015-10-12,-0.00864409031586172,-0.012994213763159094,0.0008603097897924931,0.00018715197449158206,0.0012047626165887827,0.0026247666424171383,0.006280148100435347,0.008866682841171057,0.002626594152853694,0.004749187970220476
2015-10-13,-0.003891598934440775,-0.010487686883981218,-0.007769005697708743,-0.010733531801247293,-0.002169390767370883,-0.0060676214192162585,-0.006280148100435339,-0.0022659980078533087,-0.012611947766391511,-0.005392962325509557
2015-10-14,0.007995681202824222,0.00857572603670774,-0.008266192274477061,-0.01085007961850262,-0.0019321561936372171,-0.011631888433172949,0.0,-0.00022690063669188754,-0.001920651602323396,-0.01022371425880533
2015-10-15,0.002726584467802167,0.017803028493645096,0.022463334643739258,0.010850079618502628,0.01273265922110312,0.008990920835927452,-0.0029885956534397512,0.014641354398306878,0.02208188143885877,0.01292399557256792
2015-10-16,0.0004533167287533048,0.0013010614588277783,0.005962221136262052,-0.005124876320621361,0.0019082457885668226,0.009515474742464804,0.018843651630478502,0.0013409286896799806,0.0089273655483728,0.005250602973150236
2015-10-19,-0.007055530491786715,-0.019988038170183856,-0.0008495291275919884,0.001331305648118457,0.003804786191000648,0.004422373082922901,0.011615729774384553,0.0006694630722637752,0.003577317528345409,0.0047150190269607895
2015-10-20,0.0015973885604222873,0.002795909064984512,0.005932208098881017,0.00662972464603394,-0.0026144902908702412,-0.0006020017956254866,0.0009673192624641845,0.0033422712798095535,-0.01583649021580194,-0.001272344633788161
2015-10-21,-0.008934003674964566,-0.012420343955448658,-0.007207795641076174,0.00018842691000219163,-0.007645067034986224,0.00020097763938173072,0.0008053999184883009,-0.0020039743905691534,-0.009038379539738782,-0.00446490513104882
2015-10-22,0.02701380470231417,0.01784271747772562,0.01604112110487727,0.027551806402667037,0.022292048034634495,0.019672756390610762,0.012575475845281587,0.011522666804851355,-0.006021917073636933,0.013083368160685045
2015-10-23,0.008252125110249156,-0.002340965733891935,0.010828332043188124,0.003665887872855064,0.027525844615752335,-0.0015755958109938651,-0.012092864328525547,-0.017782275606026857,0.021136322983490947,0.004909864478509042
2015-10-26,-0.008252125110249186,-0.024769406500205145,-0.004151148695090967,-0.0021977848608649426,-0.003886094317752401,-0.0019726932057704096,0.001287058704661508,-0.003594633483079052,0.0038869288167257057,0.0070084932860997335
2015-10-27,-0.004264518826640741,-0.012086748972710759,-0.005840579424829556,-0.01106196738166522,-0.005742547447768582,0.0013816520586692087,0.0002567907211106843,-0.003607722079321384,0.018223523816589152,-0.004750375335349577
2015-10-28,0.014957361183246405,0.021949199285651214,0.02316080037313696,0.007940111854162381,0.014862617118293309,-0.0057354842553974305,-0.003637733348060252,-0.0106733287706366,0.0082893684307495,0.009477230234621388
2015-10-29,0.001992254166112084,0.005042991787064304,-0.0012273510849754973,-0.0005517745788320196,-0.0027275131954880606,0.00039643251295782796,0.004537212705443446,-0.0057242383334816125,0.004467484261772267,0.002851029162895067
2015-10-30,0.001325724842628357,0.006488699228995618,-0.014430175636820825,-0.0012890544305698137,-0.00662195703643554,-0.011164100363807841,-0.006312969998922518,0.004581899209185113,-0.006287771879560422,0.0021016205638313195
2015-11-02,0.006165135191725171,0.023103660659021134,0.01361137737106214,0.01154185234163,0.008895270936155665,0.005996167016514211,0.0,0.0011423391242964395,0.021082784196028364,0.004558682008070496
2015-11-03,0.003942742305836442,0.02524532332686144,0.0016370436609335255,0.0007280192491844211,0.005209179751635607,-0.004793972989239381,0.012841401145112827,0.0029637095165983484,-0.003574814761309733,0.003804327472691542
2015-11-04,-0.0065806609090107125,-0.009003860403807596,-0.002866675512147875,-0.0027339836816706155,0.0011286842193573919,-0.004214118890473114,-0.004155254580593565,0.005221372186529117,-0.004417716683029556,-0.006511939703667036
2015-11-05,-0.0050742229817785775,-0.00851538281109819,0.0040931402169332885,0.0012769121538783316,-0.0029374079336576347,-0.00020077276265186562,-0.003851012033855529,-0.008642019276749043,-0.003187024584881221,0.0035678859863754893
2015-11-06,0.0026508001585345757,-0.005144470730585756,0.010160610042713082,0.0,0.003388447648886207,-0.010920399565892946,-0.03767860912231421,-0.03557286522510361,-0.004172667001882673,0.00012306084681384867
2015-11-09,-0.006862490020403545,-0.009934548855311445,-0.010977969057697799,-0.0076852014263742024,-0.009744819580822307,-0.00673272367848597,-0.008045920555338027,0.0026003979157069035,-0.007694927185891053,-0.013850991893642984
2015-11-10,-0.00735672763905705,0.0021684646015449793,0.004487404261205004,-0.00018362639383400617,-0.0066264937552626205,0.0026577051411134267,0.0107132682014139,0.008930615320740808,0.006719282554309741,0.009419669708108851
2015-11-11,0.0011179361462799618,-0.02145308427356926,-0.0032614409001101847,0.0012850988543807419,-0.0004586833838135814,-0.0014301783632872616,0.0034575399428681147,0.008619921587413898,-0.00995523999186433,-0.0059391064928455695
2015-11-12,-0.02032100783883889,-0.022979247593117584,-0.015223437207726552,-0.013671075568488575,-0.008753607993061917,-0.013586493442571314,-0.006124887588943881,-0.009556436741408552,-0.017482998120433805,-0.009350856571677562
2015-11-13,0.012692963222617868,-0.004083816015758681,-0.008326166080450143,-0.004474243210438442,-0.01986293318758818,-0.008742571509996142,-0.013107196842346874,-0.0037540403167208455,-0.002440411440653568,-0.02665815794842712
2015-11-16,0.012755961533475715,0.03279989938702179,0.012050176263797327,0.01280993501657734,0.015224466335812441,0.01699914204170798,-0.0010154477834275473,0.016783700207846922,0.012428065424313345,0.012020482608630185
2015-11-17,-0.0011127397775325342,-0.011061727718152854,-0.002067419013357128,-0.0020310985425326744,0.0002324600050448732,-0.0004113328268693554,0.01545743604287318,-0.01819509875174392,0.004249587768856569,0.0019048110746489658
2015-11-18,0.01765281521474575,0.016327601766147785,0.01764187149291286,0.013768074589110287,0.014992792312037368,0.013683148172771881,0.011767514920074862,0.006336226771111048,0.019320386025017497,0.016982395837054944
2015-11-19,-0.0010942698760457493,-0.013513458268016419,0.0016251860392402214,0.004366071288144169,0.004568441866860018,0.0026337851551372898,0.005423127564486037,0.010702450188183344,-0.016919840498229703,0.0012468090766484634
2015-11-20,-0.0030699271063661425,-0.010704843952510848,0.0016227810306167002,0.005069537951925315,0.007266138436599716,-0.007105811400791404,0.00816037095705667,0.004157071589675172,0.008565173372957065,0.011888615039175033
2015-11-23,0.0013168076793141203,0.007149049920163125,-0.004061551624923207,-0.005069537951925381,-0.005899978641747549,0.008722823916837237,0.005188291543354883,-0.009261324674050858,-0.0025196390733074224,0.0036864838579085575
2015-11-24,0.008300541327849631,0.021146447659723466,-0.002853587306886622,-0.0016351585444922571,0.00022749566235937625,0.0026224245126115716,-0.01531743851690889,-0.0013964895702857944,0.0030790857583701836,-0.002087170562258984
2015-11-25,-0.0063283688922938265,-0.00817074152735005,0.0008160252345593704,0.0,-0.003190148900730164,0.0026155653859085497,0.0,-0.006075739301613982,0.0054347450556875235,0.005026478433144627
2015-11-27,-0.0013144182690087696,-0.007204319804756645,0.002444087911874189,0.0018167520307484006,0.0022800512434903147,0.003809949099233604,0.0075250056441393005,0.001874031768092303,0.0019444775723098016,-0.0036753293572972024
2015-11-30,0.0024083454939148262,0.0036821790522082185,-0.0008141489089233424,-0.006555459689527611,0.0011374438469400963,-0.01086735141359687,0.0022790054184942798,0.0016358188190559921,-0.01368745794475076,-0.008505689820211139
2015-12-01,0.006973491627488673,0.00790727320756399,0.010933976921911412,0.0047387076587791606,0.008832625584147377,0.008462783793849725,0.016417246177565584,0.00790849968244951,0.01673424407331062,0.010222755107462133
2015-12-02,-0.013555388811933973,-0.031409699014763315,-0.011748206297435768,-0.010233977488426626,-0.006333078160055108,-0.0050289693707799695,-0.02065384002243327,-0.02249375065330765,-0.00847157869535545,-0.008738059254430823
2015-12-03,-0.008843798653165716,-0.020221314226730507,-0.016434624069520704,-0.012569603107941887,-0.013018548976317903,-0.005256543135078785,-0.020122646748532157,-0.00761169211733491,-0.022140137544676287,-0.015195005258531808
2015-12-04,0.01739193949095852,-0.0063169496487903804,0.02616708723995344,0.014771504587230113,0.024300114034066553,0.02225184547783689,0.02012264674853206,0.0139895125105303,0.023255151679253298,0.019142609154070733
2015-12-07,-0.018058209939384177,-0.03876325272048029,-0.009325090809157154,-0.0049611139129853805,-0.004948486897693444,0.00277193308253539,0.0,0.004463555939018159,-0.005587863236334096,-0.004194900176977026
2015-12-08,-0.019069622288330198,-0.010336035784651119,-0.012707890533361185,-0.016154726062296336,-0.0024827768861936106,-0.0025734255900768566,0.0032602839573729198,-0.0014071124944031025,0.0022387665748640206,-0.0029720173259839243
2015-12-09,0.02967994626481781,0.013063610452196759,-0.011618362733113046,-0.0029994581111436208,-0.014801693177090182,-0.009559858357768836,-0.005549245039437699,0.00023454145467972288,-0.010115311682463308,-0.0128550806628682
2015-12-10,-0.007504086831172917,0.006388736276712136,0.000834527923120144,0.004682938847542677,0.002748792761747152,0.0011997273712545252,-0.008216969256898706,-0.016564438947077254,0.007456297413755381,0.0033854747143826484
2015-12-11,-0.02694354397376853,-0.038132008899013636,-0.022349488646894896,-0.01696240816522475,-0.021038379441837687,-0.011053911914086214,-0.005360695015872035,-0.00286744317172608,-0.014825769427220305,-0.02304769565769982
2015-12-14,-0.013287656271281744,0.005278667004631588,0.00212976441138719,0.003604821040106996,0.007680529307777978,0.009854184542831702,0.00308113456263887,0.005012610799185365,0.006522085179919119,0.005111495649787944
2015-12-15,0.005519651561103042,0.024860930288054025,0.02313474282819633,0.0001893816763571602,0.004395416620215395,0.00638321536587736,0.01147844885268342,0.007826750426505144,0.012918181756674496,0.005465705151734793
2015-12-16,0.010268315202288285,-0.0066014696396569485,0.01608552081695857,0.01764311081273618,0.013528041384293353,0.019104519504054798,0.017825610253211176,0.02496306419687277,0.012890471883995775,0.01659353866019046
2015-12-17,-0.020180074581334702,-0.024862183804480978,-0.01442375580120656,-0.016696740038957544,-0.015838785132138232,-0.012959172469113064,-0.001285703121639904,0.002071657761214423,-0.01080033662123782,-0.016593538660190425
2015-12-18,-0.013604661599312874,-0.017669523287682398,-0.027097149694929865,-0.015362499651006042,-0.019584027305869472,-0.017877434137083526,-0.01309367523152272,-0.01250699606710778,-0.014604333996888647,-0.01584441794673
2015-12-21,0.008949938107920387,0.0010202066852228037,0.009822703836063505,0.0077010694638846655,0.010144802526370419,0.011286277616021745,0.0016462050870946886,-0.0007059981318884158,0.009038245569084676,0.005030530144368717
2015-12-22,0.01258150760080191,0.011656720857619767,0.009305984534825342,0.013714456716562592,0.00725055277170191,0.012941733949173041,0.009168435684021353,0.008438949644548001,0.006725902212609835,0.007307457370693746
2015-12-23,0.02334232870690726,0.04258047837901425,0.01172052716371981,0.011660924788362032,0.008354899509050369,0.00729277989090483,0.009730917071183882,0.015288847651967662,0.010695066646690113,0.005095911952291478
2015-12-24,-0.0022647313061090347,-0.009054147349789595,-0.0008326950509917422,-0.00037427290706637615,-0.00046225744906429263,-0.0009825734062078,0.0009676681235161389,-0.0006898033641477106,0.0009668236568725981,-0.0026720559153700853
2015-12-28,-0.007052264812244419,-0.01835838329897573,-0.0008335075225762177,-0.0022469567616422753,-0.0006938859809907827,-0.0013766941531817745,-0.002680046897416341,0.0018387225840481494,-0.0047039478401688685,0.002544925403935755
2015-12-29,0.009316996118353448,0.006923902096824992,0.01036689465103068,0.009515846823800161,0.013558854755935308,0.008623765810939056,0.016451162570316064,0.005495607009730725,0.012129649077866138,0.01149966590401191
2015-12-30,-0.009316996118353457,-0.013562888319310396,-0.007037379236188082,-0.008391865655660304,-0.008481634534555102,-0.00351888884071479,0.0,-0.0009140510552525796,-0.004256396220740215,-0.008073664970291914
2015-12-31,-0.008714029484510988,0.0044863352569017925,-0.010021094144110846,-0.007330112824355045,-0.014141528584415298,-0.011226011219049778,-0.008175294403327487,-0.010800789226281445,-0.008983627166937699,-0.010056544438765847
2016-01-04,-0.0157848328516817,-0.0003318901922129235,-0.019492056256612572,-0.013484261580230803,-0.013161783400722696,-0.012756880427487384,-0.02349103769874463,-0.002081621308145071,-0.018212609730964932,-0.017293241144313038
2016-01-05,-0.00046821389851572063,0.0038073893383770174,0.0038437078203337085,0.002673110375550812,-0.0026055561326247213,0.0063987323921022325,0.029852097596714935,0.007151935360047783,0.004795633611901763,-0.001302462769931594
2016-01-06,-0.026566818398266124,-0.03925393633765037,-0.015464340434619665,-0.015566339340194565,-0.01241028442501397,-0.0033941402516512193,-0.0097018104594385,-0.0018408382885378497,-0.008194739816213348,-0.009824099052064078
2016-01-07,-0.02753924496169001,-0.024701077004308618,-0.028541528568326816,-0.027490491558716416,-0.02998390932539951,-0.012072713896345276,-0.018510199927298653,-0.006701153737041106,-0.020494933022923018,-0.020747817556104952
2016-01-08,-0.010182884351209287,-0.012940072208266849,-0.015713154082303383,-0.010205334226108387,-0.00795053513754049,-0.0077220091411219745,-0.013197177519195602,-0.0004640066276790909,-0.015174234258641348,-0.010809875202382895
2016-01-11,-0.017119695751960783,-0.021642029816666523,0.0013563785819149952,0.0006033404891897507,0.006464325387837451,0.009340231353400036,0.005960301133758491,0.005321170948528052,-0.011979345225210731,0.007848396410824474
2016-01-12,0.0015217850009875212,0.0023673881529902175,0.007652394258927184,0.008008429979727278,0.011826088222291054,0.005441945328569965,-0.010954470508373532,-0.003930286009805828,0.01271418030935064,0.01099268576461589
2016-01-13,-0.023343184745087314,-0.024301809143702967,-0.026353065943791047,-0.024423665665408174,-0.027311140887629974,-0.018460823043289148,-0.01040095412326287,-0.00046314810614169193,-0.030124058053518272,-0.03431110929987373
2016-01-14,0.013405918270632495,0.04214820532747515,0.00870958693873331,0.011781525577384202,0.018701453876873473,0.004697976431661512,0.003366875144562803,0.014951094938583206,0.026444671001768585,0.007148887089597836
2016-01-15,-0.020699796333292046,-0.029371536515823856,-0.022618086467454297,-0.01772484606222605,-0.028566049240699484,-0.01581602130485947,-0.01694944783220628,-0.008943854901064361,-0.01410641359244767,-0.020761926205297647
2016-01-19,-0.012363088691956802,-0.021761896863484925,-0.00046666155491357814,-0.00020583899181523114,0.0010163381729246294,0.011936760444099805,0.006814163035867674,0.01486215152517334,-0.00014960115689689252,0.0037685588861135783
2016-01-20,-0.0074389623281756415,-0.026871867027161555,-0.019812347854818724,-0.013036803771540293,-0.007903170450915084,-0.012558005541112516,-0.02719149270295485,-0.02272554272010815,0.0019422611020450328,-0.00881633609557405
2016-01-21,0.008761368053613806,0.030625438404595657,-0.004296854025175059,0.004364639082136998,0.0056154448599321,0.003928394432554817,0.0076468016471447995,-0.0009287859492221393,-0.002989622156220434,0.012710539066605376
2016-01-22,0.01781535641563769,0.043262153404972796,0.018018358537006163,0.008672164689403435,0.02736415176715217,0.016982516026692526,0.020562882186487337,0.017736032045221315,0.0157457617455431,0.017336269220275626
2016-01-25,-0.03246090929163606,-0.047768458110926136,-0.02041372894835769,-0.01241188543287838,-0.01170768724574518,-0.008966571051042418,0.0,-0.00848341923245576,-0.009328693574355052,-0.011523663159655322
2016-01-26,0.017022040603735192,0.037126879999605476,0.016647128429076452,0.018765435538255448,0.009724497028204408,0.009169138865579787,0.008848335245996477,0.006884054508643928,0.007558441947618819,0.01452029070546295
2016-01-27,-0.007943066097097294,-0.004725328008213144,-0.0037807068382220677,-0.011299549951688097,-0.020810515505027518,-0.0010144704487236498,-0.0088483352459965,0.0022839728109289737,-0.01143368419488818,-0.015763478518146683
2016-01-28,0.0015937928251467438,0.029970691106966454,0.0004736062518952682,0.005768257183695077,0.012838295552451936,0.010101105188439033,-0.010914401623834287,0.015844817454200088,-0.023573187306073665,0.012766850972339207
2016-01-29,0.02851728823135905,0.028755512350114122,0.02753970553223037,0.026554522367437473,0.03102991674792638,0.0200981104151013,0.0010282194058612094,0.019789252722428968,0.01622831692587294,0.010853989048488102
2016-02-01,0.004118119031140887,-0.01680466655141472,-0.0041525320575380815,-0.0024031141974467612,0.0036301484954254486,0.0033435052405867793,0.02101811851892676,0.009422768629977983,0.0015033630575602484,0.006053264232253979
2016-02-02,-0.006701096401059268,-0.03393754668198655,-0.028131061710830213,-0.020255943981747213,-0.018040290240589455,-0.012844749759037946,-0.012829099172025484,0.004352343421436952,-0.014525724877017015,-0.019638618175352247
2016-02-03,0.03306555655407891,0.03498536490190866,0.0009505662070507307,0.016036110922603933,-0.0012307057981394173,-0.0021901792895013886,0.0010185146295644456,0.012302040270043663,0.006532515513339481,-0.002602589050443435
2016-02-04,0.027392189478470174,-0.0005239731408591273,0.008514745042771657,0.017169375200093793,0.0009843912597508444,-0.009211180005357568,0.005990350162202347,-0.004299127978534237,-0.005466396354173515,-0.0057762827620348196
2016-02-05,-0.011507447043190636,-0.023496988697944407,-0.013276705543878617,-0.009546520379948418,-0.028451969616870694,-0.0016102243574854893,-0.018353937698984513,0.0032260207519337614,-0.019680568567138214,-0.03280775204117207
2016-02-08,-0.02670116925514091,-0.005197247166916397,-0.025623685228249142,-0.008428602802299059,-0.014535480762201477,-0.0026230808519929773,-0.054449590898726606,-0.0034412695537999476,-0.013759025069636692,-0.019574733850352716
2016-02-09,0.012316116176945472,-0.02437416684582576,-0.0014704655069414667,0.006027527156261634,-0.004634210524298101,0.006644544729636281,-0.007869076096602385,0.0034412695537998726,0.0073719357252784385,-0.0016003289150992724
2016-02-10,-0.009537813597441647,-0.004058737611687478,-0.005409137268647581,-0.00522177917410791,0.0015467571290399198,-0.0012048930007520237,0.02099209650047497,-0.001074373594049193,0.008868192658378833,-0.0017486432595262722
2016-02-11,-0.021928972804089873,-0.004261239113160425,-0.031049354159638567,-0.019726468191813878,-0.002063058908133635,-0.008069326777998613,-0.025391374318354944,-0.017783665875362883,-0.016240128383657477,-0.0005833334947661784
2016-02-12,0.029215705074570174,0.0260226424835695,0.04135126443603301,0.01992798771963217,0.013846447914468372,0.014079026176215759,0.009870140389193436,-0.003068571057536088,0.01329286413533222,0.018219221693356866
2016-02-16,0.015157764162482419,0.009900517848189861,0.015976787734562806,0.01993265085921859,0.017668253041895992,0.00795676360013752,0.0,0.006345334062068139,0.01862332439327119,0.023926805769283892
2016-02-17,0.019536517960537354,0.03225214978944084,0.01335878456204825,0.015276674400838722,0.02030764214170809,0.010250667332698358,0.03080533211384683,-0.0019646536033243564,0.012576571138628284,0.021315337372680224
2016-02-18,-0.002906353094970318,-0.012565791943452033,-0.005703142590746847,-0.0005833102220256036,-0.003929808735807159,-0.004520873037148447,0.012269991241158004,0.01625665676799735,-0.006192833457347287,-0.006595056059850064
2016-02-19,-0.011709821104977406,-0.0022855005671281606,0.0,-0.0019467987730348024,0.0007375762054259744,0.0015748996184622266,-0.0013949669863316855,-0.006687531231627193,-0.0010610159162170493,0.002753032709882769
2016-02-22,0.018959701663370247,0.025203235920922072,0.015606873952939583,0.016810215858131174,0.01319341651302834,0.004905047117152457,0.01523603850259994,0.011620386571076611,0.01415693267075267,0.019199329506941587
2016-02-23,-0.02486684119391144,-0.03475410411162668,-0.01799303165943182,-0.010013335063157434,-0.015902177959468366,-0.00019546991426691191,-0.0051679542459622035,0.0008554340267233478,-0.007505633228692388,-0.005545102692620394
2016-02-24,0.010314135231613977,0.010078981407244402,-0.0023915927472099407,0.0005800470095264692,0.007615813678467892,0.003127147465849171,0.0008285685972840306,0.00469202000835728,0.0033094047968331057,0.005814303838988111
2016-02-25,0.012865690883426555,0.0008791303804448442,0.013793091771612363,0.01306732870496856,0.012404145581241637,0.011255707502423383,0.006398629355875948,0.010161100898288922,0.012387398578763635,0.009928361699809735
2016-02-26,0.014368449727283194,0.0059585635552897465,0.007060717048747155,0.001335319632759718,-0.002662832780919368,-0.014187385054005677,0.007176262209669338,-0.027978590309134462,-0.0017812832464634528,-0.0010689808580382739
2016-02-29,-0.006201370049474992,-0.011422507634606586,-0.010846454253627359,-0.006311511869108632,-0.007052866145385076,-0.003332820699967108,-0.0013630304786573949,0.0028118735574426024,-0.016026830463062715,-0.005225435715762849
2016-03-01,0.025276384533613593,0.02582151272686007,0.03311085533691504,0.019381542806153673,0.029342915934186836,0.009576832565845182,0.023586173343040046,-0.004979964013455507,0.02121387012437853,0.026119976094898516
2016-03-02,-0.003973229606175116,0.024163036826468573,0.010948706787821448,0.0007520515282874861,0.0028404562772515714,0.002913747234145136,0.010928984271327177,0.0051958383051718985,0.001624594977123772,-0.0009164950227049846
2016-03-03,0.006070291936697078,0.015017633029648593,0.006783012167430016,0.0071202597156201156,0.0,0.0050296259539825364,0.0013824712206291032,0.00602824533565945,-0.0028078150727594404,0.005877292636091836
2016-03-04,0.011571331668696441,0.009560176657439468,0.004047436555508469,0.004099196940892028,0.002596229390365125,0.004236545098862365,0.002890330698758582,0.01109916417776359,-0.0023707827517675042,-0.0009117357316877368
2016-03-07,0.011439179056078844,0.02318715364676857,-0.0004487084550505821,0.0029706382116102908,-0.006148011488065519,-0.006167897355028057,-0.0006563379202068453,0.00550344570668795,0.007978617722832272,-0.004310593088782284
2016-03-08,-0.01975673163510693,-0.04290127088643004,-0.016297383482916743,-0.014190094868122298,-0.006185941452389039,0.002895534793380761,-0.0015105820311039745,0.009873210900659336,-0.012290115835916968,-0.007885774701793271
2016-03-09,0.006244641221247692,0.016098751057212205,0.0013683275590999756,0.003191807922667399,0.008555028725434542,0.0074911309107509915,-0.003061687505961691,0.004588296180216017,0.0017861910458706715,0.001977505433325046
2016-03-10,0.005289424360326313,0.0008225166664809449,-0.0009121183924237956,-0.0015007280240781076,-0.0009470425062382007,0.0003822686810631044,-0.004725315333717663,0.0008321682670980691,0.0005947559678158066,0.0024984343206053967
2016-03-11,0.018182520221500124,0.02549888038459121,0.025671414996474684,0.014351171391637406,0.01527855580122868,0.0032467407215518757,0.022987777037805468,0.001038771107194378,0.019284017757303974,0.015251646739011348
2016-03-14,-0.006780079920840246,-0.00659666523612376,-0.0031176831461593923,0.0009248355920405602,0.0011655769105929175,-0.0005723630963913214,0.003232025970252059,0.0012454971870244638,-0.0042371005151307485,0.0037447201796519405
2016-03-15,0.002265561726607921,-0.0019386420197853855,-0.0004462231433253352,-0.0005547480112692736,0.003721218985597859,0.002477051228731236,0.006593066282580384,0.0018646856692589129,-0.015641673209989184,-0.0002578825377993822
2016-03-16,0.00833569951834172,0.017157366412256857,-0.002233408002645515,0.0035084703877945526,0.011538685179682194,0.002281265884727974,-0.007561708926718122,0.015204820324889857,-0.0023820279792195905,0.008089127540325673
2016-03-17,0.018230971756766003,0.013579833670239351,0.01200254067594687,0.021698329928255967,0.0036651632183011397,0.006056983349128069,0.03291471499558989,0.005490915645452955,-0.011696115143281201,0.0014052496543179255
2016-03-18,0.004125380868454778,0.0028710676720981685,0.008838068970889222,0.0085389689842514,0.0016072588774750079,-0.0013098394225772103,-0.00706104310474054,-0.006395329826804529,0.01169254053381333,0.0012943842227495091
2016-03-21,0.004613161173527891,-0.0034713612181980673,-0.0017611513729402213,0.005914486643802476,0.0034350351790676014,0.0005695992600233245,-0.005097215213735096,-0.0010286047734424768,0.00581809654906398,0.0005121194846061605
2016-03-22,-0.011461233800788092,-0.005547150301247316,-0.0030896857344243542,-0.005734856248173789,0.00022877778654854393,-0.005901848611923612,-0.0017579871433894105,-0.0032990098733442935,0.009916548848977065,-0.0016649676913126255
2016-03-23,-0.012492234557517237,-0.022176757687364004,-0.007543552078878665,-0.006491219925022032,-0.005730707673373244,0.0001907273580097092,-0.0036864349444846517,0.007407525999834402,-0.00709439658728001,-0.007076605572160113
2016-03-24,0.0,0.004862920584979997,-0.006256265798312129,-0.002898466485212898,0.0027547488426995993,-0.0011457676436598826,0.0016046025106292844,0.002661083189923122,-0.0004449541236633197,0.0012903760481979445
2016-03-28,0.004255629626202827,-0.005350673975974166,0.003133120356599666,0.0003625517250903561,-0.002525002272685267,0.005337520257229433,0.006391760338562407,-0.003686738425665173,-0.00282347712842354,0.004503411944276537
2016-03-29,0.005572618514650995,0.004703994968458904,0.0017852084574810799,0.006507812253447341,0.015507824454821774,0.00738696597686446,0.02143167978423083,0.014667262820504214,0.01154033836307212,0.010089840167325143
2016-03-30,0.004435802024906786,0.0019393383023564039,0.0057822275770438095,0.001800198471941749,0.0058666526812514224,0.006583318297668557,-0.002185284757467102,-0.002429564380702596,0.00014694218706780504,0.006334312955385667
2016-03-31,-0.008444979526636526,-0.00048438962955625516,-0.0022197077841723052,-0.002341119965021333,-0.0020269603493339697,-0.005263182866113731,0.004987580297392333,0.005861418132218953,-0.0030937213920030977,-0.0011372535163615505
2016-04-01,0.009550501596602045,-0.013501688335107306,0.008849607795343476,0.004676608790108022,0.0076354360042021055,0.010498530717501994,0.002081202100253805,0.0038217274836075195,0.01129656453122029,0.0041631591289134125
2016-04-04,-0.013127201955397943,-0.0073969652444051915,-0.0048574489451299425,-0.011368899452985968,-0.0038105260485582024,0.0003731788462708455,-0.001459479185690021,-0.004225193832593728,0.011891068030039694,-0.007836453578421563
2016-04-05,-0.006290699958052958,-0.006787596110382929,-0.014267406989410461,-0.0061899763744916545,-0.00970350122577353,-0.0067341288775562965,-0.008989697116851625,-0.018927805171935777,-0.013058781808229602,-0.008537885235425577
2016-04-06,0.011428504713335667,0.021364854802261066,0.005374263093477663,0.004918722180066592,0.009703501225773509,0.007852087968884909,0.0027555920700534273,-0.0012335671509075814,0.026518042738863924,0.00942568603408882
2016-04-07,-0.014589020646222018,-0.005870944915964456,-0.018936819899366394,-0.009677785871754671,-0.014476773517969504,-0.010859589870618618,-0.008163392457481785,-0.0004114195137021506,-0.011011516354967837,-0.011346861333891792
2016-04-08,0.006535173800058449,0.019918228090107033,0.003634842171689778,0.003845977405534746,0.0,0.005444489534889824,0.009413192427115358,0.0053362621441192665,-0.0027359329303928872,-0.0015396892352198244
2016-04-11,0.004482631419935922,-0.004177353092444499,0.004073466803141265,0.0003653511753491711,-0.0027376821962187365,-0.007140274972528609,-0.0006249981347914358,-0.004307545412733882,-0.007671996916667969,-0.003731205763099571
2016-04-12,0.013768717004826122,0.029350632760827004,0.012566976177383208,0.0058297669500439,0.006830686192778855,0.0062034663436418,0.0043656375297859125,0.0069654641976103285,0.008104313286432432,0.007576318387820332
2016-04-13,0.009876216597295748,0.0046796241126444,0.02249315265447775,0.014785619150737197,0.010159190583285582,-0.007713175912344613,-0.0038343055678178987,-0.00614353215637642,0.009325135944463355,0.013973624087655432
2016-04-14,0.0006547896219639935,0.002331625513122593,0.0021781278494846295,0.0017884498213918223,-0.00022501161341175445,-0.004542946976364886,-0.003974728057535285,-0.0012334211772463812,0.000570828137157635,0.0
2016-04-15,0.004572574729575857,-0.0135991566124821,-0.003487297798829307,0.0014280712668378085,-0.0038263455105140708,0.006241386296655133,0.006875310056574614,0.005537756917667745,-0.000713940202936796,0.0027714878942615324
2016-04-18,0.00455196314395462,0.016389808229562482,0.007396049030816588,0.0008917530539706282,0.004275936062049536,0.005640159767682555,0.003730173988124465,0.003878895355583569,0.00924029678979142,0.009390613577639317
2016-04-19,0.021183953259856975,0.01977520149727235,0.012492214666246405,0.007104896740687409,-0.00562994805436491,-0.0005626427174235774,-0.003419030786613688,0.001628256952993252,0.0035313141535368597,-0.005498017604811291
2016-04-20,-0.00296874895096159,0.008915728585965812,0.007675727885089352,-0.0015942385399020343,0.002030522819922881,-0.011318903346913978,-0.010012508318444384,-0.025338212264189544,0.005344136154738986,0.0012521871507144293
2016-04-21,-0.004469515416389613,-0.0058846331896944635,-0.008960965701233312,-0.0024847292519573705,-0.003613005145613359,-0.017994077910291117,-0.023416653712479252,-0.021084616411946436,0.005873419859300496,-0.0035111051936268286
2016-04-22,0.007014753043303283,0.014423369537848113,0.009385879428772262,0.002484729251957349,-0.017570017285643558,0.0036633010158898358,0.012667328268869363,0.008909571408639785,0.0020889861104950573,-0.0020110105999707555
2016-04-25,-0.003394959650715334,-0.011250179495849161,-0.0021254730905866446,-0.0047979412099076885,0.0002302596422588261,0.006904518426976389,0.00699994539786568,0.0018991784033151272,-0.003903598661413666,0.0011317843007766816
2016-04-26,0.008044043450196384,0.01586373702620249,0.006362614973873704,0.00886696749377151,-0.004844949561723796,-0.0040220393056301755,0.0028054996688731968,0.0014744774471196376,-0.0037784363432035186,0.0023854195054950397
2016-04-27,0.008398342913776747,0.01882662871457741,0.0016898425565620662,0.007037317155050186,-0.004636182868666745,0.004786220648833283,-0.0037842864056632235,0.014418643799359131,-0.0011223354962370073,-0.0010035928698132269
2016-04-28,-0.009452891004284742,-0.01497365841795578,-0.010608942542430767,-0.009689081299509931,-0.012625650605885153,0.000954311088465656,0.001010623149113475,-0.0014531367665403892,-0.004783679119786199,-0.010854600042349338
2016-04-29,-0.005927158544018402,-0.0016283696825825672,-0.005561584188133232,-0.005858752017614727,-0.008743856202959314,-0.0021010881342162883,-0.009577865943121325,0.006007228412043894,-0.015780047215602243,0.005062974822982256
2016-05-02,0.00360261910117574,-0.0010375481004540345,0.008969041322729403,0.005150372026888204,0.007331182162880075,0.011407038600097456,0.010461345289116688,0.008022135245015254,0.0057153150863576505,0.01391836868365673
2016-05-03,-0.016638809801348315,-0.023862606721856357,-0.012837714131564438,-0.008181993276734753,-0.009232157434554914,-0.001892207045032328,0.005032656665622824,-0.0008200647397119287,-0.00313975716719586,-0.009257283694490323
2016-05-04,-0.010161149285983136,-0.014533761563207459,-0.007781738547833736,-0.012400760757814109,-0.003096660802570212,0.003025796214165468,0.014330803608962075,0.011620409421173475,-0.0096211141072678,-0.004534557493299039
2016-05-05,-0.005009806610102478,0.008134393749592926,-0.0004341984920543986,-0.0005423029511759076,0.00047726018467961087,0.00018879097413121044,0.0009275385291985381,-0.003858841106124892,0.004175440527569628,-0.006459180657279348
2016-05-06,0.008047780043756357,-0.0022951488995300666,0.004332728960639133,0.006672102466230879,0.007364073537703288,0.0050844918261052415,0.0052392030316556525,-0.0065321528212825275,-0.005908739666206849,0.00734271405209036
2016-05-09,-0.012206130969085502,-0.014662056310778045,-0.002597433100075845,-0.004503176110501828,0.0,0.005431784947050421,0.010032805759052722,0.005717976720234538,0.011354413245905024,0.0027709253375866024
2016-05-10,0.016529541711674752,0.01741555108125797,0.014202714935518536,0.017005695922636826,0.012934344445785713,0.009852456207401486,0.0037061741746294164,0.0010174032528948056,0.008397177655138366,0.01274899664382997
2016-05-11,-0.0034572117611048935,0.0030512409753779128,-0.010741008655923421,-0.008377379784304145,-0.007269693220929809,-0.007985750334198924,-0.018360632940279405,0.0036556139542781247,-0.012119754719005121,-0.020324567018600522
2016-05-12,0.00431957499131842,0.0027381880593190266,0.0004316427575974153,-0.00215019111069019,-0.002828113816794616,0.005392853971211272,0.0033917065216304745,0.005859704086723359,-0.005898537043401197,0.001899145558347067
2016-05-13,-0.0097458468909253,-0.012842438894191047,-0.012163172423594413,-0.012635428040047057,-0.0037837735111216,-0.012691344791464347,-0.01454049373972739,-0.004847254031185259,-0.0023118641935431024,-0.01196242759404133
2016-05-16,0.017046562022978464,0.016784024759232095,0.0052312304688532955,0.012276843988237755,0.01388158054884601,0.006365526940984738,0.013554851147316766,0.0012142036025818152,0.013503928324849207,0.006253920549628678
2016-05-17,-0.005147754125774696,0.004679719419890384,-0.005668589769825831,-0.004856707845074866,-0.010097807037724347,-0.019791294090825973,-0.01671407899449338,-0.01713298492031325,-0.010470904423268864,-0.011388382090628925
2016-05-18,-0.015386515022837544,-0.00968518809794863,0.017339021855279683,-0.0034317594864871326,0.0018864312159987597,-0.011680036550759589,-0.02496437800382965,-0.01889787556033463,0.004172825127404364,-0.005807230212129319
2016-05-19,0.0034877071256336216,0.00015192827552778398,-0.009499417693341507,-0.009453091879601984,-0.005432933795096637,0.009774488877355136,-0.0020257616759941045,0.010012497708649364,-0.00850825800385756,-0.0009059853176419247
2016-05-20,0.007156220659529727,0.005912373586046315,0.0069176315526823145,0.0051014055637530545,0.012007061394918903,-0.005163056398100361,0.006800271328395839,0.0022806380666306313,0.009226221689171575,0.006584900254600098
2016-05-23,0.01160042065288067,-0.0025728296183999493,-0.0008616108628951493,-0.0018191099960075717,-0.0018740586624236169,0.000957873235663837,0.00312798929874322,-0.008944521799504685,-0.004026018148344097,-0.0034809341743632445
2016-05-24,0.006599579796549873,0.004988238709116228,0.01497950038698514,0.010323576346389996,0.018583904029638557,0.008392472756313062,0.0066697156984552855,0.009979409207725401,0.014304294608590246,0.011939291767668569
2016-05-25,0.012231260361053563,0.015708575237624204,0.010563994023304825,0.006823239989344326,0.006880722384415717,0.0015184000327385788,0.006751376094395741,-0.0029003879329532723,0.006229672078873446,0.0054722323320009056
2016-05-26,-0.010747340914538012,-0.0041651293760125,-0.005901938412478822,-0.0028668113855172027,0.0031946921210547754,0.0039749359611028585,-0.0007549212093667498,0.011345985020378216,0.00014099025829028867,0.002028954077951309
2016-05-27,-0.00042368172935359675,0.0005960451431227755,0.006742898483733369,0.003761845057396804,0.004773272292196097,0.0011323565737824998,0.003925737925962745,0.0016395926241946747,0.004505404506171729,0.004675701114941598
2016-05-31,-0.005100119626670878,-0.003880573482283211,-0.002523097932803144,-0.00017934901394539717,0.002038898938212098,-0.006435790096077492,0.00046997054323784083,0.006532152821282474,0.002385703717277636,-0.0010093371486575966
2016-06-01,0.0012777930247636305,0.00029921855580205864,0.002102765764325336,0.0008939876336414335,-0.0024925848545995157,0.010202296227516953,-0.00376646947614283,0.002641503591750979,0.0036376090444638215,-0.0006308448885262228
2016-06-02,0.005516569643978737,-0.0013468036257534171,0.0020983534169762524,0.0012497549446443116,-0.0009076034853635285,0.0003763117381957994,0.003139764959158447,0.0004055538376166499,0.012765425829465228,0.00554067784546379
2016-06-03,0.008428032527519114,-0.0038996101917044305,-0.014358018324545172,-0.0008923835511077393,-0.0022734903183987782,0.006367724008022028,0.004504032894838349,0.01569783129100595,-0.0033148394684718837,-0.0065518870345695306
2016-06-06,0.010228818853099772,0.021851505965972687,0.005937098592313322,0.009421288942961698,0.0018191862432209642,0.0011196283003192626,0.0004990586992999799,-0.0013989674904305107,0.00538076892943799,0.0025247185386703943
2016-06-07,0.0004152450780303497,0.022391408016119926,-0.0021162967872224705,0.004765759405648217,0.0040808444944466634,-0.0011196283003191948,0.0008105336186012603,-0.0007996449385954402,-0.006210574420710577,0.0012601331126463095
2016-06-08,0.005795879746484206,-0.002303434161879758,0.0008472479755415061,0.006319087327711814,0.0020337140465757158,0.0059568864768695575,0.004788466675968302,0.005985407667081724,0.0034551766521232906,0.0011329236834101866
2016-06-09,-0.007250380359945768,-0.007667212543432737,-0.007223566512915957,-0.00017520197082218902,0.00022593715404067163,0.003889892499086607,0.00210684683211178,0.008517531981322284,-0.0016569401449256997,-0.0022663841084372698
2016-06-10,-0.0075125644468705365,-0.021875414299951275,-0.012444033800372645,-0.011794768187561656,-0.007704744340645805,0.0007395526780549374,-0.004902344946545661,-0.0025672178928792316,-0.008048000158609892,-0.010519562435198368
2016-06-13,-0.011163670960840824,-0.002973479342912362,-0.006931941954741231,-0.010860958946362074,-0.011208777917726018,-0.008348048640317955,-0.0003112700477199731,-0.0011871921615742203,-0.007972555881535092,-0.005493423045254867
2016-06-14,-0.007441327450859945,-0.000595604889977294,-0.014893353374284775,0.00017897221349599384,0.0022974570676050966,0.003904356140866462,-0.00467786386790947,0.005330680915644082,0.0015435520968795967,-0.0025649813978569588
2016-06-15,0.004471715390950792,-0.002386144261831382,0.0013230893534186732,0.00035792967710612756,-0.002527415055783371,-0.002973593642057511,0.01026271737854923,-0.0063212933424743566,-0.006894270294913272,0.0028213895254119658
2016-06-16,0.00339312338395696,-0.004789952965769354,0.002640814143055949,0.001787891537822028,0.0020686973015142537,0.005198000482334112,0.005123137945209372,0.006321293342474334,0.003523541234283375,0.0031966982631517708
2016-06-17,0.0043528025538964385,0.010157634906652427,-0.0008398763949265868,0.0008437241894993213,-0.006690598616156564,-0.004050312875237632,-0.0015531096007944303,0.0036072136716822144,-0.01043644821696655,-0.0015769069693321765
2016-06-20,0.005703775984662031,0.00863358476780919,0.0057330186134642285,0.009109645286462327,0.0041722051211805665,0.003174445619769554,0.0009317916351009124,-0.0037657411735664693,0.006260829751140422,0.008942251995092866
2016-06-21,-0.0027419476067010807,0.011787337616198256,0.005700399932883092,-0.0007115678222516116,0.006915872137609002,0.00260632454873803,0.00804225992209559,0.0013890232874294356,-0.003410172734492121,-0.0022918837731907182
2016-06-22,0.0010551838571276086,-0.005581827916849154,-0.0008745785313365954,-0.0028511841065915716,-0.003452054990966669,0.0005580758456515128,-0.000924324526656335,-0.004770760460281841,0.00284255386505596,-0.0014031499240854815
2016-06-23,0.015286777550683032,0.01636285271507237,0.020788805046887984,0.011531938264399272,0.013509175875544926,0.0061136987108123654,0.004307394361418923,0.0027860275044914035,0.012972520009315015,0.009780846939351684
2016-06-24,-0.04462200616315353,-0.03284746918920944,-0.055067685269206613,-0.04160109004361834,-0.039193398239036524,-0.019396395855454808,-0.012667966797180187,0.001588183917522744,-0.029428464629485954,-0.03787134912350245
2016-06-27,-0.03426089791229358,-0.03257056978604024,-0.028947526545343095,-0.023819660123864564,-0.020308759737994404,-0.002073591981364201,-0.0015559266251001585,0.012224254021519932,-0.013509035980388209,-0.018551261844724998
2016-06-28,0.008508912136808466,0.027465909291827757,0.025318224730582005,0.016807382181502743,0.0195987300942216,0.006208199785057715,0.01820734466801929,0.0037163896157814537,0.019263288923848442,0.019731939508541067
2016-06-29,0.016803550377442134,0.018786929476002565,0.022472420729547905,0.017621357927835573,0.01526751918539908,0.01156074335932656,0.018782932301380676,0.002729469547696427,0.018899848841349865,0.01600019187334998
2016-06-30,0.015878345826052135,0.00794455905608427,0.01587357725357553,0.018924639183966887,0.010896438321021917,0.022184690390784717,0.008070362778531766,0.02138161942128649,0.009386860150719484,0.007328832623096183
2016-07-01,0.0004315164887733212,0.005261606385233905,-0.005263637347590056,0.0032084646355509793,0.0023029961154042646,-0.004725526784406678,-0.0005954940074341838,0.00019080716892175774,0.006255542182444567,0.010323637774753704
2016-07-05,-0.018285752542097765,-0.020321684991254876,-0.015064519014702675,-0.009117709831097918,-0.007388530846768787,0.0056315513435307935,0.007271581433559557,0.007403877658748344,-0.0009704597602379034,-0.008147959271429627
2016-07-06,0.003946767027942636,0.0043049599863532765,0.0026751655562048922,0.005016193012288109,0.006928453145516402,0.0009052941029479133,-0.0013314360377748263,0.002078281884641199,0.011173274300827731,0.00852794784421501
2016-07-07,0.0026225843847607184,-0.010273155928673167,0.0013349664584620432,0.002676928581883497,0.0,-0.0019929995341006882,-0.012515048664940017,-0.018670717949311307,-0.0015097500192786067,0.004299923331225892
2016-07-08,0.02457556798287785,0.01323133270882329,0.018938691182346742,0.019764021768582003,0.015528553217509731,0.0099253351626635,0.017182827305605382,0.01033085553369202,0.012288150824207296,0.017265964135505376
2016-07-11,0.004885727378532867,0.0019180491007473903,0.00565606468111121,0.006270757167218718,0.005874642833611699,0.00017926401184195049,0.007692266304304605,-0.000761386417591908,-0.002717728137138041,0.0058122697631408276
2016-07-12,0.018060064597089063,0.024462427658847447,0.012503188375733896,0.009161208125561824,0.0080772870274968,-0.005400266559316028,0.0020454171674378296,-0.01380894420406844,0.0048869456607171305,0.003938427365664473
2016-07-13,0.0027023538792153336,-0.008667917941840264,0.0,0.0024053587504546457,0.00022338261903739426,0.005580032086313531,0.0046592239299480896,0.007886866411214317,-0.00040688701985189523,-0.004925045455191791
2016-07-14,0.008884951532625213,0.005065473319210065,0.009381264663732842,0.007524330051764025,0.006458081656052355,-0.00017976552699760812,-0.005564499904363414,-0.0065359098756261995,0.004325883208407614,0.004064877861037732
2016-07-15,0.003490878605773789,-0.0005776236514080652,-0.0016992874767951798,-0.0001701789894350557,-0.000888355760519708,0.0,-0.0014615754181678262,0.002888518552380361,-0.0008094819790957485,-0.004435801925160736
2016-07-18,0.006538900555616792,0.000721977446643295,0.0033959905255322997,-0.0008524086992775008,0.00664290421908798,-0.001077758422205471,0.00032143422514541175,0.0028804982532802804,0.00040473201903019033,0.003821447999025264
2016-07-19,-0.0059237738403782846,-0.005645131386294244,0.000423666705645452,0.0005112704812682631,-0.0022093706934036375,-0.0007190029411506178,0.0028625847326790342,-0.0017271632136010673,-0.002161356641519341,-0.001847203825433126
2016-07-20,0.0004094942261790359,-0.0014525771382785046,0.0016928741659259913,0.0018731684981723347,0.012965792164389252,-0.003603505195959996,-0.0014012455874484043,-0.005779219300178728,0.009019383257884171,0.004181568441295859
2016-07-21,-0.006162863426332746,-0.009934614488010536,-0.00508736395596336,-0.010260118888201808,-0.0052537456404110824,-0.002891967558835917,0.002916752175709311,0.005971429089963177,0.0029439986886358664,-0.002703802828665485
2016-07-22,0.0026754706899456355,0.0030786213068061045,0.006354547044412049,0.0018892399998586345,0.005908665863840167,0.004695387950819127,0.007542887321717442,0.013163985342574458,0.0020023494386894316,0.004175302964101947
2016-07-25,-0.0016456696897980756,-0.020107174897104004,-0.0021133810929295184,-0.0053325991954293805,-0.001310084695960576,-0.001081644034509596,-0.0014462767365331938,-0.0017070785033843497,-0.0010675326155950575,0.001591943868761899
2016-07-26,0.007587650247266618,0.005807540097188497,0.0008461980044808795,0.008244600346365642,0.0021824604352129913,-0.007786465312953551,-0.005659969996536628,-0.008772232739400067,-0.0017366644284737126,-0.0012244586652221067
2016-07-27,0.0012249435401573143,-0.009847993976291627,-0.0004230690453309752,-0.003942173161436584,0.008250289581509996,-0.015018506488796258,-0.007450270675192233,-0.011558437226688466,0.0045358232410045015,-0.0030670993083715455
2016-07-28,-0.0014296418457682468,0.00015002316010678552,0.002112844535794817,-0.000343367820601917,0.0006485499546505082,0.0044189028023721875,0.006139388805626097,0.0038676755809807593,-0.0009319632564340004,0.0018417612550811447
2016-07-29,-0.005121115761209866,0.010143395160276016,-0.0016897754904639261,-0.0029246814815848026,0.0036662813172111774,0.004948183494055435,0.010668676176782372,0.00596568455489323,0.001996811981130383,0.0011030995146183616
2016-08-01,-0.005561226758859538,-0.03350256044995209,-0.0025402081197170964,-0.0012069822222599926,0.0019359348895579805,0.0010965405754034807,0.0032244650770025854,0.0005753564148412504,0.006362601260500493,0.00159176050013239
2016-08-02,-0.0026876945925235836,0.009013812257168036,-0.008514508408708491,-0.009358623120721598,-0.007548854381355032,-0.0014618381774164923,-0.015351574126368513,-0.006541040969734523,-0.0038389173266373026,-0.015036361624945564
2016-08-03,0.0024817139155432926,0.019131534511800084,0.01020851852394461,0.004863475635852093,0.0034579223942084484,-0.005501642571503951,-0.0076177977071963335,-0.006001386646687599,-0.0027896554534285276,0.002852043776881178
2016-08-04,0.004122934134388085,-0.0014934772771979278,-0.002542241831726457,0.00034657716249949133,0.005379082648657128,0.0022040359620130183,-0.0017663637656454257,-0.0005822161180302234,-0.0014640493865245969,-0.0004954646254080258
2016-08-05,0.003286132861310622,0.009074420555535359,0.018911503633943335,0.009996437915544013,0.009610263607011118,0.0016500264319466217,0.0,-0.014482101429693158,0.002394401707917116,0.010475258583955465
2016-08-08,0.002048232253304626,0.013239273865563542,0.0012488472688561903,0.0013711087860179402,-0.00021232914443923963,-0.0010995030368182255,-0.000294632192493615,-0.00039410096088542655,-0.008540853373854148,-0.0033155093941899232
2016-08-09,-0.0030743999993839933,-0.005274795063170656,0.0008313093272242433,-0.0003425042014246504,0.002123420333840706,0.003112380816375391,0.006755920712884245,-0.00019736521604730132,0.0024093264396006847,-0.0029565731141821937
2016-08-10,0.00020533685411506738,-0.010930551841052984,-0.00792548072652191,-0.0005140538298967314,-0.0031871840416799867,0.0036498070539337933,-0.0020515666427162746,0.00019736521604736098,-0.0033484456055163214,0.0020950335437319
2016-08-11,0.00430008709331529,0.014596553897131093,0.0020918680208208123,0.0064923148194653505,0.0036117045268596933,0.0,-0.009431022517240588,0.0023634050061779373,0.0057522207024363345,0.009922439956759134
2016-08-12,-0.010682342520069426,0.005546544538685135,-0.0029296768230828896,-0.0027285030864782657,-0.0010612350059835615,0.0034548685065390566,0.003252439539976495,0.0013761885191867986,-0.002537300930194351,-0.000487629375910154
2016-08-15,0.010069324388287912,0.007974197443187886,0.006683132932703613,0.006637844252911968,0.004870344359121322,-0.0025444492863860597,-0.0011817676027858035,-0.015442693787551701,0.00173666442847381,0.0019489896001403993
2016-08-16,-0.005329896325856025,0.0015871224954632545,-0.002500855547768649,-0.004420022190642404,-0.007420813879997309,-0.004377174669281601,-0.01218979131470397,-0.011842001347436439,-0.008983885817242594,-0.005736459816035036
2016-08-17,-0.0008224746050239912,0.00302264981500274,0.003333554621584018,0.002892029453974709,-0.00042551614519886614,0.0027380576492709997,0.004178973981728622,0.014830385316416915,0.002018153060231789,-0.002328770707552779
2016-08-18,0.006356625585439439,0.020346664235388643,-0.0008326990738152274,0.003053730827231124,0.0004255161451988862,0.00345693259479201,-0.002087184885460388,0.012257681362325492,0.0004034077843856202,-0.0006136658534283851
2016-08-19,0.001430510106343793,-0.00834459036015453,-0.00041631654257832663,-0.0003391155670424779,0.0006383399955667121,-0.0023640398134067825,-0.007791692527331927,-0.012257681362325516,-0.0008066764635599425,0.0006136658534283426
2016-08-22,-0.0014305101063438244,-0.011570614879060989,0.0,-0.000847487608661825,0.0,0.0014559054384251562,0.004801773940208412,0.00258274929176796,0.0020148396247941093,-0.0009822744907315643
2016-08-23,0.008548951320117366,0.0070155585801982496,0.001249015616393481,0.0008474876086617995,0.003608955453942314,-0.00200197685360549,-0.0005986435043274881,-0.0043744590380088546,0.000939497132799501,0.00502307234589319
2016-08-24,-0.01161944404424638,-0.004002582701792183,-0.00041585278239594304,-0.0030544608967407808,-0.005524567843432471,-0.0016412715400485676,-0.0027002176451558315,-0.000399354485905167,-0.015812336342317043,-0.004777594796414683
2016-08-25,0.004908898047119334,-0.0027253310545645414,0.0020787059586163717,-0.00016969724293463485,0.0021283018694578993,-0.003839536859789951,0.004196990640338658,0.0005979356058049337,-0.008481455683463427,-0.0033207074830646625
2016-08-26,-0.005729728939083453,-0.0034538511550145055,0.0012448023113378556,-0.0028939678770552473,0.0004250633767440722,-0.005142270663163299,-0.009920774765946536,-0.02093875765074513,0.0038389337079519493,-0.0028376176147588985
2016-08-29,0.008988896789802654,0.006751845258950982,0.008672465500401101,0.0071342863899070295,0.003818626692229232,0.005874843510886819,0.00992077476594649,0.008105409163822337,0.0021874193032092562,0.003453607866629463
2016-08-30,-0.0024436869964901556,-0.0034418878442925597,0.009005507577474477,-0.002711854435001763,-0.00339329430664106,-0.0058748435108868105,-0.0029958695029227104,-0.010549909180700956,-0.0034196525392642405,-0.005556155719929042
2016-08-31,-0.01003977222831717,-0.01592852360584687,0.0008146023329395715,-0.005616340987274067,-0.0017014252378667772,0.00128820826920372,0.0014990965077399925,0.004071099753441046,-0.0030193905398361053,-0.0026034263928871493
2016-09-01,0.004109939453756961,-0.0029235830985057647,-0.004080354332841999,0.0008529816356586211,0.003187184041680046,0.00036740358995731925,-0.00029973524674036016,-0.005091204154493672,-0.0026142839711542267,0.0019843170085465252
2016-09-02,0.009999553026330916,0.011209041464376216,0.004487349497555741,0.004933104226550635,0.004444881790311428,0.007691145495829681,0.006570976231085911,0.01318338813468092,0.0011016883608618302,0.001980387291074585
2016-09-06,-0.0022363717855250803,0.014942888039215323,-0.0016294345851299464,-0.002889050385486973,0.005055904192017056,0.0021863653276715644,0.008301465723638601,0.010821631832058944,0.0035721895363251205,0.0018529275887390856
2016-09-07,-0.0014252898613253881,0.005688439717554239,-0.0004076590126049821,0.001190841432702065,0.0025184428393492065,-0.00877483552053148,0.0049739976852679925,0.0001997609820371015,0.0,0.0004930483926279936
2016-09-08,-0.0042887638136457455,0.018544788658848704,-0.0008162765951325875,-0.0008504562943250833,-0.008208057922414273,-0.005524020548290175,-0.012780782211420894,0.0033817878306891674,0.0008227128286930795,-0.008671630444331746
2016-09-09,-0.02949351274508518,-0.03024087299848747,-0.01895385587021976,-0.02864737607500847,-0.024819253130666213,-0.027516993259963648,-0.03873009370003998,-0.0382600142640878,-0.0202111585780109,-0.024434180975055585
2016-09-12,0.00944113812579636,0.009850753096194181,0.01116859377388088,0.012699277011739698,0.016543625795799235,0.01861485295639246,0.004033956094939878,0.017591535959256766,0.014714567852130796,0.013927255691442396
2016-09-13,-0.01875897084019254,-0.028970811349516245,-0.017846616978137535,-0.014802238919049068,-0.007271278100637468,-0.012371321293947598,-0.017810074413744527,-0.013884053718907144,-0.013457333460014256,-0.01431049151550526
2016-09-14,-0.0023437556292988312,-0.011916248934483212,-0.002515416923549667,-0.0008775344306405429,0.004710833957343072,-0.0030223557548585823,0.0018895242751699112,0.00389875234449325,0.0,0.0001277975102991604
2016-09-15,0.006377924525916957,0.012354965375930622,0.005859885506222505,0.007870460788837342,0.01631576697033252,0.008102167653038315,0.0075237523396596995,0.007548816242924694,0.010282519087068781,0.007243044593509999
2016-09-16,-0.0040124473923675965,-0.008106773936066158,-0.009522003628483338,-0.00840837284413893,-0.0036791369292308853,-0.0032529748760183547,-0.003441243759324768,0.009709894804990996,0.0006799081697207339,-0.002162607557642131
2016-09-19,0.0014957723623216827,-0.0005927510816444547,0.0063559048698816935,0.004406693111183135,-0.0019080797794754855,-0.002086110004976443,0.010288571451535137,0.00989801104024872,-0.0036120045129775426,-0.0007648582553950985
2016-09-20,-0.0029943786980677987,-0.007295749709442337,0.0005177170901993046,0.0008788077639734671,-0.0006369558629919611,0.0026540403645641856,-0.0018628678063068295,-0.001810710766609294,0.0030569069746282525,0.0007648582553949656
2016-09-21,0.015092849323641909,0.022897823797449295,0.006191905519667663,0.01291913540772916,0.011192231579191246,0.0054754680857541805,0.011432001409571308,0.02013443778947517,0.009940797517521211,0.009633482349467325
2016-09-22,0.003159526799544019,0.0011679685012868015,0.002055321980211196,0.007086816419441033,0.006071268311829614,0.00881051825469037,0.019471281599466414,0.0060993686588721695,0.00752794275277335,0.007290157929050571
2016-09-23,-0.005060143246296355,-0.013364068432829172,-0.005146658468769711,-0.005873189708219688,-0.008804968505520582,-0.004489441922156043,0.003909331709853472,-0.0007846373418399915,-0.0031410407803974592,-0.002257013707991827
2016-09-26,-0.0046611722316968985,-0.004445078810056914,-0.016125069518262647,-0.004340736622717407,-0.005913495743032721,-0.00847225415099986,0.002098528753675628,-0.00255552425340368,-0.011694422525843308,-0.011106783186964734
2016-09-27,0.002968491096812518,-0.0067049713232507245,0.007834991630757232,0.006935728139665682,0.010954572095088249,0.00415117781846544,-0.0087231784690814,-0.01307466055150535,0.007032941147410004,0.010102157756644296
2016-09-28,0.011368620761168922,0.04229819860705756,0.004671791766197048,0.007746432304958115,0.0018838050834543774,0.001692758351771024,0.006924607201838263,-0.0013969112980317558,-0.0015128285586535522,0.002760637757670189
2016-09-29,-0.0077753231795322855,-0.0017212231349993624,-0.014081127379763938,-0.007918968604914376,-0.00608290575071575,-0.009822266802089478,-0.0123775430675391,-0.015089434027374317,-0.01777314929562916,-0.005150424182789656
2016-09-30,0.007356663721754682,0.013545415016603559,0.013562906235603897,0.00894696835863373,0.0052461265371176935,0.010010616473115306,-0.004566897372638256,-0.0069160082574971785,0.010174857281168292,0.008028180980884973
2016-10-03,-0.0012575150944707525,-0.000708520934208954,-0.004674337578041587,0.0008563215304647558,-0.002934651814583331,-0.0064102759803041425,-0.01941200181335963,-0.01418474026597972,-0.0008323583977479488,-0.0006250141546908124
2016-10-04,-0.013723385069875417,-0.0102564118235464,0.004156083747947656,-0.00842158237298766,-0.003574437853702919,-0.008547891257596356,-0.015363167879925739,-0.021132696099955564,-0.0019447852093334287,-0.0035064509202888733
2016-10-05,0.006779519873000139,0.015204671967712888,0.015942973278252552,0.006365670824349193,0.003574437853702897,-0.0009542394851844538,-0.018817557956926925,-0.0021167732893134154,0.003886105353813947,0.004131465074979616
2016-10-06,0.008201380291346027,0.0015496830257155864,0.0015291650510594191,0.0,0.002306497232253961,0.001907756968605245,0.0019300621916308446,-0.00021182559640673412,-0.0037472265409653122,0.0007490393757742629
2016-10-07,-0.018814829612550547,-0.005789422235673163,-0.00050919120197091,-0.012945480490184194,-0.0027262474458915505,-0.002671861173602427,-0.002574102847776603,-0.0012728817829897926,-0.0006954582763200102,-0.0045043641158889584
2016-10-10,0.005957599441999635,0.015597713200857722,0.005083514153199792,0.0010415658584955443,0.006906041865551188,0.0,0.003858631308712196,0.008242582737256853,0.004580963068660004,0.0016290812952980771
2016-10-11,-0.01366914417653562,-0.01149919804021962,-0.009169666524857255,-0.010467482098176073,-0.011325734277576641,-0.005172913243930338,-0.007731952563478434,-0.011430850674959346,-0.02538903046029967,-0.012218915913700291
2016-10-12,-0.0019378357417534932,-0.004240099151174911,-0.001024152283639439,0.0019273192376711276,0.0016859922183344398,0.005554803161442112,0.014129876233956213,0.00974587594176811,-0.004699163177146811,0.004678246012013347
2016-10-13,-0.005184562960766282,-0.005539482233148083,-0.009781118968710473,-0.000350281458389951,-0.00633715924909807,0.0001909373071150799,0.003183803172818759,0.012362619134067164,0.00042802328957150103,-0.0036649463686292652
2016-10-14,0.003243662415954415,-0.0058565699330767025,0.004645033753136391,0.0020988295566913623,0.003807148250719421,0.00019127698037048313,-0.001272439906519192,-0.005638392264148856,-0.006727694423975335,-0.0011402476960914868
2016-10-17,0.0008630765061788228,-0.004883463732979051,-0.004645033753136508,-0.002624442532631297,-0.0021132134161039053,-0.004785470890110943,0.0009545658401954143,0.00542969121260887,-0.0033094760033434726,-0.008273691069003474
2016-10-18,0.009018550113880594,0.00402322598267188,0.008243329961939952,0.0021002462097381444,0.00548520009927685,0.0030651085234868853,0.0050741506488120435,0.008503865554923697,0.011890503322081586,0.006624249132657107
2016-10-19,0.0072419000847282625,0.014095719519633553,0.008684462486419403,0.0031418475227203307,0.0018917245088967785,-0.005754653000048086,0.003789350651292584,-0.002274193870690372,-0.003709339829109383,0.00443432754881571
2016-10-20,-0.0008492481273435535,-0.0011315500551642003,0.0,-0.005417254447193407,-0.0046306970281898745,-0.0005772055707120662,-0.003472582991358348,-0.0006209779796155565,0.004706053418180356,-0.0018979731744387146
2016-10-21,-0.0004249927789204716,-0.0065324049574771986,-0.0005087614963976677,-0.0014027068484202868,0.0027389725192928853,0.005375156518654749,-0.0006327981719858395,-0.005816578758575971,-0.008286050053814291,0.00794680041742839
2016-10-24,0.00233468997539085,-0.0029963751808679295,0.0030486936321398026,0.0019282544253273904,0.009631492322522792,0.006488571055979268,0.0012650288712271933,0.0037428279876702253,-0.0018665830791457106,0.007136332649582452
2016-10-25,-0.009157476089524757,-0.004582930435659059,-0.0010153144409429636,-0.0026301885207934005,-0.003548586571807004,0.0036077671869439486,-0.0012650288712272916,0.0062075443542778,-0.0028785265886025983,-0.011795513801123168
2016-10-26,-0.001498753296688321,0.002293928749858034,0.006075906492363815,0.003505382961563783,-0.0056622722530970185,-0.0013279291620532947,-0.01305978551111827,0.0024722259192349575,-0.006071908035311217,-0.004301282475795101
2016-10-27,-0.0012865350022640508,-0.003730737491346681,0.002521068565652426,-0.0068472654385457,-0.0012626091824128373,-0.004564791702980548,-0.024011406662309862,-0.005985041522991513,0.004629402429489901,-0.008402349206131803
2016-10-28,0.002570922976552946,-0.002734895896627698,-0.004542233274872323,0.0059720709977751805,-0.0010533342293906434,0.004185459950477266,0.002623739682349029,0.0031003959351542363,-0.021889022657641,-0.002303777408906908
2016-10-31,0.00042809217733048844,-0.01087054471632062,-0.0015186742199183088,0.0019247005617394949,-0.0004217867771323388,0.0024650467756524744,0.013663521263797357,0.01981847411654908,-0.0062160852756503685,0.0007683360556000894
2016-11-01,-0.0057920829569493,0.00014566903305091733,-0.004060685258024912,-0.008601788653829788,-0.008683825948011679,-0.004365553048039952,-0.01990608217059426,-0.018374898631756557,-0.0053584957275835685,-0.007067030415086712
2016-11-02,-0.005393118143885787,-0.011135515847288497,-0.006634291397194798,-0.0037092182623488117,-0.006402073804595524,-0.0024757510482940797,-0.01561264280766833,-0.01264907206862449,-0.005237637419169143,-0.006078929605975868
2016-11-03,0.00021598456618108738,0.003969924237963301,0.0010229293258751076,-0.0015941140266094785,-0.009680668274316026,-0.006888808344298658,-0.00436158114257955,0.003748526720126115,-0.009497289258564212,-0.002598625180142231
2016-11-04,0.0034545977470854788,-0.005444738555811324,-0.003073100415099703,0.0008857380280735251,-0.0017307686631433054,-0.00906533568999116,0.0067022962410308124,-0.003123423076203331,0.006943501856142236,-0.001952751928770513
2016-11-07,0.01518557652670594,0.02131505058457342,0.024830221471629024,0.02431688907686646,0.02142331002342723,0.01671636452074126,0.018203609477540215,0.017366939304348173,0.025250103413411273,0.02280579703315871
2016-11-08,0.003179141764166421,0.0012991279904292392,0.0005001328457515133,0.006031012726127286,0.004863155454827618,0.004183447727138599,0.006212118088098707,0.0077583170767098935,0.002782981583904633,0.00406838167810053
2016-11-09,0.020938571847427385,0.016169431484306326,0.041642080885559665,0.02477208195444339,-0.0012664289916702288,-0.013756439169217862,-0.022747060682152095,-0.03750592937230815,0.034642271500679854,0.00202794744612321
2016-11-10,0.011537265620583687,0.00424950820442951,0.03628207317129356,0.021060365024927842,-0.016180551472032297,-0.027105082108297658,-0.015118752193801922,-0.024365310052742877,0.010959627793994816,0.0036649463686293077
2016-11-11,-0.013818972423111881,-0.018401892650353295,0.002772563950457896,0.0018033081790448506,0.003000329005582146,-0.0009889693482033849,0.0010150174639999622,-0.004119196691931268,-0.0150653589017925,0.005660879295658341
2016-11-14,0.0022817068025283095,0.005599453550656265,0.024163493912719998,0.00424993530997058,-0.015310364033313487,-0.0017819300168318206,0.01942460569520119,-0.0006516347081807753,-0.0031258510409797333,0.0001254152931659105
2016-11-15,0.004135994023796684,0.027812925905474795,-0.0009010753503015066,0.0037446395613802757,0.014025585064372053,0.006125418921958579,-0.006655281196943539,0.015958722012802795,0.002842565081901295,0.0038806187576793266
2016-11-16,-0.0018590997706026994,-0.006986620567680011,-0.014532796916175669,-0.005703881423947383,0.009171016310646207,0.00019701462283735642,-0.0006682713677861448,-0.0068700301914971845,-0.004266660350571457,0.005481713622045036
2016-11-17,0.0004133896704011913,-0.006752630887833803,0.013630498015595802,0.0021222900069249317,0.0063494095002515115,-0.001773850333857814,-0.009399157680783126,0.00021529331353027873,0.00398240529811546,0.011980883356182092
2016-11-18,-0.0014477076587989818,0.004085394357593216,0.0,-0.0003260495468022256,-0.0008442859693133127,-0.003558435967482731,0.0020214856764277983,-0.0030198923415084506,-0.010703235964568012,-0.003074113395443243
2016-11-21,0.011727202657592082,0.023481334255476372,0.0036038092489253325,0.005368786816522763,0.010084247362521009,0.0067103997779109845,-0.002696253119559044,0.010529743165351595,0.003580638420843843,0.006506094794459999
2016-11-22,0.006117599728664662,-0.0005497262102997737,0.00044932137215597615,0.004533109590510273,0.0031305034486079127,0.0051009183921650525,0.017066053254572857,0.0038405820826497247,-0.014543886930135875,0.011798410843734073
2016-11-23,0.004462529519579711,0.004113898159953233,0.005825727733157953,0.00740269626672754,-0.003967020929873697,-0.00549444365697319,-0.00699212813065833,-0.010059201752820601,0.00390849975836052,0.0009666603656913547
2016-11-25,0.0030312856671915554,-0.004938199721394096,0.0013398504384828974,0.005436286077363576,0.004175168219511061,0.007840269737398655,0.0043339535318672184,0.014308837167422112,0.0038937978319612894,0.0024131285106197297
2016-11-28,-0.004043447824616882,-0.013986723547951675,-0.011669958197146585,-0.006880588362172135,0.0008330336123157173,0.0021451253749279076,0.0036529080529519656,0.019112064845610812,-0.007512271442149482,-0.007985328877865036
2016-11-29,0.0010121621574252062,-0.012347420691981744,0.00270475454786653,0.0008027197955719375,0.0006243639681508596,0.0013625136242855333,0.006936349402638881,0.004152458712525453,0.006504189830214824,0.0026690035767617595
2016-11-30,0.010669434369153916,0.04957664543408525,0.013416832704939647,0.001282681587588481,-0.011928496855903798,-0.016081746768422063,-0.012253682759616854,-0.031996145850879815,-0.009554350857657616,-0.00839478485243788
2016-12-01,0.00040067348803595127,0.0024155339282470423,0.017177758828681333,0.006547784228403582,-0.020847307544353932,-0.0065456637872722614,-0.015446995910801436,-0.007945710002331179,-0.00729929962196223,0.000488517685481411
2016-12-02,0.0004001435248364446,0.002944518036533753,-0.010977036468906227,-0.0001591546145352511,0.0036477517791970344,0.006347714292178506,0.009430903854263723,0.009014452819713635,0.002341787005322086,-0.005510148688523279
2016-12-05,0.0077725695030747425,0.008781064255969757,0.011849892853513212,-0.00079651137260097,0.009591846372487448,0.0011860397511205241,0.008013351885327815,0.0012816898649240418,-0.0017559569220022477,0.01086876447355493
2016-12-06,0.0011906472130990687,-0.0018561539271790524,0.008688293196903627,0.001910348060349672,0.0029658212365056918,0.002958232354832221,0.004313818470927873,-0.0019224897214537996,0.0027783749255326858,0.0023051419444880274
2016-12-07,0.0141762899212828,0.007931098285498256,0.015450986042704956,0.01843606602451949,0.018856098491098244,0.014273333212546126,0.020646469676933055,0.012958417232378729,-0.008652901851563642,0.019203960461978652
2016-12-08,0.006625142187408771,0.0053838358689517266,0.009325780506411214,-0.005636699564962932,0.002487791594296424,-0.004085131565753417,0.005176356715689013,0.0016867508603107533,0.0019130042331134873,0.0
2016-12-09,0.00019410192886635467,0.003137804943213892,0.0021078044463755117,0.004543150380838491,0.007219917723974425,0.014321969975391095,-0.0006455811511551215,0.010479911754310314,0.012128740142685982,0.002256145127177958
2016-12-12,-0.004475885176093506,0.004689094369490937,-0.009731603619602,-0.0036016440508305865,-0.0030874475958116853,0.0040271582209401025,0.010279278242086624,0.010371753412974931,0.004781549374486757,-0.008337599794786843
2016-12-13,-0.0015615688610174435,0.011240914935418535,0.002547890776756715,-0.0014125215041759537,0.012498936827704532,0.004582694930619648,0.0025537315330596212,0.010264546109814691,0.008062117314369753,0.008930198850916837
2016-12-14,-0.011988379626644568,-0.020247321236381368,-0.00467613565179026,-0.010104250252219126,-0.0034678602400814696,-0.010918483827746522,-0.01768824196675833,-0.02084493904972394,-0.005175345537228401,-0.0067797311005651836
2016-12-15,0.006503423737406573,0.0022267827526514087,0.00848584098706128,0.001110055777528417,0.00448513617324664,0.004228284884776966,-0.00814460696580203,0.007066125733952691,0.00646507174360013,-0.00238987332497372
2016-12-16,-0.003089406672676036,0.006188286685641986,-0.008652769370856126,-0.0020114965809376615,-0.007258833136818873,0.005703050331495199,0.013927117414660075,0.012115926583379334,0.00079058706164484,-0.004921499413247099
2016-12-19,-0.001985011814291093,-0.00458528974852398,0.00042807999794854156,0.00557734117470832,0.0071770295056181824,0.001919337585780388,0.008830585890930194,0.0037115176878549103,-0.004176274376236423,0.0026568978143925765
2016-12-20,0.0007946597681039246,-0.002234529978632547,0.012332779831475458,0.005704547552942942,0.0036715642217014393,-0.001919337585780416,0.0006509851529918613,0.0012336976965548999,-0.0007219265084563392,0.007928799813312721
2016-12-21,0.0003970932028820802,0.0015779377057339378,-0.0025393892791935736,-0.0037996026153117807,-0.0020383027034151266,-0.00019215531167104144,-0.012772271379581137,-0.0041191721098121905,-0.00564851967766239,-0.0004788814574526345
2016-12-22,-0.004177318242787057,0.004064851943535143,-0.002545565413430147,-0.001904944937631153,-0.0020421227220377433,-0.001538290980873919,-0.0013194039422808389,0.003502355925576337,0.0013063045034737,-0.010832669888703714
2016-12-23,0.001991397331303761,-0.0009167211052947264,0.0016978594924927993,0.0009533161809347095,0.0010217968916137008,0.0019226585781310643,0.000989480486069827,-0.00020561991771896027,0.007514313461041628,-0.0021812350938777187
2016-12-27,0.005356458191794611,0.0022242264424371327,0.0012715294964892674,0.002061485757440908,0.004075669217821267,-0.00019221228558601863,0.002634464745600933,0.0008224361019548202,0.002013742183009798,0.0038737379769890673
2016-12-28,-0.010142215930183707,-0.010906067007276843,-0.010217214127833898,-0.010511408588834209,-0.008988586820298941,-0.006166885902830151,-0.007592289837369722,-0.009500372820218714,-0.0076441931854991756,-0.006910116659516809
2016-12-29,0.0,-0.0019838439913953242,-0.0073008375301158585,-0.00032051030092559405,0.00020503325274593478,0.004628608552490874,0.009235120857264176,0.01339820433730344,0.0017360977355768373,-0.0013391938808803212
2016-12-30,-0.006618096847983095,-0.002916740726385095,0.002152912594480385,-0.003529465899925301,-0.007826870149275302,-0.00501542864339837,0.009475460717300172,-0.005543591011495119,-0.0036199601941290225,-0.008440546067259826
2017-01-03,0.005818468455098,0.011222330570627822,0.01112034050466958,0.00592907975147768,0.00885226645923363,0.0036678688371642966,0.0032468118492464527,-0.00247341261540173,0.012970168313202168,0.005878986651498006
2017-01-04,0.014497063334669573,-0.0021029591526787726,0.008049428176326468,0.0058943457546981465,0.0034781607399840854,0.0,0.012562863507432786,0.0037079335724364126,0.007844264402471763,0.013224622818785073
2017-01-05,-0.0029618040672837838,-0.0025023265489137227,-0.010178313731897514,-0.002863191591896618,0.0016326804113037726,0.0032700370443869706,0.005108537951835938,0.0010278843512157557,0.005101522432221319,-0.0007235042128939383
2017-01-06,0.0009884544547533022,0.0009223109707106712,0.0034042951253886954,0.005717784153377768,0.007314040544997296,0.000959854423537704,0.0,0.0030764920894885074,0.0028228551951720196,0.00493287494105281
2017-01-09,-0.0001977214915293904,-0.014600626140643015,-0.006820315995423368,-0.007790659950226534,-0.00020229368481514668,-0.00809080102697621,-0.006389823034793004,-0.01319351072354729,0.004219147835993895,-0.0008407593448815208
2017-01-10,0.0005925038115322958,-0.00913387437386503,0.002136646099682023,0.004141250608385877,0.0002022936848151805,-0.005041970697980741,-0.012578903461885827,-0.003117095535803568,0.0035029904732981772,0.003597172011838373
2017-01-11,0.00806391129655771,0.01073725986520173,0.006381529388234338,0.005232062708886244,0.004645047244039427,0.0019420759216882244,-0.005532867142277871,0.010354086859138762,-0.010121421805822066,0.0021523483412046523
2017-01-12,-0.001960760695882844,-0.004146808638085352,-0.008518175487916287,-0.0041198790956776185,-0.002420648613743189,-0.0009704715736904969,0.003908713732443079,0.0008235164088138159,0.000988851962544667,-0.0009556606319796396
2017-01-13,-0.001571525625493905,-0.002953697588975777,0.005544906425605672,0.0038033932657398017,0.003024896320931629,0.0005826046787876623,-0.002278374093879164,-0.00144204658572095,0.000987686727437673,0.003698893337526394
2017-01-17,-0.004531624975180998,0.006165372778910415,-0.024107500359111158,-0.00778069223739724,-0.0038333658416834756,0.014069693855651084,0.008112988802169154,0.010866820123967499,-0.005089324835960451,0.0016662120152734358
2017-01-18,0.006299192763869265,-0.002273911384575722,0.008244442669673002,0.003818592669609444,0.0026246743122374187,0.003439117225322923,0.0022599014296972,-0.0012246099532768789,-0.0012759778519417406,-0.0017852053200971478
2017-01-19,-0.0062991927638692356,-0.005506130085775528,-0.004330908209055605,0.007278489945757386,-0.0014123844678189685,-0.0036303497927743754,-0.009721396339984492,-0.00881755318676761,-0.006406524647430201,-0.003102405443193688
2017-01-20,0.008847122402277256,0.003763437279588208,0.004763155170072211,0.00015734416603604596,0.0054363057415431635,0.006487242439346509,0.006167777888589187,0.0018519716056119317,-0.002574069887985457,0.0028637782124816655
2017-01-23,0.0019554826453256425,-0.010654862428749143,-0.006500744622760111,-0.0055320274201901025,0.0018058907374682704,-0.0003804725753253337,0.006130053070917846,-0.005153209958754374,-0.004160822586080329,0.0007146151350386606
2017-01-24,0.02545932531514006,0.010923294353612315,0.012530038782652174,0.00993619685681459,0.0061942845468432465,0.0066370905891315795,0.00032194324281683027,-0.00020701963429767476,-0.006925483268569758,0.00818172601012845
2017-01-25,0.006643156771878242,0.005216921754758575,0.01660700863552518,0.010459854003692539,0.009516402325199439,-0.0001893088721251383,-0.006128410114755334,0.0,0.009366762472641534,0.006122123438669759
2017-01-26,0.0026449549355318336,0.0008003027108118144,0.002530247346693737,0.0023271658513503977,-0.0027661121926984573,-0.004357064484423018,-0.0006471930070014245,0.0004134687420540834,-0.007775294218887843,0.0015245208283612569
2017-01-27,-0.003590895057323042,-0.010452941358156323,-0.0037983986721458474,-0.0007754205722205644,0.003949144251558482,-0.005521500322211778,-0.00845269719174924,-0.00020644910775640473,0.00820576060658007,-0.0031689083089116916
2017-01-30,-0.01027852858147801,-0.01849160302504605,-0.008066226297114404,-0.008564936306577474,-0.008113128915476983,-0.0007634369895381486,-0.0055653878061227464,0.0008263845893331421,-0.0048866804234319215,-0.0011761498662353552
2017-01-31,-0.005948126235755589,0.000411768946755455,-0.006414179843545834,-0.008796467356034326,-0.004979770636460389,0.004764502894087731,0.008173913917304624,0.015366994367169326,0.015865429530468593,-0.0015316576140505709
2017-02-01,0.00499159134714173,-0.0074351114139873985,0.0012856655137627297,-0.0017374611367887288,0.0075594875489299485,-0.007826340782411744,-0.011132853039469875,-0.01743413202359622,0.00861281954157425,-0.0018880088157810825
2017-02-02,-0.0044142125856021005,0.005650300184460243,-0.003862940619315508,-0.0018984562010266699,-0.001983787445577922,0.009156603617678333,0.011783838192461772,0.010497077627188468,-0.000281138501321052,-0.000827051898924567
2017-02-03,0.00172934618564181,0.00862015258793488,0.020013088693584716,0.007415140145665463,0.006531229639346633,0.006435855036760914,0.006487405425894811,0.0012277003996814069,0.004349413184993017,-0.0013009799659591218
2017-02-06,-0.002691829408213858,-0.008483126501785005,-0.004647949630115344,0.0014137886515898585,0.0005916985342468826,-0.005486656827317564,-0.006161944883463352,-0.0020469357129194628,0.001120014001190895,-0.0029632539878559068
2017-02-07,-0.00792500938201624,-0.01425297134335441,-0.0025445816183935566,0.0017248416267321694,0.003935570091539414,0.008124506167802007,-0.001953676351518264,0.0024560084868419513,0.0009785876239241412,-0.0009504686356629612
2017-02-08,0.002326040394229537,0.0023662649226793213,-0.006817409393739117,-0.001410999943961792,0.0017658754132763171,0.004131668511679238,0.00843872556638237,0.009764568568532068,-0.0015384066623736735,0.006159834826350203
2017-02-09,-0.00038723864429201604,0.011199996948815082,0.013588656247986356,0.007659209054949751,0.003131618656899987,0.004114485589370047,0.0041928912637426334,-0.008538874762320695,0.0036319924750111976,0.006239371077010448
2017-02-10,0.00906201842653594,0.007533438205963274,0.002947747997337708,0.007910052727368607,0.002927237235386904,0.0007460491137991808,0.006736149139118696,0.006309066874953698,0.0019501618076687036,0.006084062166583454
2017-02-13,0.00821948208397533,0.001908691930369628,0.011290190039630967,0.009991520042437467,0.004471490192378361,0.0,0.004784223612977791,0.0048575536054048865,0.006104173484534637,0.001165592697767072
2017-02-14,-0.00019018234772199137,0.003263515008061979,0.011575049526390865,0.00045884133940606747,0.0032927331756606748,0.00018676712586469514,-0.005103981610088275,-0.0072947920618136545,0.007853041347716657,0.0056931076615892055
2017-02-15,-0.0013338641404987556,-0.0039443894854825695,0.0077790027016379605,0.005336676563093738,0.0032812796454532254,0.009095211644919839,-0.002882098944429922,-0.0024436096519796476,0.010782869860335966,0.005199490045172319
2017-02-16,0.0,-0.013723526279961753,-0.0024500301518849688,0.00030419534385014546,0.0023099930736918436,0.0012926794921023581,0.004160600923436632,0.009940099585708633,-0.0013585054949781421,-0.005083569783062695
2017-02-17,-0.002863972382128981,-0.005542816533373381,0.0004086473994852618,0.0016708120753849453,0.0034547337540088183,0.004969916456014393,0.0028704808134661676,0.0006053648621273422,0.0013585054949781627,0.003237715382164393
2017-02-21,0.0032449832861154767,0.006785520061000001,0.004892261967328402,0.0049955491563543775,0.005160424703530356,0.00895712626081472,0.013601111079768118,0.010435621068409933,0.004469970789797063,0.005756574287681872
2017-02-22,0.0026647628888522867,-0.015296922022654454,0.0008128095691377861,-0.00272184312533021,0.0011426741542591486,0.00018215809540754208,-0.0037773158858206693,0.004183631774641962,-0.0014876306539432728,0.0
2017-02-23,-0.005527555049065067,0.0041948268164099705,0.0,-0.006532383805717032,-0.00018995543376601755,0.0023624675955407886,0.0066009687249890085,0.010284845475754072,0.007282153047382464,-0.006795997956423774
2017-02-24,0.002100362693800869,-0.009393701737293378,-0.007750258888271986,0.004258677774692813,0.0022826689521503055,0.003442685680919645,0.004999981788411591,0.0150382659038161,0.004825930145053585,0.004612611445126833
2017-02-27,-0.0024825538197034325,0.008556441252556335,0.005309014803809572,0.0036354523052222884,-0.0005706177486613363,-0.004532307193670294,0.004975186905907343,-0.0056371510601152044,0.004802693088436566,0.0011496438092336056
2017-02-28,-0.0009566879255674401,-0.0030778041025378484,-0.0004069461929835117,-0.004090950215508235,-0.004763951607459035,0.001270961874022723,-0.0031066101493859417,0.009119795587515842,-0.0019982603447179265,-0.00749777523010956
2017-03-01,0.01933366390947922,0.019835791672526585,0.028125373470114158,0.016713352418380727,0.014036345467310326,0.004707581946550647,-0.002492158346444815,-0.008924857117464349,0.009951726647524332,0.011168353612950271
2017-03-02,-0.010757810634694479,-0.009521925550876673,-0.01557228252916606,-0.010809215627267384,-0.006614069482306231,-0.0001806652353169218,-0.003124160711168223,0.007185149792186912,-0.0031740827616735206,-0.0024074948646270722
2017-03-03,-0.0007594488645342044,-0.001804132142753109,0.00481699492625404,0.0010559401145750827,0.0022725671179126337,-0.0038011747625696537,-0.0031337885450949655,-0.003100592281081956,0.003966208004246243,-0.0014930027412284846
2017-03-06,-0.006477525358780435,0.0022201043919163285,-0.007637730108658564,-0.0024152178484901417,-0.0015144442560792598,-0.004361928131766283,-0.004088711535119995,-0.0019432353515450044,-0.0038335074890024547,-0.0032235637517731273
2017-03-07,-0.005558014368483689,-0.008909909014168597,-0.0028290810552630587,-0.002876006892565438,0.0,-0.0012758621360519984,-0.0034726771175180057,-0.0005835785073475298,-0.0070436088140398865,-0.003234182318438406
2017-03-08,0.0,-0.026354428601805435,0.0004046055034692688,-0.003492649580397415,0.0011361474353120179,-0.0021910503799786,-0.014975817974237022,-0.014504281844655015,0.0039933032614253485,0.004156509232001158
2017-03-09,-0.003080043373257831,0.00658253172059296,0.0036341929355701544,-0.004573826029331973,-0.00018936096450207807,0.0016437153874093724,-0.012924221542802086,-0.002174314765778158,0.00543084883419584,-0.0009223269135628176
2017-03-10,0.004616470841537035,-0.0014274539457187006,-0.0008063461013774306,0.006093797625733826,0.005286071120981451,0.004551642156180305,-0.0009762127469577723,0.00827579518697638,0.00382440991958703,0.001498012362760728
2017-03-13,0.002874136220504623,0.00014266853366932126,0.0024173639000052483,-0.0006074534086461818,0.0009407485160816028,0.0007264007942712715,0.0013015461489597178,0.002939049829138134,-0.0007898963108978771,0.002644719108100071
2017-03-14,-0.008647841133107272,-0.011346177386643263,-0.0028207351824043694,-0.009467237218062384,-0.0022599654829333483,-0.002908685517151274,-0.0013015461489596608,-0.0009783903515775904,-0.003694847606301571,-0.00022976078793621803
2017-03-15,0.015893007037241894,0.02200087366422448,-0.0016154805540169064,0.011288966000255708,0.006764553000324317,0.007436598010911838,0.019023945242007026,0.015931965606215695,0.01248157124048141,0.005269849701609782
2017-03-16,-0.006862243602146384,-0.0070904223471488954,0.00161548055401686,-0.004561240528386197,0.0005616788349692321,0.001444228125528577,-0.00223805713836994,-0.011047567312531967,-0.009709097748834319,-0.00011415282838937057
2017-03-17,0.004288717693350674,-0.0007305394573116783,-0.009849355740623832,0.005450344096381508,0.0021584530418225674,-0.0027245317692813583,0.001866460900798009,0.006010665358241835,-0.005520067274617714,0.001271293802068358
2017-03-20,0.005525537219243141,-0.0014335003104474435,-0.008213682508800788,-0.0018287918339784893,0.000936938546857594,0.0019987507729292624,0.0009639883685214199,-0.006659246690274382,-0.0014639512655326,-0.0024065518129836676
2017-03-21,-0.016861818336798364,-0.0070550107403674674,-0.028441832567412666,-0.015370724029405052,-0.01471732327112072,-0.0009081001402611323,-0.0016073024122996821,0.014049049950514526,-0.00789276694719653,-0.012702476343240962
2017-03-22,0.002894197414334668,-0.0014458100756308398,-0.002123399593841702,0.003556231401349286,0.006252946878192443,-0.0020004799615402093,0.00224983232369645,0.004832377687500868,0.0002684750437116182,0.0011615756315838128
2017-03-23,0.004229862700109397,-0.004059992731723015,0.002123399593841675,-0.0013899584522188261,-0.0026477541062599704,-0.0021868672669204427,0.007356445244820174,-0.0030900068397946225,-0.003092540448173336,0.002318821490108782
2017-03-24,-0.008864820185234509,-0.0039304012570230695,-0.001273383517297525,-0.0026311888452489034,0.0007570472733319547,-0.0020093271227629543,-0.0009565516526214428,0.0036684315559759157,0.000538097310617647,0.002428917191599305
2017-03-27,0.0021270372797926357,-0.00467833403406745,-0.0038304863144336737,-0.003570585933413128,0.0,-0.0009141330586691038,-0.008006411872116766,-0.003861813083621818,0.0026888323317230383,-0.0003468062151434783
2017-03-28,0.011523053211887851,0.014114538098444275,0.01355333007557572,0.01052008775013812,0.007165825469133068,0.001827786482425487,0.005771030870798577,-0.000774096589981168,0.0006707227860835895,0.007598167960810467
2017-03-29,0.0007637006680418222,0.013633087634961757,-0.006330081950566433,-0.00015408326324480753,0.0016897344221809402,0.0018250723118418237,0.0035105251361239372,-0.002714263561253315,0.0002685440642664519,0.0059467951013370945
2017-03-30,0.00019059421533153132,-0.00028500145401863676,0.013039186545940794,0.0055256270651556525,0.0018741313656418974,-0.0020073276259281072,0.002227391946679274,-0.007796108670343804,0.0001340069864155008,0.00261898921972161
2017-03-31,-0.00019059421533158618,-0.0034281268016547956,-0.008393009369712004,-0.004141235603882471,-0.0018741313656419837,-0.002927204021003319,0.004440363702084043,0.0039059481281208453,-0.0028201325696716813,0.00011382499419443
2017-04-03,-0.0038236485561490823,-0.0017177598304555515,-0.002109066994676172,-0.0021540679588292044,-0.0009383452218544453,-0.0016501805452888852,0.0012649806710854446,-0.000194950313236993,0.0008067088308537414,-0.003987604362066547
2017-04-04,0.00363258174054964,0.0072818177631695305,-0.0012679414217024905,0.002614992325365664,0.0007506681687288483,0.002931853397952912,-0.0028487670244356877,0.0031138654119481704,-0.0005377534565534324,-0.0015996763840927927
2017-04-05,-0.0007636720153409779,-0.003134714318306491,-0.0076401532795027215,-0.003231352280989234,-0.004135862671761288,-0.0018316682193705715,0.001583786353350181,0.005619726049609024,-0.003097123428173384,-0.0024038926485512885
2017-04-06,0.005333236825212791,0.007960336273754257,0.006370984519652586,0.0027704279144529116,0.00018806106810963577,0.0,0.005679975868964715,-0.002515232085993656,0.0017518018048058117,0.0030896318277628637
2017-04-07,-0.0009500440347792089,-0.0038302808748267524,-0.004242777887119803,0.0010754330473994663,-0.0005649196553624214,0.0027458012780395015,0.0012579016386424667,-0.004271254772781689,0.0017487383610068686,-0.0029750979027942976
2017-04-10,0.0001899419526588505,0.007504628128083281,-0.0025542957643534085,0.0024533798916234095,-0.0018866630357296165,0.0029213246612894333,0.006889994223015563,0.0017496803385116555,-0.0018835672699270378,0.003660748163997177
2017-04-11,-0.002665003506259985,0.0001408456645568921,-0.0029882974409648285,0.0013775429894998634,-0.0037837213084558883,0.0003644776558523761,0.004670830976552892,-0.00038847676976527915,-0.0013470764286496511,-0.0007996532721116485
2017-04-12,-0.012468127457184177,-0.004239959170223056,-0.008156077688863547,-0.01386123051304146,-0.00341709255723149,0.003818972174343102,-0.001554413713805594,0.007355668589946273,0.0,-0.004007790548637253
2017-04-13,-0.009697127265756472,-0.018440747192584726,-0.013015644787682112,-0.007159602960987777,-0.004001967563832302,-0.004548503700970458,-0.002180455789736922,-0.0032838265939706904,-0.0025648931062460917,-0.0070230961321095095
2017-04-17,0.007185198175791279,0.0021614010396403655,0.017316332791436132,0.010874803773378315,0.009123672720694772,0.007086700076786504,0.011471139114194425,0.004440173978767723,0.003643093783448693,0.010230593451501579
2017-04-18,-0.0011618309476763232,-0.00940167665724754,-0.009486654409489639,-0.003249924520602082,-0.00018938983461974217,0.0045161932656394435,0.00246321297825448,0.0023091782277260076,-0.01096934114658718,0.0001142850602622999
2017-04-19,0.0013551171413058655,-0.014787086202294067,-0.003037474667710073,0.0009296969996157039,-0.0007570472733319649,-0.0037922514422508193,-0.002154869916220578,-0.006943200981316106,0.002991133503560588,0.0009142871073913825
2017-04-20,0.010967034927614264,0.004855688119728938,0.01680688280711438,0.012007513900820612,0.009049391839839906,-0.0019919702560347047,-0.00030834306203388637,-0.003877993221153094,0.006225458412608109,0.0104559290140624
2017-04-21,-0.001148666453962533,-0.005003138933219539,-0.010309045681101647,0.0009175482759602886,-0.002066609213121823,-0.002905236320441596,-0.0033964660127229203,0.0050384646684527,-0.005953706580104045,-0.0022638943413770558
2017-04-24,0.011428411163402511,0.005883188128486331,0.02220416291028727,0.014117796709890143,0.011779465572108561,0.009049951005986665,-0.00994731154297801,0.005205666594802648,0.009858898831896973,0.006438217309360284
2017-04-25,0.015970454131830514,0.008469589362733197,0.008828873606539122,0.00481211833135713,0.005190935197351777,0.003955996806926611,0.0021845383597478936,-0.0013465400920080512,0.004291096048003899,0.007850473824846103
2017-04-26,-0.00018665035788782027,-0.003349948374705344,-0.0008372740304417231,0.00015017715227954624,-0.001109999712927517,-0.00810874123643678,-0.008452223303754362,-0.0030860305167344764,0.0054714349413810676,0.0046804445588775655
2017-04-27,-0.0022391942423474593,-0.011002829116514127,-0.004619338243848462,-0.0002999764765144647,0.004064426190521496,-0.0012674625494256539,0.0006283931906133699,0.0034710667732156157,0.0021269759945764647,0.005322747729866365
2017-04-28,-0.008444008788501713,0.0007372838445721551,-0.009727338927571537,-0.004662319007122328,0.002577242351611944,-0.0003622763575625984,-0.005670865845203819,-0.004824083064915966,0.002652697053249584,-0.003989518133598123
2017-05-01,0.0005655134941615715,-0.002804459557490251,0.006355077595322503,-0.003018989049382997,0.007511445557237586,-0.0038130851017495067,0.006299188725200697,-0.006014159636288236,0.0022491381204293977,0.0013316394682336516
2017-05-02,0.0016934207731457503,-0.005038644617140523,-0.0012679414217024905,0.00482629835120439,0.002187849869592565,-0.006753547420065564,0.0003139729286768649,0.0011668890002407232,0.0027715531449260394,0.0011085005832569374
2017-05-03,-0.009824567443436679,0.002818854289199478,0.008001793137431289,0.000751982267221365,-0.0018228120925211405,0.0009153256794447796,-0.012316697949526532,-0.0035042654694320344,-0.004888470117359883,-0.005887989472612296
2017-05-04,0.0011382489444333543,-0.01854125962557727,0.0016762361195111158,0.0010519997585631063,-0.0007301325256551042,0.007655907716279988,0.0009528239703899095,0.0035042654694320023,0.006599840500375047,-0.0015611395496496834
2017-05-05,0.014123708348644393,0.015722405336377886,-0.0016762361195110287,0.005093735388789636,0.0036449630815224353,0.002720084807677584,0.007905225984378173,0.0054271909416878815,-0.0005262097164019982,0.006230173336116557
2017-05-08,-0.008073051210890789,0.007105820330058688,-0.0008396942573810092,-0.0026935216374547265,0.004356717784322955,-0.00036240932402457866,-0.005368682617241019,-0.00038647813196670937,-0.00620585193196869,0.0018830973458272185
2017-05-09,-0.007568668385419108,-0.008295131390906688,-0.0037850904636716146,0.0013476344252869984,0.0012670003466055642,-0.0036297440270507838,-0.0038072319074922735,-0.007375854031023705,0.0011914745967586792,0.005739481750027203
2017-05-10,0.003223824671789778,0.013151533802738272,0.003365642602219396,-0.002096690740063585,0.0037916236994342254,0.0007269682370106096,0.0053891879574362546,0.0015576294856986417,-0.0029145326026768924,-0.0034174399597352214
2017-05-11,-0.0015158555043040692,-0.0020574794911539687,-0.006319602545271301,-0.00030015328052759757,-0.001262353295636623,0.0014526175862806733,-0.004753723888923979,0.0013602490749723302,0.0005302797817938194,-0.005981496262745881
2017-05-12,-0.0024679267062087235,-0.0033891086393521034,-0.004235684880943729,-0.005565458506423086,0.002523039819893737,-0.0029069944566956886,-0.0038189381270365723,0.004844453602319569,-0.0017253519953317471,-0.0014453387890523025
2017-05-15,0.008705353018084614,0.0077923654386554755,0.0076108869236113435,0.004664925130020376,0.005564089516759552,0.0032694887068407752,0.004454162598879413,0.004244162759275582,0.006487718018985688,0.00022272423945200983
2017-05-16,0.0001887410174332143,-0.004991710212842838,0.0029444005026036074,-0.0010515925620389246,0.004642765007311035,-0.0009070116961644738,-0.0050923884778671285,-0.007341554361715884,-0.0038349055361187887,-0.0034542743606358127
2017-05-17,-0.021325922706840104,-0.009910602431965594,-0.032006199776956394,-0.02019028586379277,-0.027636698028477118,-0.0014532325714973838,0.00636162817125727,0.002517471296799848,-0.013202399679655377,-0.016317316538800433
2017-05-18,0.0005767111772014057,-0.0002976627020085264,0.003895241159436557,0.0013793679096854208,0.005843666919675681,0.0007269244344788214,0.001900435468338876,0.003475660489876019,0.00442070920778749,0.005769687960699352
2017-05-19,0.008618577716377605,0.012266379936177654,0.008602386122180556,0.013084048570577171,0.005809868134492427,0.005434671754680089,0.005679975868964715,0.0038476970654365175,0.002802166508457688,0.006745142214741011
2017-05-22,0.0011434124549017796,-0.002205672998099412,0.0025659271520540035,0.007678995321971888,0.007933569343348634,0.005585182549480706,0.002514222948442776,0.008603157168081592,0.0026623483237562516,0.005029421865878923
2017-05-23,0.0007616363073145358,0.002352824047768135,0.007659852536099508,0.002097585787392012,0.001794731354442723,0.0010773332684990843,0.0012545830412667308,0.002661533814171113,0.0033171756396538016,-0.0037972548407212924
2017-05-24,0.006639451115387643,-0.005301227108025086,-0.00042411265833639265,0.0011966954488001607,0.004114467432864706,0.003940582385118204,0.005626951263200323,0.005679817975387362,0.002514455857018577,0.0035742199487874926
2017-05-25,-0.001135409128052386,-0.018327212268830023,0.0016950856870738967,0.006556711730428123,0.0071164603946153445,0.006237170303070315,0.0037333861572044318,0.008085254201163843,0.004746274741340093,0.008770335287361675
2017-05-26,0.001891604188780056,0.0016527659628391127,-0.00042347821577408905,0.0011877222578054122,-0.000531884958301265,0.0037240927449870074,-0.006230345244348404,0.0,-0.0018432795163993833,0.002980106181405061
2017-05-30,-0.0001889303657275524,-0.013451601292688829,-0.00679976990923517,-0.0002973428224273526,0.004247696274805945,-0.0003542835508759067,-0.0028165112683250846,0.0031784127655517095,-0.0014505612935835366,0.0007711998070830615
2017-05-31,0.0030188692406570646,-0.004269524530477149,-0.008565350434713962,0.001927461080012053,-0.0015907262268775222,0.002829129061870971,-0.0015680639489981843,0.005027500085713538,0.003951099088940898,0.00263955513129008
2017-06-01,0.011984647685926535,0.006245718272810341,0.012395836749147699,0.006201056734647918,0.002473411838751381,0.008088474594869095,0.003133672922504409,0.007033199925459483,0.01098067171388371,0.009400904159274007
2017-06-02,0.0024175046882702884,-0.011608622705833675,-0.0038304863144336737,0.00396596923916359,0.009134037438776776,0.0029726027365337727,0.008723152624652149,0.001105830222086941,0.006479135108998832,0.003584120871059637
2017-06-05,-0.0031622347699684157,0.0018421036850317888,0.0017038975996349255,-0.003524644783493399,0.0008741110798862558,0.0010471475269150164,-0.002484792329014671,-0.0031367731201238287,-0.002845773105917637,-0.002714090230838496
2017-06-06,0.0005589187707190405,0.011738815122654695,-0.004266020567063783,-0.006790799395410754,-0.0019236441596470718,-0.0024450237697453397,-0.004675037273422734,-0.002219844595849774,-0.0024639853751013746,-0.008624972581984343
2017-06-07,0.0013025051561593518,-0.01419533599050762,0.007665992799159935,-0.0011855669164176912,0.0031456651833001534,-0.0003494981802996188,0.005296754239650812,0.0033281088993927298,0.0027235074995546043,0.0017525598437490735
2017-06-08,0.0029704966842081537,-0.002925349551839057,0.011390340190559654,0.0032574095194252933,0.0022658564107364454,-0.007549992345392301,-0.004672366701018718,-0.008341793507707982,-0.0028534987817940543,-0.006478558678822292
2017-06-09,0.012711120332944942,0.023767140751137367,0.018699690687045023,0.003835982042525764,-0.025032385985257796,-0.0012345195202074382,0.004672366701018659,-0.0009313648991686247,0.00673071473540935,-0.004416626903241543
2017-06-12,-0.003851705156696344,0.007051510582376457,0.002056620592566051,0.0036745815697145573,-0.005907990253637487,-0.00017625147819277852,0.006504518084818871,-0.0018648630098022474,-0.001290964972151029,-0.0005531753685236536
2017-06-13,0.012418085878093616,0.007447078746277388,0.005326468869566059,0.004099551476951221,0.007156980836544792,0.0015870310644565593,0.0024670902742141773,0.0024237860357059246,0.002064744748554375,0.006180889274265742
2017-06-14,-0.010582202018595119,-0.018269450232434183,0.0016338526845454848,-0.0010231344603573625,-0.004825438161196299,0.006323567703713962,0.003074971418538636,0.005386126481580142,0.004757659991894087,-0.0005503456693414713
2017-06-15,-0.008842923966683059,-0.00758507540356163,-0.004088676647113586,0.00597858460053299,-0.004488640989225723,-0.002278819916120149,0.004900386982063638,0.0057251740480321585,-0.0010268255201594603,-0.00419242561341461
2017-06-16,0.004304081213968759,0.01640835692298606,-0.0011109968719874967,0.003266926313215233,-0.0017542663361488622,-0.010560932976517499,-0.0005547410752811115,0.0045751310769708425,0.001649013948828097,-0.00027699667342962386
2017-06-19,0.007928440675787197,-0.0063550506574909255,0.010240101626567471,0.006096451836459764,0.01473284036956351,0.00481449675933929,0.0006163599806751509,-0.0033321737499851603,0.010371920472045989,0.0076244258445062486
2017-06-20,-0.00552495511004649,-0.012832303923478656,-0.008594592843693053,-0.010766670726664093,-0.008058337584696281,-0.003920840841848124,-0.001849904648569252,0.0005562271222326424,0.0033068416562219006,-0.012628908796035936
2017-06-21,-0.01058212631732374,-0.01627557728456723,-0.008254196009690754,-0.00675195679773459,0.005558047325430212,-0.002861615943103659,-0.0021629258711477087,-0.005947881680615298,0.012616645458858846,0.001559465017485329
2017-06-22,0.0011190576806769704,-0.0006253070675628994,-0.006235996590383111,-0.002063945562583224,0.00035780118418890153,-0.0066481719617614565,0.0006185355033335505,-0.004671726943839979,0.01035222024385955,-0.0023402496315634035
2017-06-23,0.003907418731754607,0.006701129608104816,-0.003759935521754553,0.0036828291876390674,0.006236115522871482,0.00036049520864385833,0.004318202082616306,-0.0033770918308571127,-0.001489996474112038,-0.001227782119321108
2017-06-26,0.002966814491626959,-0.0021764873152128722,0.005426886241519304,0.0002940906893661072,-0.005342878615794579,0.003957067002707305,0.004605989879700949,0.006743005026490251,-0.0009942359426264571,0.0035680317508844945
2017-06-27,-0.0061286072956039574,-0.0015579965095107741,0.004983312588348772,-0.007524987728181741,-0.01656509889585041,-0.008653235076266445,-0.003990814556417198,-0.011263355259669596,-0.009122480052929966,-0.007934562453482752
2017-06-28,0.009086729838090536,0.005441841749755258,0.015619055383865996,0.008993820364157018,0.012449347655131041,0.003614466441928307,0.0012296098717306764,-0.009675042167193735,0.00525858926087704,0.010047301454711284
2017-06-29,-0.012071894878696232,0.0021687466359107577,0.006908859494216527,-0.008549680162718967,-0.018093560881610602,-0.010700946416577869,-0.010189727623929914,-0.008038203682199499,-0.009157847319725795,-0.00971042101567242
2017-06-30,0.005404109437931929,0.004477057232871157,-0.0008101461836827716,0.008256281160490792,-0.0009129257193656299,0.001821499012057231,-0.0006211910458361998,-0.001538752697642134,-0.0013870186638688653,0.005257432382880372
2017-07-03,0.008696388659928498,0.01907127815929451,0.01448719490093985,0.006147314049354319,-0.006968917283056752,-0.0009100271030919805,0.009273650244601602,-0.004629640817810766,0.0017653474985028336,-0.0010044706282180496
2017-07-05,-0.00332183142061942,-0.02045867807412346,0.0015965397456759684,0.00291399583693218,0.009888594997011654,-0.0007289175185772257,-0.012072160128054465,-0.004845382246329752,0.005903485763312339,-0.0024601976483385754
2017-07-06,-0.004446061798343653,-0.011168178977710282,-0.0076077246095141325,-0.008767910884058193,-0.009152882633245712,-0.005668193700788766,-0.018228351186571404,-0.00038852943564995966,-0.012983427563889038,-0.01024016764561952
2017-07-07,0.005185266125795802,-0.0015608984752837679,0.006809683559915806,0.007749190710871196,0.011518547696960998,-0.0005501695314861298,0.005692703361676528,0.000777396283449005,0.0050620196908160555,0.008895686189242018
2017-07-10,0.006260311712944917,0.0032751811251539964,-0.0011982120259605683,0.0029086148276962747,0.007244943324328998,-0.006995526752597544,-0.007915295837577895,-0.0007773962834491494,-0.001895116102058242,0.0021278818233638423
2017-07-11,-0.0014693842800074454,0.00543525381671455,-0.008831728977899881,-0.0008717608296465681,0.00216349695512471,-0.0027749458044451078,-0.001590735715312617,-0.000583370725068096,-0.0011391988554420019,-0.0020154463477831683
2017-07-12,0.01151430314328022,0.0027838563000207282,0.0032202574439444817,0.005508210967807379,0.012882784314942145,0.005542034801016274,0.01296887634418764,0.008520437596252813,0.006813917833249903,0.007593531699423569
2017-07-13,-0.0010906931094040897,0.004007237008823121,0.006011184863838137,-0.00072299980652908,0.001953338374214233,0.00018425989461326125,0.0018838335368980626,-0.003476704153629019,0.0008799555701408491,0.00011138741080289479
2017-07-14,0.005080660155763788,0.005981288636353846,-0.004404395008153959,0.004329923604717027,0.008832527346827934,0.007889375994797497,0.009987479380152427,0.0046332151703943995,0.006762310973857255,0.003220331222924717
2017-07-17,0.001988988319252085,-0.0012239328382741483,-0.003215441214483161,-0.0005761474974478871,0.00017588066871508258,0.001095640953740236,0.002171728622052521,0.004611847450773878,-0.0036259975240226215,0.0024365865304615516
2017-07-18,-0.004163360210047468,-0.004757355798079695,-0.001611606085145538,-0.002308298845294203,0.004561708754918799,0.0,-0.0012402853427962335,0.0028716050973173293,0.0007514308248748371,0.004524546997728107
2017-07-19,0.009567473055229588,0.014507718054941141,0.00040289575859961266,0.0010105923235452802,0.005062947112347935,0.003644193042630752,0.007418820715754612,0.004196807951187732,0.008102390892574057,0.0048329301614474
2017-07-20,-0.0073931011644343125,-0.0030368144967388875,-0.0004028957585995489,-0.005643686171765427,0.0020878420708930878,0.0001820896534625609,-0.0027756811004491628,0.007207949921407634,0.006557712532087353,-0.002084325216992549
2017-07-21,0.00018094325015958026,-0.009933570214779213,0.0,-0.0018883933880312806,-0.0012171727835092693,0.0016352140882765034,0.0018512835332821938,0.007156366964972939,-0.0011103966543663485,0.0006588455360625865
2017-07-24,-0.0009055383914803401,-0.0018447764179702758,0.00442547893868559,-0.002183336009523903,0.002433154961047378,-0.003273106481867917,-0.0006166611222546439,-0.00942651765952784,-0.00037047916784097414,-0.003407450480517398
2017-07-25,0.010629884263537755,0.012538246627069632,0.012368354867225888,-0.0013118929875498401,-0.0019115659941309811,0.006897661523737113,0.0,-0.005699319872449365,-0.007189891602974051,0.007022134609092729
2017-07-26,-0.006111765026289014,0.0010630424382789944,-0.006763892802051,0.0013118929875499685,0.003819052046757061,-0.00018078512558653036,0.008293754472383171,0.009480425895809217,-0.00336453817716332,-0.0004377487560342662
2017-07-27,-0.0036125808457684234,0.010119116130335047,-0.0056044620651747885,-0.0056988117041814135,-0.0038190520467570755,0.009722670091159092,-0.0009180167393321618,0.0024501832976003926,-0.006889428260929147,0.007302190070027854
2017-07-28,-0.0036261748238748752,-0.0012032707282437364,0.0,0.0023420717436816894,-0.0010439575579477217,-0.008456900920815717,-0.0006128196841875503,-0.0015065913009337858,0.005015165411068189,-0.007630104179851182
2017-07-31,-0.007657014081696116,0.0022539986771065263,0.0072000871046033355,-0.0013166957894005084,-0.004886701236353011,-0.0003615596393024311,-0.0015328691558433416,0.0033874236148635196,-0.000875660478424621,-0.00032865888948373917
2017-08-01,0.0007314853207371724,-0.00014978647541113053,0.007148527211970518,-0.0029318731387270613,0.005060951056527925,-0.0010851146631196157,0.004286548822748949,0.005620988625471167,-0.00225560582539793,0.001749904265497074
2017-08-02,0.0009143947676095164,-0.0037602512786111993,0.001581744455276088,0.004394624894742771,0.002781273731903778,-0.0007240353532681753,-0.004900449357603544,0.004288406029687829,-0.0022609273678850326,-0.0027352538403263085
2017-08-03,-0.007519702500975291,-0.014113573357752294,-0.0035620039046242247,0.00495750219572707,-0.002259213449220792,-0.0009061099834884808,-0.0024592201890031714,0.005010602418243972,0.0016332073126270434,-0.0027430300918668904
2017-08-04,0.004775006549788497,0.003204130254991882,0.006717918206187018,0.0018892813731622158,0.0022592134492207404,-0.0027223896197914226,0.003073120723857837,-0.00445241961048417,-0.002261903808738337,0.00011000465886313218
2017-08-07,0.0005495588559501186,-0.007646468606177498,-0.00157666781118641,0.0,0.006056824345200992,0.007424089559314332,-0.0006139005348545169,0.003155983565637712,0.0021361793323753453,0.0023041166294134516
2017-08-08,-0.007904952658916716,-0.0023051836815863426,-0.0027654091925913,-0.0030531224450687754,-0.0013813445232190118,-0.003795589956034407,-0.004616148358165618,0.004069489810018486,-0.0046560402885114935,0.0005480301533691326
2017-08-09,0.0009224093426881491,0.000922728297424253,0.0,0.0002909422805609882,-0.0005185235191681167,0.0016285828780693613,0.001233021102929631,-0.005182179986638326,0.0011346675891230592,-0.00582240482273142
2017-08-10,-0.011498558737601203,-0.010663950012507388,-0.01796074966284303,-0.012746577314193748,-0.019902658577524407,-0.004167412309005208,-0.008974378870797382,0.0031494586641599843,-0.012551932459753947,-0.015097920825577912
2017-08-11,-0.0024278943508886787,-0.006547325753896477,-0.004035750963130533,0.0005899378158976782,0.006853452757188742,0.0007263129186586909,-0.006549190139355904,-0.005936753146346958,0.002803277861267479,0.00513183726406429
2017-08-14,0.009305368539816197,-0.0029760268488690108,0.013654807671111597,0.010408036274090749,0.015811132203240926,0.004886466643579865,0.016447476076386084,0.005751535340702462,0.006720194787899208,0.007097441866462199
2017-08-15,0.00018562146828797287,-0.0037714588525940263,0.0007975839898303116,-0.0021898361462777223,0.0015504080896172313,0.005041963596100259,-0.0018483526541908377,0.005535188794213394,0.0,-0.009213904185572682
2017-08-16,0.009768673361934443,-0.009651337969686792,-0.0019945701125346563,0.0027730006757337687,0.00292185548840462,0.003407334323422884,0.0030784038179972307,0.004039785009311247,0.002776298927489895,0.0051167024373341115
2017-08-17,-0.01534091776364719,-0.014250465006404606,-0.01732186375194789,-0.017496651731780617,-0.01975791762452028,-0.009171894761029276,-0.007095270303055399,-0.0071723199913031385,-0.012554553920998187,-0.016105938793273367
2017-08-18,0.00037253524219297543,0.004987028590923216,0.0004063711410513352,-0.004012580280766978,-0.0010510137072397604,-0.0027137861771501224,-0.007457933180683883,0.005888959051273808,-0.004605149906225934,-0.004973419161941074
2017-08-21,0.0009302234866891444,-0.005148399024531593,-0.0028475222560950574,0.0016366209884238452,-0.00035041322045408884,0.0036167764798435234,0.01024047933984263,0.003662778691389894,0.004477001094596989,0.0018115160663714552
2017-08-22,0.01293692333647757,0.006591370414416467,0.01093819195114618,0.011383387786001986,0.01478921114642642,0.00018027384429489908,-0.0006178506350497038,0.0021915199965663787,0.012052579513499598,0.010688299008667055
2017-08-23,-0.0018377013871207827,0.004316905762737648,-0.003228417061367002,-0.009452425382543282,-0.002420953914890251,-0.0028916946144491337,0.010143142209451603,0.0032778896179542116,-0.007594971092996153,-0.008541611901608022
2017-08-24,-0.0018414202301218889,0.0006378842463063547,0.0,-0.003120732889550298,-0.000865935386330313,-0.013851065560658073,-0.0018366287146104874,-0.0007275834322018439,0.002918109894252549,-0.0021466871070590543
2017-08-25,0.0031281322715331814,0.004454009010210073,0.002825139805057675,0.004751858149141664,-0.00017339255565949614,0.003297870514116561,0.0048900442348266005,0.0032698278713898174,0.0002532785703816023,0.0024853008025632587
2017-08-28,0.0014689925833073474,-0.004454009010210142,-0.0064694514044743995,-0.0005926914659540177,0.0019047302098728358,-0.0029308930782248176,-0.005196320271026816,0.0018119920861037254,0.005305866730586706,0.0005639764427602861
2017-08-29,-0.004781654834859515,-0.001276441429941031,-0.003250900840446242,0.007237044393299656,0.004315024172848256,0.003479541135150009,-0.0006131477595519214,-0.002174748342553245,0.0018878487175256538,-0.0009025901382645247
2017-08-30,0.007346690284790914,0.00047864618093880257,0.004061703893163728,0.004112068891634963,0.007207762172705886,-0.00018279042334943087,0.004589079685355623,-0.0029070716149402777,0.005142982451820232,0.007197733219494846
2017-08-31,0.007655616701805509,0.004775753971453369,0.0012153830813427153,0.0033657374376724284,0.005967271496715685,0.00036563563559644495,0.004872331489774786,0.0001819683629831807,0.01687168634734732,0.0046953242396645875
2017-09-01,0.006515970462788305,0.009640573179474145,0.0028298900875446758,0.0008758299526407897,-0.0008501081981796746,0.004741225190167071,0.0,-0.003097240400313698,-0.0007380332223686001,0.004562123988171193
2017-09-05,-0.011430735094948356,0.005490075239452661,-0.02162932235999715,-0.010120973176219907,-0.008885990607183104,0.0014540376703865135,-0.0009117556986424265,0.002551327472767787,-0.004318251269020407,-0.004116248018135582
2017-09-06,0.002551396172937505,0.016136474307708686,0.002472424683459567,0.001031309775456002,0.0008579782929890627,0.004169241705412912,0.0015190535804997627,-0.004561024089319171,0.004810188919263736,0.006223505644078074
2017-09-07,0.0016368174187971491,0.0018450883302432222,-0.017435039959890087,0.002059824583009616,0.0034241438139178144,0.0014463258463407,0.007560769478177409,0.007468969846099081,0.011013379116361494,-0.008679495624327281
2017-09-08,-0.0003634322067732345,-0.010657020426888724,0.009170424869508042,0.0033749247602733222,-0.008237829047966222,-0.00488894664287863,0.00030141775737716663,0.004707847838842793,0.004492649659775098,-0.003470020929733008
2017-09-11,0.013003424110938987,0.009427339878787489,0.01727752628749838,0.008604863145681636,0.014031689229032387,0.006152485141638941,0.007202691772199381,0.008454017295377305,0.007724079105547999,0.0052568440478076755
2017-09-12,0.00839852501352229,0.006134270413111644,0.011757361662290437,0.004781051371400597,0.0023760258677130246,0.002162321310550454,-0.010823624786462788,-0.016798280819626542,0.002161399192506718,0.0044524003672752254
2017-09-13,-0.00035594565883403153,0.012458154039358333,0.001611138462907556,-0.0014466337689894183,-0.0013568559531446798,0.0005403063256622694,-0.00424125422129129,-0.0049299967991964,-0.003725864181746577,0.007193169233851137
2017-09-14,0.003376015967877158,0.0048205376686663625,-0.0020140342215070346,0.004764918693382119,-0.0034007838081638706,-0.0019814212132256274,0.006958356124990299,0.008385056028174187,0.0013239618465813946,-0.005417818743140885
2017-09-15,3.584355837151371e-05,0.002356701405484198,0.0029514392779214954,0.00413020898941174,0.0040768991335883315,0.0017403948635204291,0.0035158842942424754,0.0014073647650206568,-0.0032038952331542177,-0.0028076981028595147
2017-09-18,0.005513221111994314,0.00424377360572162,0.011639592836446975,0.005604637457350868,0.0008509769043666665,0.0014473685024621768,-0.005765655672985638,-0.010280672494017158,-0.00024165302731490092,-0.00346458702272149
2017-09-19,0.005130816027744362,0.0040751182325136515,0.007553258964339362,0.0010029270655549124,0.004412699249978137,-0.003078861849899641,-0.010093551646776564,-0.002032076485002355,-0.007902990524510014,-0.0008958381997534983
2017-09-20,0.003522638711819899,0.006754930168934638,0.00592317075656179,0.007274895081826959,-0.004072525259804698,-0.00965975928128957,-0.002770097666446916,-0.007424433756245207,0.0009758579636516083,0.0033559805307682568
2017-09-21,-0.0021122852240614705,0.00029939204956760387,0.0023590924660282834,0.002979715745316125,-0.005456293440324608,-0.009569538837711047,-0.001542492095266921,-0.00018595396763132935,-0.005135368663887849,-0.0016768142132025413
2017-09-22,-0.003530420724718694,0.005072330427566171,-0.0011788505685175652,0.0025474303181125422,0.0005127985035203134,-0.0029631703516922003,-0.008682329328676134,-0.008232054533702295,0.0,0.0016768142132026008
2017-09-25,0.0017668881965619296,0.014331508574979565,-0.001180241897510714,0.0,-0.011860693811843785,0.007206928989025072,0.003730052298788253,0.00916352255718604,-0.0029463031386862243,-0.0021242358918527014
2017-09-26,-0.004422766848552517,-0.00044048911317415507,-0.0003938413496553673,0.0,0.0036245514904638385,0.0023908722301062956,0.0009305796283365331,-0.0018636183439252696,-0.0015997584920733109,0.00011222196440470122
2017-09-27,0.0,0.004247073946481247,0.012135522996656888,0.001130229082716386,0.010114109734945928,-0.007744724479734114,-0.008404649623982604,-0.013518606426551692,-0.00036909648734506265,0.005468379445900289
2017-09-28,0.007067259346739839,0.0008762533595187075,0.0015550240961566565,-0.0005646125026182073,0.0011933136396594284,0.0,0.007163815775648858,0.0035851494473607137,0.0008620610732102521,-0.0012252550978656103
2017-09-29,0.0,-0.00014572229898477188,0.0046511358411105135,0.0029619533313811636,0.006791250439318352,-0.0007407476152974158,0.000620727685055931,-0.0007537058539080294,0.0058905555950125995,0.003781675587348724
2017-10-02,0.010856284264705647,-0.00029230840328395974,0.008471428613536528,0.006877625004049275,0.0015218187538218104,-0.0018545401792718946,-0.003729208886200287,0.0016953452384214408,0.01010366091487225,0.0018854883777777811
2017-10-03,0.004171056152728077,-0.0010230319955728303,0.003445102984767395,0.004326924046880408,0.0023623846598152223,0.0011129767617247541,-0.00031131687764670565,-0.0028269231373967973,-0.00024184747692647247,0.004201094895536808
2017-10-04,0.00034652277305488317,-0.0007311723455162581,-0.004596084537700315,-0.000278421814158843,-0.0006746376859129295,0.0031464136679392376,0.008682329328676167,0.009952109060547797,0.004834047118594657,0.00517311392132563
2017-10-05,0.006049900405445681,0.0045260148743425845,0.010311621673494678,0.0023652205669716,0.00956804146357795,0.004425909829738717,0.0030824520498674156,-0.0009345774147948997,0.0007234618472910658,0.005582524248879453
2017-10-06,-0.0022427706705233073,-0.00848486559027388,0.0011390107523614594,-0.00013829849025573105,0.0015021657271308902,-0.009984939688696081,-0.002773904491281316,-0.0007486275667167617,-0.0013265343061674977,0.0011999883005204305
2017-10-09,-0.00017254890782097984,0.0020546223070759986,-0.003802384398850159,-0.0027842440620497616,0.002498928112501061,-0.0027915487164584247,0.0021581893954881397,0.0013094041963743464,-0.006292838657727317,-0.0031668569741094598
2017-10-10,0.0006904077412005089,0.000879319079257695,0.004561146365900538,0.0015316433669964984,0.0009977426040656658,0.008720751436545276,0.0015386947842276355,0.009672587056272788,0.0023037114749355596,-0.0009848415913054074
2017-10-11,0.0005178250791083695,0.0023408910134364207,-0.0018977727194119398,-0.0005567790879316962,0.0033190497315462664,0.002029792001491545,0.005519748605563583,0.00424862551134611,0.0019364032429727905,0.0005474050891165229
2017-10-12,0.0018961413174113076,-0.0036599589104409115,-0.007627741444796877,0.005277720148189971,-0.0024878060638120142,0.004231619752080023,0.007009356840703427,0.005148185148812994,-0.0010886388414732165,-0.0066972589538313145
2017-10-13,0.004810210821274181,-0.0005871150360403073,0.00038249346504108173,-0.00180206989826493,0.0048045213629886825,0.0018341189517413578,0.0027290881947424454,-0.006993304268272987,-0.002544597568970696,0.004835493718725579
2017-10-16,-0.0006857468866436286,0.0021991442899115844,0.006485214481945081,0.0011093268588926735,0.0036299678218010187,0.00036643802404366524,-0.004857483970821072,-0.0022183876303748405,-0.004377702258562493,0.0013143601459892637
2017-10-17,-0.002576000068935742,0.0005857455210304171,-0.004955503637983755,-0.002637298835576887,0.0,-0.0036705249181033656,0.0,0.005905319496085078,0.013315814587813474,0.0005474050891165229
2017-10-18,-0.002409836773855754,-0.007049755444571269,0.005335635162617341,0.0004171682711726884,0.002467141170444041,-0.0012877099860020154,-0.001827453405195356,-0.0018418127462502625,0.001441730902189549,-0.0027393903957318184
2017-10-19,0.003784705379327575,-0.003099904464323927,0.0007598298237907398,0.002774485479686137,-0.0029613553514368945,-0.005352952495410192,-0.0006100491574588023,0.010452361893431515,0.006105323448610972,0.0
2017-10-20,0.008548477716665578,0.0019201790116570485,0.011704548122435958,0.010748706066730495,0.006732893859929344,-0.002409125752331367,-0.001526248114097415,0.0007294703700869565,0.0010736809665554193,0.0024107111717209598
2017-10-23,-0.001874570355838868,-0.005177817226296885,-0.0007509007354998176,-0.006324956030321677,-0.004757705619851072,-0.0007423975348295185,-0.0036732762424061885,0.0005465719435643228,-0.00250663016052469,-0.006809331718090833
2017-10-24,0.005612817996338522,0.0019262762561197742,0.007111937904932029,0.005639224676730465,0.002791697530129421,-0.0035338899314132388,-0.0064605669307464635,0.0009104110091884047,-0.006715581663091761,0.0024217810198808223
2017-10-25,-0.005271718529655121,-0.006982094015776321,-0.005985588008958548,-0.009924586589048958,-0.005426400604850152,-0.0027987519892720665,-0.0024721516543042064,-0.004378062639974801,-0.001445000148309637,-0.0038554080294786615
2017-10-26,0.01321156317600764,0.0020848319907954987,0.005612797748965606,0.0013844137957600311,0.004113555220396848,0.0007472015554979159,-0.005584906976603583,0.00018281767518330173,-0.010051368074686016,0.003525539316967726
2017-10-27,-0.005229841858511015,0.0017836504619531993,-0.0007466668529750299,0.0004153893777457505,0.026573387230975992,-0.008625312023949384,0.0015543232350158237,0.0061956352922184835,-0.00024356109596400762,0.016036951061848843
2017-10-30,-0.004747412291642158,0.005183952765770401,-0.004115907165337384,-0.006938176774554152,0.0022360497724705566,-0.008511176683438022,0.00619418783730595,0.0001814741214907488,-0.010770859567753007,-0.004555532725343099
2017-10-31,0.002715522304176475,0.0032449076898441007,-0.002628207058863663,-0.004045874106989347,0.00429826116291181,0.008322697851098383,0.0033900501357632187,0.0010891496176014695,-0.0018479876399041908,0.00010838269914613935
2017-11-01,0.004903300883458181,0.01127472905870915,0.0015025341677368555,-0.000559516966604823,0.0001589601950412572,0.0031968880049130367,-0.0009233131816890924,-0.005639918157064255,0.002462936573344977,0.000325888169738871
2017-11-02,-0.007279171608739231,-0.0029162408878075008,0.009340699249258438,0.005718790821664801,0.000476333827699652,-0.002443907738588309,0.008586401527702677,0.0036420704980460617,-0.004561190934263917,-0.0075265126450663735
2017-11-03,-0.0005096745193233233,0.0029162408878076283,-0.004099119192794191,-0.0009741953082732233,0.007906458472439606,0.00018842721269564196,0.0,0.0036292155094411736,0.008243719601891672,0.004042896464024713
2017-11-06,-0.0042585276900138505,0.0226018618096594,-0.0011206279634619093,0.0005568079977820097,0.002202628605864007,-0.010784561136265542,0.01515176765998038,-0.0038108546260422526,-0.003067632937716893,0.007279881801070209
2017-11-07,0.0010234362523069845,-0.0012813980912074832,-0.01392853260527426,0.0015294875596925485,0.00047138458243210627,0.011160407075973714,0.009280334344232217,0.0119285486293117,0.0020870009069951616,-0.005971764723941659
2017-11-08,0.0010228525638090837,-0.004857967595483366,-0.00494026910726627,-0.001668553184850168,0.005482958089983724,0.010851561761081721,0.007421564988755194,0.0007183759295304689,0.002327634878520644,0.001088341151383847
2017-11-09,-0.008554252058833065,0.003003338701816762,-0.0034342434394096736,-0.012603471458098599,-0.007999297654577717,-0.00018641254291823256,0.0,0.0012561635160209094,0.0001228448674533857,0.0015220504950071397
2017-11-10,-0.0015475543612658222,-0.0052976513907704035,-0.0030630230346634178,0.0014085175366292623,0.0,0.010184472509324131,0.0,-0.004673122180105576,-0.006506175689047438,0.00336137307755085
2017-11-13,0.005149176416927776,-0.005758759204895043,0.0015328986757648787,-0.003383519705407617,-0.00031530675344089545,0.005695066761936203,0.0029534070387394326,0.011819777896803408,0.0009847236393543768,0.003350559181000716
2017-11-14,-0.009115100344913718,-0.016303270123942813,-0.00038306877667962824,-0.0026865208239131755,-0.0020499232536471726,0.003474174121768171,-0.0008849790122210717,0.012385116889000994,-0.004068304215143837,0.0008630486493912705
2017-11-15,-0.006065469871118181,-0.011364347981967528,0.0026774637909995,-0.005679231636373168,-0.007446701798132699,-0.01064391607777481,-0.0074063997783743105,-0.008653493469820367,-0.002845211865287884,-0.00432163438277763
2017-11-16,0.01209390511281982,-0.004016046916227645,0.00038187363372583024,0.009353958682870396,0.01389773353327757,0.013742855560714267,0.0038578778231711324,-0.00319770642103983,0.01035243257655728,0.008301794234474856
2017-11-17,0.0013733725308082293,0.0049060810395889776,-0.0011461442891473395,-0.005516948101116488,-0.006451031735144881,-0.0034638437193259372,-0.0059414710600702225,-0.006963792179864111,-0.00393148231171116,0.004393366133219487
2017-11-20,0.0013707912873884617,-0.0023754040827321634,0.004576716292214807,0.0045287418785325715,0.0037810871290472224,-0.0010963012695914937,-0.002387054909225932,-0.003050925795451749,-0.004193314145533539,0.0019226325782572419
2017-11-21,0.005295131288186262,0.0022273096287451165,0.0030393220059042243,0.007175982214751119,0.010481357865253236,0.003285392127616061,0.005362203067565314,0.002692197214759535,0.008737484295559516,0.006169498376390998
2017-11-22,-0.00272949707383942,0.00399661745886289,-0.004943770681888273,0.0011206114882579498,-0.0018691740994288082,-0.0012764674155856244,-0.003273483857320057,0.0,-0.00036761083486582387,0.000953942820492159
2017-11-24,0.005111758888165003,0.002802893094875455,-0.0003813766118868714,0.0,0.00559700907779228,-0.0007297169349535503,0.00357046710789539,0.0016122391346791451,0.002326317783479319,0.002539582689127371
2017-11-27,-0.005966213319279895,-0.010216723055153634,-0.0007628478609035608,0.001679059004456704,0.0,0.000547293865252547,-0.002974339148820334,0.004285720781843949,0.000855951295227096,0.0007395640008708302
2017-11-28,0.011051974963834083,0.0077093820730685545,0.025622984913340086,0.015123506346142465,0.003250598926887145,0.008178005729508433,-0.002385963697325523,0.004622267265072994,0.00730443044202294,0.011026332068724888
2017-11-29,0.0015206984681933968,0.005449563001263995,0.016967977613459098,0.008774158322930707,-0.022346421708882173,0.005235320604894401,-0.002391746244465981,0.0005321942696594776,0.004961188566104462,0.004272887387805504
2017-11-30,0.005555660659949929,0.01487129864712579,0.006562417083543038,0.016918553883255583,0.008810568142682872,0.009140709705790147,0.0011964361477319319,0.003362091970314691,0.007455548408294409,0.005082405030381784
2017-12-01,-0.008260853171566794,0.008358444236758175,0.0021779641282643476,-0.01242430158583998,-0.005182603855360857,0.002494764069303314,0.0017921262676352174,-0.0033620919703147146,-0.002039079476348034,-0.000413891813595179
2017-12-04,0.01027373414411383,-0.00043039102167698255,0.015113719028325605,0.008389938653453147,-0.016190659858078004,0.009387782393957133,-0.013217175110881583,-0.005689139875657272,-0.012320323185019131,0.011526400099225032
2017-12-05,-0.005039476776019306,-0.0043170513390298326,-0.0053716816834285,-0.008525693850931467,0.0003197037934434296,-0.0015880594826483065,-0.00393868434344571,-0.012739006385711755,-0.001703041032210851,-0.005746337045280478
2017-12-06,-0.005911642983037406,-0.01306235438881319,-0.003597299650731742,0.0014937296632951034,0.00637870654807561,0.006337162171658743,0.0015166023861981732,0.003784754858474679,-0.0008522874661615436,-0.006504657425659796
2017-12-07,0.00675337216396537,0.002917836742296803,0.0032380307630681844,0.009185926208666737,0.006180457246884542,-0.009697650025577832,0.003932573628954065,0.001797186470947726,0.00024333962509932126,0.0025861880875475037
2017-12-08,0.0,0.00913485831343109,0.0060879268474787265,0.004293347187036817,0.004727818419212286,0.0026542310827031793,0.0024128934549660103,0.0032270330911383692,0.011145049917460821,0.004741228621992265
2017-12-11,0.0013452034542054108,0.0071912131992657655,-0.002502396044427259,-0.0020102854925511575,0.008610769796304407,-0.0001768540283071625,0.0024067033936656197,0.006067032180262694,0.004207492903666207,0.0021570487350059983
2017-12-12,0.0001682323996143389,-0.0027267064812047906,0.009971436456821399,0.0010729700980660329,-0.00031185268463996884,0.00017685402830713124,0.004497149363765234,-0.017226157441526394,0.00395091858253142,0.00041053774176308427
2017-12-13,0.002684311741271616,-0.0014380300595398833,-0.01247986908022717,0.003878482376445462,0.0003118526846399718,0.005638580384639882,-0.0002994199673411737,0.0027110841970073244,0.003459186040218596,0.0008198907821067739
2017-12-14,-0.0111204420172171,-0.0036037924661355848,-0.006479574844328418,-0.00683145102586792,-0.0012480594330728104,-0.004402408092919155,0.0008972309264841735,-0.0012642880820801017,-0.01017305151680036,0.0030696756835721464
2017-12-15,0.005907761703357005,-0.0009018329583319378,0.00895746153862042,0.007029668189594099,0.01134039061563692,0.011279847051771133,0.0031689166032562873,0.003660117528495536,0.010942360982913058,0.00431667879497408
2017-12-18,0.01461856541810198,0.0076827995551399025,0.008949771584158498,0.007086651306547184,0.008790477895595478,-0.0005277377353884571,0.0033087581020124464,-0.011149094525683193,0.0003582988762184794,0.008942461204585705
2017-12-19,-0.0011687931417077742,0.0014426514873487827,-0.0042859431854334485,0.0002670722630851274,-0.006160390491188708,0.0012305648658412088,-0.019100290797828438,-0.018362796772997556,-0.0011947243014302994,-0.0013160646330513735
2017-12-20,0.00033423071029441625,0.014032931802320597,-0.0017911454654001135,0.0033245436151066437,-0.00030918725481511914,-0.0017583299521195315,-0.010771077610861443,-0.007893039053792175,-0.0032335032388393792,-0.0019265097767002751
2017-12-21,0.0034996970804443456,0.0209639942983187,0.008568388805079692,0.0007960392265210114,-0.0020109945799660113,-0.0007042321086023693,-0.003409257457462649,-0.011957945423785204,-0.0022813840285884485,0.006474501939075747
2017-12-22,0.0038189116677019527,0.0020864759152683186,-0.002847900419979599,0.00026520565365536103,-0.0006193307910566083,0.0015839927853861584,0.006498697757343741,0.0015262602602975225,-0.0032510966221361718,-0.0019175926461775768
2017-12-26,-0.0008288675171914618,0.008715683649074466,-0.0028559544106706086,0.0010607004765725593,-0.006685126020230867,0.002283160888115167,0.005230026242945613,-0.005927776977073486,0.00024118477695142664,0.002220196708810348
2017-12-27,0.0013260524473115206,-0.003311237937098897,0.0010718394304491256,0.0023817463835623257,0.0010913083936191896,-0.00017528862226728182,0.003981052021886428,0.004210593897076024,0.0016865610456625497,-0.0020182023370165663
2017-12-28,0.004462387128840084,0.0015191495144953953,0.003920780467408863,0.001980734269005298,0.0017124371162743983,-0.001580571160019901,0.005789840529899831,0.005523048948627637,0.0014432427197888272,0.002723728453248624
2017-12-29,-0.0018156946776956922,-0.0029018988410977175,-0.007140070994996246,-0.001848671303972109,-0.005302544360210907,-0.00017568036658982677,0.0009112693940203254,0.0005696936473539734,-0.006149120807263283,-0.005859695875976011
2018-01-02,0.014107847051003325,0.01633389887099777,0.00035798934018184354,0.005929230160028731,0.012277580265588069,-0.0061711161378886804,-0.005784781924727589,-0.009344683242994362,0.01118538887718289,0.015084379263334611
2018-01-03,0.006980091298469449,0.014865059989892404,0.0053581718541969615,0.005371907765252779,0.008306732165173272,-0.0003540503629627125,0.00030520499128439685,-0.007887379944308322,0.009522607179159023,0.004581036447731567
2018-01-04,0.008697060422463695,0.0060180672164998434,0.009219731071913454,0.0072905636055468955,0.005042400511651355,0.0028268838685339905,-0.017241726327294538,-0.008339210834222083,0.0014206591490779261,0.0032728632982182496
2018-01-05,0.00798604251900484,-0.00040011355225083904,0.002820107272262918,0.006851773076264143,0.010461896104692574,0.004401069810701277,0.002171679734483364,-0.000389373020464145,0.00848193319721263,0.007891457357581833
2018-01-08,0.001430733264343829,0.005984597754546668,-0.001409020214991272,0.004114036556515799,0.0037633708612027903,0.0024558311582469714,0.006794161744581655,0.009307751266433758,-0.0036434358904941515,0.0011784548441570273
2018-01-09,-0.0015900370976147137,-0.002522470965299752,0.007724962445577344,0.006394977844439526,-0.002557695029572073,-0.0014023668100214236,-0.011453438021277674,-0.009892239790590038,0.011704415175642545,0.00196057909785694
2018-01-10,-0.006064352192261785,-0.001196858090423303,0.008359549543833179,-0.0001273990129864254,-0.0034709153072497185,-0.004925298005420896,-0.015688989398429772,-0.010976068418499404,-0.001746947666524653,-0.0006858019565193863
2018-01-11,0.013040856610421661,0.020287711370990707,0.004844126768516468,0.012669612938069013,0.004073270774317207,-0.0014118632772627236,-0.006345203206634638,-0.003751712551473179,0.00430358226645157,0.016138951272932432
2018-01-12,0.0015787783540230683,0.009604324492843869,0.00893480939165125,0.00927303408467758,0.005854524003670618,0.00035319475015389796,-0.007347058785659027,-0.005753449101638247,0.007630715862352772,0.012840097552756936
2018-01-16,-0.011742602299661783,-0.012738959100629674,-0.00274088511629617,-0.009021790485474895,-0.0038991844411660932,0.0045790448809293165,0.004797709318419722,-0.002191000778347822,0.0049410214192428786,-0.0071663340571263305
2018-01-17,0.004618352133132149,0.008727016074633541,0.007518956744000495,0.005523079107677417,0.014914840332554264,0.011356834381382732,0.005727063552099127,0.00616237237667737,0.009581300443387912,0.004783494218145069
2018-01-18,-0.0006356980296327885,-0.008203822996629567,-0.0013627810252137644,-0.005397315507336588,0.0017746036117895984,-0.0029577551318992483,-0.009563677801062636,-0.006361649074904765,0.00022680482675771396,-0.0008594698084072666
2018-01-19,0.00602309076803836,-0.0013085675368503416,0.007134291073504987,0.0028908458898151148,0.001919133146967412,0.011089986313615892,0.0070221068953118596,-0.002996200551903621,0.0037383432839476786,0.008654635034396046
2018-01-22,-0.0023730481058896217,0.021372652498306343,0.008091869479199288,0.0,0.009687658620327153,0.007553755583420642,0.009496993412291132,0.001399271731409933,0.006536595137572581,0.01101870227191099
2018-01-23,-0.0001584797308918378,-0.00153911261600567,0.001006876516032817,0.000501774778976671,0.004372515062789098,-0.0032546883069543074,0.015319771636233074,0.009542662230976912,-0.0048416510923405785,0.0083940877338106
2018-01-24,0.004268385264905584,-0.002699422962989431,0.006686725841923284,-0.0008783536878464022,-0.007737978324988624,0.0020566016322108582,-0.0027962752338958827,-0.006152883627477425,0.0029304302332121127,0.004263079733097899
2018-01-25,0.006603840913146016,-0.007881574888983136,-0.002001252705455782,0.0010038954579127497,-0.0017599651058294587,0.0005136531295443811,-0.00218023848854285,0.01540965908295746,0.008517647083884613,-0.0017584784469342415
2018-01-26,0.004378432779447347,0.0054335633855831416,0.0073187737407650775,0.01147141685594844,0.015732024702663824,0.004780577892858881,0.0028022916861690024,0.000588004170181411,0.021308773826336155,0.009772260302714504
2018-01-29,-0.011455766390910182,-0.015209698654081784,-0.003985598846905775,-0.006717612743944425,-0.009147026253119138,-0.003925210868936892,-0.011571488803441509,-0.01281723222131362,-0.002734844398826561,-0.002756140382638179
2018-01-30,-0.007286455497845797,-0.020379353102707748,-0.013063349687828418,-0.007893998728331453,-0.009084281047624335,-0.0066915112420668724,-0.004097675341610564,0.001784747090953644,-0.021255960569897956,-0.004980185035860293
2018-01-31,0.0007947025215941441,0.000668063684107171,0.002693594211462927,0.0030146528462610123,0.007478340818691327,-0.004658347033568074,0.020322659051078495,0.011032485130360061,-0.014312729487212896,-0.0032411788129085572
2018-02-01,-0.013755887439164342,0.010234749563040952,0.009370850210014997,-0.001757809954596081,0.0008764516488748179,-0.004333343647868536,-0.018429490085590958,-0.01579805455638747,0.0003405474983433721,-0.011193006384333614
2018-02-02,-0.0266030277181505,-0.04268586077004615,-0.022230614920491932,-0.020307612253631153,-0.030078368096050724,-0.019292007347954995,-0.011414033407551014,-0.007191605599971098,-0.014169971599211436,-0.009613781664616601
2018-02-05,-0.03895586958966461,-0.0428599613599728,-0.051723660237482004,-0.04645272233200844,-0.04271680091515472,-0.036977883553291443,-0.02616859103249418,-0.016575824930532064,-0.04532095837847845,-0.034296733526939724
2018-02-06,0.03215137468488664,0.00789168259545249,0.018127789724968445,0.018102485042741916,0.02832305680254757,0.010965126103822309,-0.0019659919013907817,-0.014991721029584059,0.01101860172205178,0.025258936571913956
2018-02-07,-0.009033135237041575,-0.016862754121646478,0.0007039870632144952,0.0018445675637943641,-0.012900961959938922,-0.004371719860456802,-0.004602429146941721,-0.004770533137852231,-0.001192114540675701,-0.0030625629115429882
2018-02-08,-0.035751470564802754,-0.03069898328534498,-0.04499604456076483,-0.039341776372138294,-0.04231100675839533,-0.021776039767771666,-0.03180161598555499,-0.011289858675768105,-0.03531708826248508,-0.04069408155488843
2018-02-09,0.017265507835772728,-0.0007498257237062446,0.018964839210336124,0.01076100427776914,0.024216500307640866,0.002050243918435929,0.023198248706450233,0.020808173153359175,0.014106633096099075,0.006666770530391367
2018-02-12,0.019997175740832384,0.016217035887283883,0.013991367006252253,0.015994215019417654,0.017785255798913147,0.010187935370011449,0.002654947522166943,0.007590416024773978,0.00933486635215912,0.013495791333921732
2018-02-13,-0.0025197565615147793,-0.004140736689026173,0.0042658985221412215,0.0022638141144364766,0.002471012740618624,0.004596820379699357,0.007265609687543863,0.0044859053066053246,0.0007241522978852625,0.005172333671287129
2018-02-14,0.01336692056233788,0.014418380206220006,0.023489314596857363,0.01255873425277703,0.018189084524192878,-0.0005505145239960541,-0.006271537751644017,-0.011253332142766147,0.011270879277305777,0.015838137284290114
2018-02-15,0.0074411470019133084,-0.00248633891761045,0.005528672812645019,0.014994647926259904,0.018905388330056276,0.01638492613488105,0.009228763050516729,0.02197903278498403,0.011027555967985088,0.00887096435110099
2018-02-16,-0.0036310179468308115,-0.002492216706720512,-0.0013791513863483575,0.0002587196973674304,-0.0014871130038421906,0.003964635656077452,0.0065401683323287095,0.008817723936403682,0.007167511992474074,-0.0048545504102008455
2018-02-20,-0.004474143800430144,-0.0054466908271044575,-0.003110564305160393,-0.010142978223110728,0.0008923979119581593,-0.02292246921194091,-0.010155440479420269,-0.013053849246848688,-0.011066634443793718,-0.0030585665831681257
2018-02-21,-0.003494174204411777,-0.01696978689694919,0.0013838303855481244,0.00026151836473598835,-0.006415578454475137,-0.012033954089212527,-0.018611701916623962,-0.013226002184273413,-0.004151996864685955,-0.001436798622733869
2018-02-22,0.006644529792441892,0.010899796959802652,-0.00833061025499759,0.006641675538600793,0.0011970960476523629,0.0026044583010415173,0.011341375530949188,0.0051077082952875235,-0.001546846083483924,0.0012455397533509816
2018-02-23,0.014627424767531871,0.02144936599315581,0.014876381673692925,0.008273234599535668,0.020713526174506485,0.009613419523049055,0.018077494624292124,0.025750552567032646,0.015828732947360504,0.013880993802703648
2018-02-26,0.004396064670478088,0.005941324947872329,0.014996892333735311,0.013680452848612877,0.015547032208625137,0.006236497195804537,0.0035768075785461723,-0.0029834891791801254,0.012577124633791388,0.008368159340439189
2018-02-27,-0.01390418255646359,-0.013088783897190455,-0.009517447070794268,-0.012651094622350485,-0.010143590237624203,-0.013252753151545872,-0.02165430220283841,-0.016064541492737835,-0.010470297586432155,-0.02138810461048034
2018-02-28,-0.017949455236414343,-0.023251947068781684,-0.01410164242776904,-0.014377507627203263,-0.007162101871287286,-0.01043053126021337,-0.0013277651014644463,-0.006906184979436073,-0.016150789437266572,-0.0045061407263505575
2018-03-01,-0.010282633316830847,-0.0014995194582259602,-0.01747075675036515,-0.019763653234588275,-0.016715399531111026,-0.0022489626498939006,-0.004994103329644827,0.00020366308432122655,-0.016054300056472428,-0.010820555131819003
2018-03-02,-0.001016921078723492,0.004641055814365088,0.0024642684309416243,-0.000265854708993576,0.009501631697275857,0.008408808271367805,-0.003343284336845959,-0.002652780516200307,0.010093858765830886,0.0009710528410339847
2018-03-05,0.013142401859406199,0.010549246720208308,0.01396681099783689,0.01190798699764214,0.010143232357065917,0.008707608846573922,0.013967610478558733,0.020227223155161456,0.00904551307508531,0.011865395839314275
2018-03-06,0.010987300891016061,0.0005910659811984368,0.004152393384732322,0.0044617287895781475,0.0021915858948996867,0.0007377817417104617,0.00395506618599883,-0.013507157734287874,-0.001422744745344903,0.006880686597312778
2018-03-07,-0.0036487871403181778,-0.007561658607367632,-0.0017282360694004294,-0.000130737627272987,0.005530548096791779,-0.009073294035120293,0.004267151726646078,-0.007537840051244781,0.0050890341111230405,-0.00678454029012002
2018-03-08,0.0008303070772555079,-0.00029789452453986856,0.0031085700068037366,0.00522489743605017,0.004344951281267226,0.009073294035120319,0.007830404459735096,0.007334903349737119,0.006706291483330869,0.0031588115682082926
2018-03-09,0.017935385344466207,0.018876727923437985,0.023851121593572513,0.02177771720986296,0.018753703201392965,0.0064309510706647985,0.006478646671883712,0.0028381736919492174,0.014319983579570173,0.015366270919556144
2018-03-12,-0.002449065648402569,-0.00029209222912415865,-0.0033726712902717873,-0.0124419196822591,0.0031147525576584005,-0.0018331110228138085,0.0048318710260459264,0.00424201456728892,-0.00428623535905535,0.0032887648580263084
2018-03-13,-0.004095300009037253,-0.007186084564565733,-0.01121136881547984,-0.004916407832503719,-0.011518280601702851,-0.000734308684894383,0.0032079762827503127,0.0022148231304892894,0.0012764207330644625,-0.007061001938807081
2018-03-14,-0.012387575744181723,-0.005905199848148302,-0.011338259025844854,-0.010954903157725935,-0.0008579416398500555,-0.010150329211815799,0.0019201470744652333,0.010204799156537325,-0.00488153287403317,-0.0012291722774291842
2018-03-15,-0.013216778573996195,-0.005195456757059911,0.00034525040703046366,0.0028806327970869253,0.0005718851757462258,-0.007073988699498927,0.0,-0.0005970953615777269,-0.001632487438353325,-0.001041159992613272
2018-03-16,-6.743772490885676e-05,0.008878883437636544,0.0008664524160129671,0.005328905428406473,-0.0010333938081654754,0.00035684590209922844,0.005227860190627353,0.008734592974131001,-1.0236330774014164e-07,-0.001045298580012405
2018-03-19,-0.014474432723139457,-0.015571517939046351,-0.0073007101400243335,-0.007734026003810143,-0.02002403409299401,-0.009813195083489538,-0.009966207504147662,-0.00618839280653667,-0.016293030981581164,-0.012532594049724363
2018-03-20,-0.0010294183671620831,0.008414762199218741,0.0024394197797160382,0.0034153578035805397,-0.0004397039236719091,-0.0028488494549863074,-0.0003231058131768971,-0.004615750185242791,0.0014272037898981872,0.005950686810458791
2018-03-21,0.01126840142487293,0.02584886496954682,-0.0003478702610496564,0.0011797422596192928,-0.006029433626896322,-0.012439091154877423,-0.009090914876163038,-0.0034257833085588386,-0.004288049704133542,-0.0007656223574304104
2018-03-22,-0.03033683446056881,-0.02062533025067492,-0.037606383545955455,-0.03356711390103619,-0.026154585619344844,-0.008314611832247935,-0.0035942236750163004,0.004430725385528149,-0.029191044579368174,-0.021491799379413506
2018-03-23,-0.01979541521420092,-0.0061215288991061404,-0.03083962392979864,-0.014738203414883872,-0.02701199210083409,-0.01250532389608143,-0.01583663646952389,-0.014167330857320326,-0.020990962490659345,-0.019865036984620575
2018-03-26,0.02032055812044572,0.017812567583689716,0.03192347189326626,0.023907220022839244,0.03725597974630101,0.014251184716157201,0.013542778037975673,0.010341840041427897,0.020498902839319953,0.029118622695906673
2018-03-27,-0.01019715057006094,-0.009460397170255,-0.01969432954365561,-0.013921589861868554,-0.03259972896050178,-0.0005815538038523093,0.0016389953499656835,0.014221474975545826,-0.011875478667804343,-0.019779272160305943
2018-03-28,-0.01280487102541437,-0.019648576429872222,0.0018400319111928675,-0.0034087647150407153,-0.006680686383417717,0.013676550971964888,0.0181764654229882,-0.0003978159216895097,0.005336811006415689,-0.012238427158118997
2018-03-29,0.018970778250144184,0.02083561137763548,0.013511275492665635,0.01450786579551959,0.019603877015379405,0.00686342349501245,-0.0003215701272173624,0.00535779040988541,0.007522008056252302,0.013918039020979702
2018-04-02,-0.02201803672631788,-0.02022989539327273,-0.022374107681169892,-0.020809864838080682,-0.024134858081627516,-0.024816143453990577,-0.012302058840003693,-0.0077480150879121745,-0.022989403352150137,-0.028641991126827925
2018-04-03,0.0140835382526961,0.02111960816672393,0.013630902398463053,0.013785458067508052,0.009817143945669002,0.013158255101140319,0.0035767748248084893,0.003384760472668589,0.01509590442888866,0.012619110967541784
2018-04-04,0.006528498592536499,-0.0013347859998318716,0.01055515095476804,0.004328738362533681,0.013858993170594741,0.015451102437533523,0.011616581613432991,0.002183861090762378,0.014139411356429108,0.01819278861766414
2018-04-05,0.018470706000895343,0.017798458121794362,0.007933403484961691,0.010071855356115916,0.0041207447517237795,0.002457328199542199,0.0009621782769941413,0.00790202576380009,-0.0007328481704920478,0.01330869690369687
2018-04-06,-0.024645077212917137,-0.018243889962650212,-0.024360090283262453,-0.028048916843239662,-0.024825908010761878,-0.010248787555934022,-0.01030944273651058,-0.007902025763800159,-0.024362929920752372,-0.021519055331438334
2018-04-09,0.00547051080562078,0.004740302859759943,0.0055055985446461906,-0.00302757881500977,0.0077760684682604215,-0.0005724334874005056,-0.0003237573370693705,0.0019811010146079376,0.009841173735161442,-0.002386373204507282
2018-04-10,0.020382237206075883,0.0325655410843159,0.014895817564704754,0.015184133979835096,0.024333712848415536,0.002287950765321449,-0.006826084340824266,-0.007749557582711225,0.016718478350710424,0.012072993143715398
2018-04-11,-0.007442527489429634,0.01038785670171581,-0.011972061810291054,-0.007357776574053609,-0.005914307243208706,-0.0019061415187044538,0.002605801847999412,-0.0013971220387988552,-0.008201067171319335,-0.0030539096414871764
2018-04-12,0.01054158368563193,-0.00014142514115130224,0.017366536670072555,0.01425751657567982,0.011943407890590743,-0.0015272079650827627,-0.01178020255076854,-0.013271754872805278,0.0067371931766918285,0.004331991093922081
2018-04-13,-0.0010318747539034313,0.010982654780194038,-0.015179154271299315,-0.0024299157667786184,-0.003311245179828564,0.0049555969824517,0.005252594422357317,0.007863426576300622,-0.0004884345918181693,-0.005615462043059449
2018-04-16,0.013333627520053983,0.010171136585610042,0.004360624089918372,0.009951763107558112,0.007660624563942616,0.010780378551863168,0.004573812105856055,0.013564996612200756,0.007907864586140876,0.007480270175768129
2018-04-17,0.011312963848160124,0.0038733745068642465,0.0,0.00839509724600959,0.018384289319443598,0.0022549367680717632,0.01327537284094555,0.010054460585387868,0.00772558393092347,0.018459675287450232
2018-04-18,0.007193731793998283,0.015619032797981415,-0.004724990602962827,0.010297120138505424,-0.0026477083375005175,-0.007535896810530571,-0.00257650924143016,-0.0037338680326978466,0.0008417731777687514,0.0047057529603823905
2018-04-19,-0.011231491988629843,0.001222935298794287,0.015184883401702135,-0.0027620688927297654,-0.011108695170331324,-0.029360208201649,-0.016911134292315392,-0.0005912721582248383,-0.008446082111132187,-0.003166578024357356
2018-04-20,-0.0054090150034324744,-0.004763489431871254,0.0003586373826414401,-0.004355371849164661,-0.013949093883996322,-0.016889526172075186,-0.008894713958382932,-0.009103528422644,-0.005345909770737488,-0.010240625947863794
2018-04-23,-0.0028855934097065904,0.006120172103802435,-0.0010765375472102927,-0.001191412061115871,-0.0036310503492641543,-0.001189089836463259,0.001983589160288831,0.0005962878504365805,0.003890910971909176,0.0021337772151940534
2018-04-24,-0.027399033511675414,-0.010769385163270449,-0.006483998161447473,-0.02834108559497602,-0.017585932351542037,-0.0063659291870926775,0.0009903622885930657,0.006733066507825349,-0.007551939994380534,-0.015920256713387457
2018-04-25,0.005401088834047087,0.007918053620315807,-0.0007233319847629952,0.002856900473000811,0.0001543386256069937,0.0017946234921562031,-0.003304863544181607,0.0001973182347717446,0.004513556786844828,0.00412636200005858
2018-04-26,0.0062359383549776635,0.014445166093359269,0.0003618920268572437,-0.0036747101345726823,0.018037674711060492,0.005958080499536076,0.01282707376534442,0.010012812563739835,0.012578865987070968,0.016048553625029726
2018-04-27,-0.0025932144413271774,-0.010645023761983667,0.0014449766589946361,-0.0020469778784522456,-0.0018197213045938693,0.0053326574972787505,0.013309686580653596,0.010106841883095914,0.0040783126274658126,0.0045245923750367725
2018-04-30,-0.01307027434530663,-0.0001355520344029729,-0.009066521776775034,-0.01334207913463852,-0.006547240522616017,-0.006322880625933105,-0.0038769704923884243,-0.0029048426438684446,-0.01544063228821326,-0.0039459957162968125
2018-05-01,-0.000877035622458506,-0.006114960661700712,0.00036436651304432103,-0.00457986628531617,0.012448770385371651,-0.008759818379725458,0.007096551036761524,-0.0031082987104106355,-0.00048656851866879264,0.0013494721271843574
2018-05-02,-0.0022850991244510854,0.004080865709493895,-0.011353302975452067,-0.008801857680004464,-0.0010568391940228206,-0.01979057174261012,-0.00451044994574543,-0.0009730533578183026,-0.01383852998030452,-0.006860981593083915
2018-05-03,0.004564831277892304,-0.002310800850726002,-0.008507550934915831,0.00238258971643048,0.002263342577984443,-0.0010202163158006226,-0.0003228971272083801,-0.0013641926460728705,-0.009043502308704708,-0.004470629151973122
2018-05-04,0.012359676654898314,0.004886701099095594,0.012917936446638162,0.011552868911389375,0.018809449206663498,0.01439112843169239,0.01124133737917666,0.004475417416360187,0.007932742618406197,0.01306297952548097
2018-05-07,-0.0003462225228225024,0.001353157277493864,0.0065785509506854365,0.006620709172116531,0.00692638245980141,-0.00625810609403185,0.0019147599283348376,-0.0052559702721134555,-0.0014827186116354925,0.003359330278978093
2018-05-08,-0.0020786888777552916,0.007812611089771724,0.0068982730491910175,0.0071230397126957395,0.0022006166046756167,-0.004058291055217143,-0.007037927187595463,-0.025297857394627622,-0.0075703356084117525,-0.004224600346906021
2018-05-09,0.014291822491492915,0.02018931976091849,0.014724466216354452,0.010725851290983274,0.012234287297395981,0.001422189566887768,0.0076753400778257624,-0.007029925153619039,0.005714111089341086,0.0034581764015097533
2018-05-10,0.007155008650110192,0.007467184376348794,0.008166452876789255,0.006729450839835688,0.01294436573153958,0.005870898572618633,0.00919609245525467,0.01401165295092317,0.013289184235993012,0.0036368276558554646
2018-05-11,-0.0003393930580113466,0.001434609474982053,-0.0007078812909651072,0.0021441240620126345,-0.001430363435558301,0.0,-0.004746176741810971,0.0013901841028739308,0.014802578823743723,0.0020996757603145666
2018-05-14,0.0038981701978102233,0.006883704777109104,-0.0007079107390759944,-0.0017417138807212615,-0.00014271250978391408,-0.00040345527205951537,-0.007002088532008669,-0.0037785187352783207,0.006602343462072097,0.0019050349872351596
2018-05-15,-0.0030494847124730986,0.0002584926508824512,-0.0017720512404536233,-0.0033575935687197253,-0.009491135798612287,-0.0038441317147066448,-0.017072198184441285,-0.008403442968964402,-0.01300623269712123,-0.00582123480776476
2018-05-16,0.0118064330606854,0.0034878292082719704,0.0017720512404536665,0.0036256210519193957,0.004468860760404286,0.007069702399578359,-0.002602492391945427,-0.007866399942451528,0.0055602982173210865,0.008292101303226022
2018-05-17,0.0023444260943134587,0.014974502190186497,-0.002126665184154849,0.0038802123819865727,-0.005191564879676692,0.003416317325339647,-0.005225555979580347,-0.008133698133768649,0.00036164119762274017,-0.003327714531058609
2018-05-18,0.0013376689106143341,-0.007779243975536916,-0.008195393601583117,0.00585765734586776,-0.0042017637455595315,-0.0062384327381519965,0.000654894306511441,0.00020412578546134943,0.002527307741094122,-0.0012386703363856662
2018-05-21,0.005331511429524185,0.0101901796027283,0.0071300074533613865,0.015020261500249054,0.008674322651106844,0.004230477514533969,0.010092996314724536,0.005089948485341095,0.0009607114518428955,0.0055153531681471505
2018-05-22,-0.008342940845004324,-0.013395907081193158,0.0067269962168591095,-0.012368559897240606,-0.0014411091541580243,-0.001810775462854116,0.0012948053508422318,0.003649069009204874,-0.0019226622342458954,-0.004467437296049273
2018-05-23,-0.002348659457187669,-0.0001283792544219325,-0.0063718465569193835,-0.0009270819054549417,0.007325102676279316,0.0036180880120268836,0.008055471737648099,0.00906439532766031,0.0032429869061761677,0.00721355379734556
2018-05-24,-0.003533326749276167,-0.0165787369854037,-0.007843134599203423,0.004891093690145316,-0.001144986385076981,-0.0008032586414892041,-0.003858512865808584,0.008187617196969348,-0.003965373445089468,0.002172872892540034
2018-05-25,-0.005407948600240034,-0.026332811612305863,-0.0032263806035197073,-0.0018477938646708977,-0.0007164748046781376,0.00160549301772324,0.004820759171471478,0.004366047666121144,-0.0014456027824525548,0.0015086085080659006
2018-05-29,-0.017436658291119195,-0.003088743467908275,-0.03396347063445693,-0.016115384437383213,-0.005463641486524097,-0.002208051637820687,0.002561899050040485,0.0,-0.01030145364767545,-0.007756218145458163
2018-05-30,0.01165802755397049,0.0298131501749079,0.018038340656634344,0.01399916651736356,0.007325102676279316,0.013967114918716658,0.013026198764356968,0.008086176020119617,0.014872796930128385,0.009074502454789656
2018-05-31,-0.00838704428666388,-0.007600257690680346,-0.008426429726855202,-0.014536391772460818,0.0002860713462103429,-0.016179385669156904,-0.0031616399897908764,0.001570026080982872,-0.010981885958219282,-0.004810460046489035
2018-06-01,0.015181895612343465,0.004724167679444453,0.010977116274005822,0.010955261513294984,0.01688106179831951,0.0,0.004108099322266203,-0.015415396137309134,0.011461612739215019,0.007348150424201509
2018-06-04,0.005739233341495276,-0.008678308334626603,0.003269831134989555,-0.0014627927620187947,0.007986102518151735,0.008221958694601066,0.009728502938721129,-0.007998609104505719,0.0037118236879643426,0.011107159576931935
2018-06-05,0.007545910292157791,-0.0023799539143566917,-0.00436237094145106,0.0011970000964824435,0.003482989608184278,-0.004603870682574231,-0.005009282700905582,-0.005233531575532228,-0.002033543171287802,0.005831109189475521
2018-06-06,0.018373503333235845,0.004754470638734652,0.018051341326555507,0.008338430116973774,0.0065147398128217815,0.0012031577766797282,0.002821160624463457,-0.024102014635351283,0.011194526039066628,0.009277799246728
2018-06-07,-0.005097497788178585,0.015037724377205491,0.0032148553369473285,0.004208715621805788,-0.008045678240396014,0.006193185753416376,0.0,0.00700413442625103,0.001301887734625071,0.002921580379999662
2018-06-08,0.002798440657297573,-0.0019490382213316214,0.0014255665370657977,0.0032761030828659943,-0.0016725098496505632,0.012272572245005501,0.0034366877539189324,-0.0004103385421023829,0.005778768415141439,0.00209440840023342
2018-06-11,0.0014786403333275275,0.00518841154801472,-0.0021393504748807852,0.0019602032656006853,0.0011154321645863903,0.008228902421257355,-0.0003119172903944758,-0.002055938740608613,0.0018792935852610059,0.003995067505573938
2018-06-12,0.0013122115824773738,-0.007662231885993606,-0.0025010713991323783,-0.0010451156965012882,0.00486542531160258,0.0019492430887139357,0.005600300042266908,0.011458673200756634,-0.0005866882285771161,0.004790886464935804
2018-06-13,-0.010878503876592397,-0.003787494548677271,-0.0035843580894221612,-0.008004611018390848,-0.005144310329278818,-0.003120874228002286,-0.022592669302379645,-0.0026479310299436414,0.0002345318675150427,0.0015318167687266833
2018-06-14,0.0014901930846046183,-0.0014405750187952595,-0.00937966545891839,-0.00382824915408233,0.0070837346043200865,0.0017567938922538918,0.009475995219524452,0.012366796431844298,0.005152980578164459,0.010390734453020113
2018-06-15,-0.007006861361219673,-0.021711933433620847,-3.615433941644134e-05,-0.0024995604016447084,-0.003826622963668849,0.012770388279850919,-0.0016184162172239182,0.007090024782725564,0.0019443435659996006,0.0016426242107224858
2018-06-18,-0.0025145036995405648,0.009927628170798338,-0.0018218087347874853,-0.004135350387560515,0.0011145378983351624,-0.01465885583797816,-0.000953127898443626,0.003224545816711753,-0.009641414983472693,-0.00169619441143797
2018-06-19,-0.01846409432106999,-0.00227222881950025,-0.0025561533774415782,-0.021345964086896495,-0.005166691863599147,0.005302038761689186,0.0012708190640588993,0.009810648675922294,0.0025959165008733118,-0.001251423545430884
2018-06-20,-0.0032538399464568084,0.004405851309488596,-0.002562866214031311,0.0006825221773065995,0.0020981736457914815,0.0009789721299498547,0.010735498260799248,0.0007969779762398618,0.00211875388980615,0.004729944517218804
2018-06-21,-0.010691326002566158,-0.01868974026523581,-0.0029367184913964414,-0.01263425307785146,-0.00771338013147394,0.001953973201994934,0.0059497244325736115,0.0033788096510967217,-0.005778801608273428,-0.0071485196615301925
2018-06-22,0.014458027971526387,0.019754811100740337,-0.0047909551141325805,0.003448926757107467,-0.0032434500274399333,0.008168723310182863,0.008703908275580154,0.006920298450099939,0.004484586649658044,-0.001705476332762658
2018-06-25,-0.015672378373443235,-0.02029764732801382,-0.010770728212458225,-0.012751462609902068,-0.020981336079633844,0.005022863114685132,-0.0024792639873690648,0.016416351225805818,-0.009226542459181851,-0.021978708328948257
2018-06-26,0.003811574786021822,0.012549753369799205,-0.0033664115074680907,0.003759185715553718,0.004030363053889674,-0.00424892539781535,0.005261031846740096,0.001162106203108969,-0.003094736809226405,0.007136969502584924
2018-06-27,-0.0031175571857641445,0.013321140406474264,-0.012441187097254593,-0.008092638135669098,-0.013741132504289317,-0.002130842028100327,-0.00278176785937105,0.004828843041755865,-0.008499465932493008,-0.013031559003989165
2018-06-28,0.003808626716862833,-0.00132405742798348,0.008687547281947063,0.0014000427497598133,0.01215960255154036,0.0,0.009855130140402067,-0.0003855404933680973,0.0013218442035754598,0.007820944090532326
2018-06-29,0.0034503556755350294,0.006208087676089977,0.0,0.0020962743544108453,-0.0004318575235145189,-0.000582159626309954,0.0024489845635314923,0.001540896574151823,0.00203866066787546,0.0017399902983923914
2018-07-02,-0.005352778504233381,-0.01485792555185549,0.004876898674250782,0.0022310678303342777,0.008885381140357165,-0.005838754064268191,-0.00582575149765075,0.0070957836555957995,0.003110864741646827,0.0013712804876048687
2018-07-03,-0.0017329102768772271,0.006261851036429438,-0.009022600842838825,-0.003208814769801546,-0.011912668561242078,0.002339575845850686,0.005825751497650786,0.002861933210471553,0.0023861734056961825,-0.0050376253751252525
2018-07-05,0.00863421605130019,-0.0010630179611692172,0.0022635436527409726,0.004879081836519319,0.014050561673087367,0.0137320574504187,0.013060138087345153,0.005321405486571242,0.010313135772750953,0.004946445271506115
2018-07-06,0.004973941945356043,0.006097439765262543,0.004886146943619565,0.0034704721643027702,0.011606333062642936,0.003068731462822709,0.004215610922804695,0.007740909353009115,0.014286427078018062,0.007827194289665603
2018-07-09,0.008857230658665763,0.014822856593816922,0.02261446471299015,0.018399338023874303,0.007570678709542142,-0.0038374105851862465,-0.00935856363670428,-0.03133036151047458,0.007297349637960943,0.011896675781764043
2018-07-10,0.008443064859079885,0.007394694724049181,-0.0036723086819098597,0.0031248421592134324,0.0023711733026735757,0.011847786048162305,0.004841135147382585,0.009464165618069537,0.003802146908389586,0.0021477144044062865
2018-07-11,-0.01695802248840666,-0.021424708244296736,-0.004794489055157765,-0.016547611495282024,-0.003908483677825289,-0.0032344965557071117,-0.003023046324271516,0.008994558624948362,-0.007965754452195072,-0.0023273467003034876
2018-07-12,0.0023914935153426685,0.0017148243509214653,0.0018468686390839461,0.011652678708706204,0.015682661875153436,-0.0013347190976675254,0.0024191377721614585,0.0007616989096194081,0.01106495945733852,0.006609133038104166
2018-07-13,-0.000511997986669834,0.005259204437437949,-0.004437867788101911,0.005166028123645435,-0.0011022855718622715,0.006467252210994632,-0.0033277314406472904,0.00019031096925262715,0.0018328629649487303,0.002223185350968099
2018-07-16,-0.00805563905237919,-0.011606765415833517,0.017634190566242627,-0.004076297986945238,-0.002346540775070264,-0.004751460650177157,-0.005469495718710825,-0.0009520098788719552,-0.006082552925205096,0.0024837470948660466
2018-07-17,0.012993930458167428,-0.003987703639327539,0.0010921010946757525,0.003940818464397064,0.007434259805183603,0.00853667148828846,-0.0067257543307796585,-0.0007622795371397666,0.005510056802621918,0.0009738907162567048
2018-07-18,-0.009386699187376224,0.0006658653996851487,0.015879073544941766,0.010924365304686217,-0.0016470749380743624,-0.008155833630567863,-0.0036878881787963096,-0.005161317372438259,0.0008010442105835884,-0.0006197182436580521
2018-07-19,0.003594036981758422,0.00026610780851353934,-0.015151855803528914,-0.00040236409569922795,-0.003578656792030342,0.0005714766432899906,0.00949915696484182,0.009157164275076192,-0.005620631182704054,-0.002305460113347313
2018-07-20,-0.004108428404671492,-0.003465725465475765,0.001816014925019033,-0.001074191393749254,0.0002760063551058782,0.006071813851227151,-0.008883614533851395,-0.00705134705873579,-0.001957503823269681,-0.004448217119043663
2018-07-23,-0.005505012719241578,-0.00441610448787062,0.013693985588239968,-0.006198653106547405,0.005086793547820453,-0.006262597619057468,-0.0027731973468632437,-0.0071009535570317256,0.002072302068485251,-0.001070467116078932
2018-07-24,0.012854744152363333,0.012528569578049606,0.0028589705383176406,0.004181648318098672,0.005470625963228371,0.0019021859071509729,-0.00278060254181934,0.003460927669824821,0.009045834236789287,-0.0029505340710791954
2018-07-25,0.007803172234592527,0.008309652523949898,0.0021391917486348454,0.015095705059921877,0.012469269563530812,0.007571437175458997,0.009852324267411885,0.0028750155937081975,0.012685598296214287,0.007314747482001061
2018-07-26,0.0057286939236622925,0.010843328286546295,-0.0003562799900438484,0.007661144241237443,-0.015474752259388587,0.00526596979429331,0.003364372823112558,0.01066084225537447,-0.0028176521310999975,-0.00525742680196789
2018-07-27,-0.0037030746255436726,-0.004297348635724739,0.0021352279539520003,0.00013156548994406768,-0.0172472604536162,0.0013124789009075937,-0.009202349689607002,-0.0032244601566745463,-0.007249979867860815,-0.002594457155433485
2018-07-30,-0.0018566545966612739,0.00818796733322092,0.0007109140457398808,-0.009916108357952659,-0.01571098606903212,-0.0011248386657098685,-0.0009250703299973847,-0.006097463476159673,0.0005688239221738947,-0.008003829306579524
2018-07-31,0.009081807440666907,-0.0018138405768085748,-0.007130245230062416,0.021817365037627788,0.002682655358202044,0.004677933555238927,0.019246233121232463,0.008943027881917219,0.010398563232458469,0.004684223583193297
2018-08-01,-0.010265009226020064,-0.013971530132958508,0.0,-0.01361284507711091,0.008983637559974214,-0.008435764373820617,0.006634257237845895,-0.006461436054860918,0.00022481235215302727,-0.004955244867810897
2018-08-02,-0.006618799041779612,-0.005538539750621621,0.0003575719942518456,-0.0013188058309446821,0.012498747858180835,0.01011428874956151,-0.004820640303372273,0.004944969335678717,0.00370368622130332,0.006840902625278224
2018-08-03,0.009490230158943395,-0.005169676424335676,0.005706191214858646,0.000923151785126406,0.003581654901106087,0.011672216704391149,0.012903448032982365,0.011131007337814329,0.005918264086793634,0.0034028716046347928
2018-08-06,-0.0003374631475596629,0.0037145780375856348,0.00532021183470469,0.0014493563029424983,0.005348599808275879,0.0009205818561032252,-0.002089392822348229,0.0007499453487860232,0.0017803634358690562,0.006682368116563577
2018-08-07,0.0033686916108124952,0.0073880163273161185,0.004587977070834994,0.007083823644136483,0.003822491697035831,-0.006091334295013555,-0.002093544852294537,-0.0015010013597571653,0.00011082275160811538,0.004607249116489638
2018-08-08,-0.004212659497855141,-0.007255782770545695,0.0024615309440087943,-0.004454415300522755,0.0027212576587235535,-0.00762016740827245,-0.0063070613044987865,-0.0052708595796715696,0.0015547720732933584,0.001060064168238522
2018-08-09,0.005388901911307998,-0.009310742116460354,-0.005988759998949367,-0.005529765412334821,0.00040790765697023353,-0.0029899565128816605,0.0018059737399131722,0.004519787293506478,-0.0011103462212560394,0.0037018697684962467
2018-08-10,-0.014549356215034523,0.006128380455073004,-0.011729390547542306,-0.008885662153800272,-0.008046550873471035,-0.003749289403903899,-0.009670622848684932,-0.004331000867065952,-0.004341819052316389,-0.008392680383631796
2018-08-13,-0.010105292300096987,-0.012832781199507162,-0.009700113777278427,-0.004807000170726474,-0.0013701363772509775,0.0,-0.00030396852333941407,0.0013200497581986438,0.00033485790976578753,-0.00506965676231325
2018-08-14,0.008399879141944809,0.0024186475065327167,0.009342353259363091,0.006935998558362322,0.0061513316188665365,0.006925783371685892,0.00394155164379664,0.0020710195371066572,0.004673471489575902,0.009672056764853906
2018-08-15,-0.01600322016595541,-0.03551787465280715,-0.007899381101295419,-0.004796752403178436,-0.009034901189150521,0.004095306872513028,0.008736197068753131,0.009173400303572018,-0.001666625366658262,-0.012261270788696686
2018-08-16,0.0060526384709109066,0.007205273043501688,0.01324972048727354,0.012608720969158679,0.004391111106426301,0.014202708111869009,0.007768160390023464,0.010751156682629598,0.00973818193031883,0.004904867209551589
2018-08-17,0.00738649935622554,0.002482236796081179,0.0021323502436563966,0.006048907378828413,0.0015042618806892151,0.0076631393441499406,0.0094784780572718,0.005148908798647012,0.0030780088172764554,0.0008890358906883019
2018-08-20,0.006992485765865446,0.006725619073169339,0.0031898283775355697,0.006663739293646972,-0.0015042618806891664,-0.0005456252095003202,0.0011789282644423299,-0.0034911468682781352,0.00328842155545588,0.007085208067834326
2018-08-21,0.003901278248375238,0.005048861142753085,0.0038849289512412873,0.007395382280150434,0.0016409926636039858,-0.007117514134649557,-0.009170530451021782,-0.0072042285648202375,0.0,0.007911517693894943
2018-08-22,-0.005091826236585604,0.011906352983166578,-0.003531043908848085,-0.009742329895185782,0.003002797419120082,-0.006246423390527348,-0.006260279242496562,-0.007443499966320222,0.000984050219106706,0.0010501172805224023
2018-08-23,-0.006829276682295381,-0.004718638371027264,-0.004609438086423826,-0.0028757137204348366,0.002178050828297397,-0.002398588222114449,-0.002395310640719899,-0.000747233707385864,-0.00032781392916242516,-0.0009624575139798517
2018-08-24,0.012936122628718443,0.0072708417668040405,0.0035474853614528854,0.0043105887043005916,0.010012246479651094,-0.0012940213409058086,0.006871029075220223,0.004289803167163441,0.004799538475277819,0.005848691059202993
2018-08-27,0.013605817415219601,0.007351723770488484,0.01336674909176328,0.012563773236251494,0.00911323217633862,0.0005546615816368187,-0.001489607554016777,-0.006160607102444996,0.00358502191517444,0.006420336065064468
2018-08-28,-0.003844394664673425,-0.004270953282487728,-0.0010488814955436773,-0.002061179431083945,0.0017322107833438677,-0.0033333777337140238,0.012149950977091135,-0.0020619074303938893,0.0005420828518776441,0.0019871821835025258
2018-08-29,0.007508002484216525,0.006133426908810051,-0.0003500781753191425,0.0007735663147629912,0.009015045800811488,0.0011125350186079338,-0.0014738005222575548,0.007291599434810376,0.006481614014625759,0.011157947239182571
2018-08-30,-0.011871891000973078,-0.002795191693178716,-0.007727196240352102,-0.006984072866985654,-0.003040022470560741,-0.0031550099480894427,-0.005323680730659184,0.0003723432602221322,-0.0007539239083487127,-0.00573525683603736
2018-08-31,-0.003032400270127284,-0.007761515564080665,-0.0010585026548371307,0.0006485823108663594,0.000794167453708515,-0.0003719664801552187,0.00384792462829503,-0.004292023260794776,-0.00021585990363182187,0.003940958701626448
2018-09-04,-0.006941654772797184,-0.0021515549513102653,0.004929370214103167,-0.0007784847087527169,-0.0038432417565731503,-0.001302361217035154,-0.008902487396045457,0.004478278722061376,-0.008007639884820034,0.0018796105804304271
2018-09-05,0.006604002323843609,-0.001347067361317877,0.0007021941778072191,0.007113975264871981,-0.01256084911258417,0.011477296803487398,0.0062400382980876325,0.013867367649268953,0.00401183520806079,-0.010811985855467075
2018-09-06,0.00202337914948356,-0.01864130007990486,-0.00457306173707333,0.003088406783924561,-0.00728689376077642,0.0027572649867506145,0.003252866517662034,0.005676125603250494,0.0,-0.0027644378392159856
2018-09-07,-0.0065905336205227035,-0.00013746862060827223,-0.0010585026548371307,-0.0030884067839245985,-0.0033922070226346654,-0.0020212564072882946,-0.012776922652657152,-0.012308614591828571,0.0015141070531382173,-8.654969435874909e-05
2018-09-10,0.0011860842662576945,-0.0004120768128486032,-0.001059389784846059,0.005141983976451384,0.003120875227408483,0.0034885974829743844,0.005368433790162278,0.004978419155107129,-0.002597206077859157,0.003713473192359629
2018-09-11,0.0020300739961622303,0.009437333795491207,0.0010593897848460026,-0.000256243597403004,0.008499261650261889,-0.0036728728508510122,0.00029741934747027,-0.0025781989081700993,-0.0008667958845906527,0.007984627364896192
2018-09-12,0.0005068940757670321,0.0051592222738451946,-0.0092200096141851,0.0030733775381251256,-0.004172966516552008,0.01152303585187345,0.0008916540093637167,-0.0009226871005597507,0.004975350194039152,0.0018795603857665343
2018-09-13,0.0038775249215871137,0.00040647004365372606,-0.0014258382703526105,0.0059914781084362675,0.011668011542426958,-0.0014558589473097655,0.006219415505660824,0.007538971915242018,0.01233039968067098,0.0017055674332354938
2018-09-14,-0.00033681846678916994,0.005265517245854335,0.007109652952143693,0.0049442510742030085,-0.0008003040399304046,-0.0027354722326760153,-0.008599051625124182,-0.0053261305847740635,-0.0033089418715527993,-0.003756306361202966
2018-09-17,0.003528738467895548,0.0016146247274911913,-0.004260006531931565,0.0003793248437172887,-0.012622813951555035,0.0036454081010837114,0.005642444651196381,0.0033093936745370502,-0.0036417149301880506,-0.012478752081036165
2018-09-18,0.0010059601831459907,0.0065663837532587525,0.004968246599923154,0.009061658197723584,0.006330882667961393,-0.004193367305690342,-0.005940085401896247,-0.0018371202795590678,0.005777786997102931,0.012649930623236912
2018-09-19,0.010832503138509588,0.003067211776566043,0.016848305920349617,-0.000877761670514286,-0.002554388671094854,-0.0018285303158534505,-0.009578144635577645,-0.021938506142856733,-0.0013875648579523934,0.0004272916617059195
2018-09-20,0.010716343158214408,0.00026635696634856284,0.008664366103828586,0.0015035163863802296,0.011777678535159725,0.012551094069538537,0.007490843105094907,0.0020656666675157313,0.009675343461956752,0.006814950389764368
2018-09-21,-0.0021607308035633196,0.006586222397307289,-0.0038895816105670835,0.0064459747984183515,-0.003959570465145319,0.001600463598799263,0.0,0.004249563516770325,0.0013476201813767347,-0.004429267332726957
2018-09-24,-0.014134883688876726,0.014540818982983362,-0.011196931561392945,-0.01727322487600737,0.004946936336755542,-0.0153848334170135,-0.019802759021954285,-0.008897234179517466,0.002013485411179104,-0.00652104078446697
2018-09-25,-0.005205411187714437,0.006409573103324772,-0.0038778774922735987,-0.00305722946844228,-0.001201436450699576,-0.005923513985136376,-0.0009235873056794619,-0.01378558978540557,-0.0030746706702652307,0.004209281372341214
2018-09-26,-0.009982187810578129,-0.009695934395214873,-0.012082548356986857,-0.0006379306572507463,-0.003745499886055767,0.0011133727327001027,-0.011149029683844352,-0.009880930338423858,0.002227502356003864,0.0023117594121259658
2018-09-27,-0.008710138642636783,0.0,-0.003581508618052494,0.0014030871428123994,0.005879893187339209,-0.00129895438948613,0.0031095347964771006,0.010266453619050578,0.0050729179313009675,0.0034155264219275488
2018-09-28,-0.0063665538325904415,-0.0027686526631597657,-0.010460121919954306,-0.0006375529482537985,0.00372369084705886,0.001484468120131569,0.012341888425958953,0.01454018819117757,0.003052795959166759,-0.0008526837690948443
2018-10-01,0.00996236355664623,0.013768003242251416,0.003980314724271085,0.008762488816721715,0.004767750583392013,-0.0007421749612977251,-0.007696020217918553,-0.0034247313801890025,0.004927099241230069,-0.0030760741731223227
2018-10-02,0.004263402082593582,0.001041192182347264,0.0,0.0022732190600858793,0.00013202047406947427,0.0057359295722961955,-0.0030949473962806084,0.013440987762497815,-0.0011508202928876994,-0.013612549104090878
2018-10-03,-0.007173225503742463,0.008033396431501711,0.009346071047816372,0.004154592953340886,0.0030338261211045616,-0.01075865653173409,-0.011535367141205921,-0.012107718057254349,-0.0018864024382733678,-0.0033888989690437866
2018-10-04,-0.0046386472834699,-0.004138258927728428,0.006774532553343051,-0.003271617666636787,-0.018207765811499046,-0.0024274709007821808,-0.004714963767611733,0.005315099791922431,-0.009803478322219254,-0.015790993190807748
2018-10-05,-0.007432657461321843,-0.00012957535356763949,-0.004987418253150309,-0.0051813026494194935,-0.012687323649727088,-0.0009352005167008332,0.00031491016414288267,0.015218702433895984,-0.001166161589386749,-0.007544489161403738
2018-10-08,-0.0005204634147130229,-0.0007782888025220642,0.006762946029626748,0.002530581197714397,-0.011338250311538435,0.013752200860009655,0.012830941185020681,0.008355945462674609,-0.0004243041202430882,0.0025804205725106517
2018-10-09,-0.033715948419820056,0.008909812314922775,-0.003909656333532268,-0.015537430333329058,0.00356585564549662,-0.002217110847483059,0.0034146185563400802,0.004059897814037148,0.0016961373453200377,-0.002937032396223997
2018-10-10,-0.026561513423974434,-0.031868732904587777,-0.03147341226773226,-0.032746909682411056,-0.04967346727417689,-0.012096578026345273,-0.015930671472333086,-0.005540442208752941,-0.02390374542832736,-0.034270083252953006
2018-10-11,-0.011682925264781473,-0.034428037105787714,-0.03022023445082034,-0.026747337943101628,-0.01274096707520859,-0.025025035987266013,-0.0297192028664318,-0.01850344747157833,-0.027383726462335164,-0.017774261955361647
2018-10-12,0.0027937195457389944,0.002743416946536681,0.0011358270669042715,0.0066526264038347036,0.031552831660889805,0.0055518305200142415,-0.0006488822332144404,-0.0011327386666494749,0.01526916910704094,0.01832728393169177
2018-10-15,-0.003353733116153193,-0.008391267356688952,-0.004550985759680455,0.001892499445421002,-0.016512932293368594,0.006090817858300517,0.006147684700689979,0.004710457408301332,-0.006941908149575366,-0.002307363100306325
2018-10-16,0.015923191415837576,0.008254289716979184,0.016585583994079653,0.01674244265961991,0.029696843424156075,0.011133190027995286,0.018537029570985592,0.010285308076864718,0.027052063043215564,0.019851542125333552
2018-10-17,-0.006449542693233244,-0.006322148955853353,0.010042919121296425,-0.007332372573694528,-0.004608846676491227,0.0046803870622825735,-0.00285423377398606,-0.0018621066781118764,0.0052600601027199025,-0.008276799809205572
2018-10-18,-0.01134165915018412,-0.004975829713859325,-0.01679478383341955,-0.01741074125730491,-0.019791454994747302,-0.0013084413230127995,0.00031764352703093516,0.0014901958508122101,-0.01141306010909375,-0.01936631864321288
2018-10-19,-0.0071307698256117096,-0.008907294810656696,0.003756745214210481,-0.0036827267684526894,-0.0004283647163810561,0.022559971879083755,0.010107442568228141,0.015512796182220892,-0.009137159546935222,-0.009825414041732348
2018-10-22,-0.007940955073611354,-0.011106092906150356,-0.02160400450345981,-0.0034217334390523025,0.008250454221438476,-0.007525014521505179,-0.014242744251512944,-0.006434830453191453,-0.008229966402628481,0.004035531105446045
2018-10-23,-0.009920012383052401,-0.026500023598238068,-0.008078701244699409,-0.016590973931090932,-0.0038319891260566365,0.004412089321639859,0.006355130948068699,-0.005548016375598445,-0.005413388929886039,0.0001872748221301459
2018-10-24,-0.03214460632884493,-0.0402839833478919,-0.025426549135444138,-0.03446399543779835,-0.04582960978511795,0.004209410416552317,0.011651845228746868,0.024004715028138116,-0.03356938450590004,-0.03032684662230871
2018-10-25,0.012786600321717021,0.012166958746570224,0.015333411639536089,0.007045415336595917,0.033812521715286196,0.002371672322248834,0.011826997424141224,-0.01569370308131575,0.012862032070735644,0.02976476345740218
2018-10-26,-0.00588115808520215,-0.007492888403416711,-0.014541227592680573,-0.009935845379030323,-0.02020911643497902,-0.019317897568467822,-0.026333748184781697,-0.018563993951173773,-0.011373957468093878,-0.031600721493078986
2018-10-29,-0.002362164654680536,-0.018828401746493965,0.0086716456923855,-0.016782364086285955,-0.01703326204987771,0.0114517366696905,0.016383604813768285,0.013955047846781397,0.0025137185449175263,-0.008838830236235006
2018-10-30,0.022604302811756176,0.022881734296907062,0.01712116295421517,0.020393723777810305,0.011141457179799927,0.019640876695294435,0.01642663522330388,0.003873206849036073,0.010668600663217679,0.014912622512917239
2018-10-31,0.013587153987721335,0.006123364534802163,0.013792954352938518,0.007613438438343079,0.023506858897106377,-0.009408739778571939,-0.013618286515028352,-0.011850087267575781,0.0013535661424037024,0.012797592388673342
2018-11-01,0.027743268379992577,0.00845137403411198,0.00455600203381751,0.01744829807200166,0.011620010401269015,0.007064777835317139,0.0037326954838790396,-0.004480249208978623,0.012547802842669879,0.020197037729332276
2018-11-02,-0.0024063693233468213,-0.0025130264867924117,-0.0007577962686873702,-0.0016889305707183091,-0.01973448488268357,-0.00524864342452484,-0.008417898245282223,-0.005628165647372279,-0.006253880483870233,0.004083569626125223
2018-11-05,0.002960529086954575,0.016587540248477178,0.015795759540219983,0.00519814822005124,-0.0010184034795206434,0.01244265473908798,0.016457393132649448,0.014012223231686185,0.008811302303431967,0.0013881924640596407
2018-11-06,0.0163113987564706,0.0046477999729671055,0.005210235272530757,0.010455684871081302,0.00624239574542844,0.006074861978104432,0.0055283961156676695,0.00665669843870547,0.005095209816520309,0.004429822839619874
2018-11-07,0.017836497241686136,0.01624197876595827,0.01290812611561368,0.016095051879527613,0.028954172209767013,0.005683792182885974,0.010965418799838852,0.011361596298441818,0.028965810464615816,0.02671177601089514
2018-11-08,-0.004294611552444506,-0.02190931272565348,0.0029271729714086766,-0.001638757577523738,-0.0008437761194896791,0.0005314119277189925,0.0021185420745855276,-0.001641277801541729,0.0005363350351519305,0.00026888807675688444
2018-11-09,-0.014087319761742179,-0.001750450157523147,-0.00917585942222795,-0.010166465853809968,-0.017458530404313936,0.005824341924403004,0.0012083717669628138,0.001459300317064493,-0.0029008644462392742,-0.013989922151576935
2018-11-12,-0.014842034887476128,-0.020947562341534234,-0.02011260995173596,-0.01994366153932652,-0.03585835120365052,-0.00529362482401975,0.0021112173463672885,-0.0005470100625112777,-0.013647959386637954,-0.02029192178314592
2018-11-13,-0.0029582024971765005,-0.023225445537136714,0.005627437159980549,0.004497531869203389,0.0011865235927071521,-0.002302610571314474,0.002106990771944629,0.004185183501834797,-0.007004554646286141,-0.000463821671658712
2018-11-14,-0.0011114623518175026,-0.0016799600617511633,-0.013559417030592304,-0.003371220685070678,-0.012079853818996402,-0.006761691565118447,-0.0003004635149945885,-0.010404277766066394,-0.00805021634278731,-0.007545034117694451
2018-11-15,0.013623179688497912,0.014565516832587777,0.01468106487521197,0.013139666718138873,0.024747211452054215,-0.0016082643519488365,-0.00785045214511056,-0.008291283236573629,0.008818688948282645,-0.001497167030083013
2018-11-16,0.010006190216080579,0.011829260212019835,0.0011203089575592372,-0.00027727342449982215,-0.00161106596841117,0.0025008222978362667,0.014146070661332784,0.015239365047793746,0.010045825216795116,-0.003940694152774252
2018-11-19,-0.014404304535948452,-0.00029771275573088304,-0.00037302277092355707,-0.01596283726459383,-0.0388629096620859,-0.0016068283698718847,0.002686266023777526,0.00436358746090182,-0.012793195321296467,-0.02474672083445531
2018-11-20,-0.018349336716016358,-0.033306187421646816,-0.022277929667801462,-0.0209662150346354,-0.021725085904689658,-0.01675558426203751,-0.013201511129755723,-0.004181116268320324,-0.009398251901270508,-0.022906755965176582
2018-11-21,0.008011324813210326,0.015580034435790077,0.000763459968906474,0.007037755916298838,0.007294200070868338,-0.00802640634802973,-0.0006044081958829374,-0.014866833207308304,-0.005681564964970046,0.010397582120629259
2018-11-23,-0.01082091045463719,-0.03187597478511883,-0.008044405730263693,-0.0020056231719991387,-0.009164936952904375,0.003473778766579419,-0.0036329503044950653,0.0005545170382559195,0.0014513881305173427,-0.0044988773446319455
2018-11-26,0.011377456112486802,0.014909694420456428,0.020179494090510782,0.007287246158534243,0.02237526053567405,0.001277023569138884,0.002120886524576625,0.005896561756665366,0.009658559214124857,0.02219859322976722
2018-11-27,-0.012315964138919618,-0.0027788469725280513,0.0007535134756530383,-0.001709682407032066,0.0019821514348029555,0.00889202291107722,0.005433132108645773,0.007504295672817068,0.010332241399330576,0.002967480090265654
2018-11-28,0.015279015124749775,0.017013579279307148,0.019026810408563483,0.023676113766316023,0.03442901400865531,0.008276469493649201,0.008094931087360965,-0.0007296073047013996,0.02377201303100951,0.029107405048190062
2018-11-29,0.007185637297130103,0.006513480750758872,-0.00853565907392735,0.0005570212197045275,-0.009758624309722222,0.0016112642497314509,0.0011935139071857772,-0.00036513534097237636,0.003304637147584352,-0.004652862555729124
2018-11-30,0.0025671923221040035,-0.001813433124202542,0.005204343218171995,0.009696547659250527,0.009464547905493548,0.0064192200919728545,0.0094984063937812,0.014678247934475192,0.020124314146373643,0.0072493071545598605
2018-12-03,0.017426006816041124,0.0219918724317677,0.0062834951116367355,0.011513318577873062,0.02183840639249872,0.0008885106994305998,0.004715836108726022,0.010023394293914913,-0.00481001687596832,0.01853252938471392
2018-12-04,-0.030141887421105264,-0.029126738721047218,-0.044451592909258576,-0.043448830197263914,-0.03861033779756709,-0.01701474321865104,-0.01331991303180904,0.0007117286876764012,-0.022577764982723663,-0.036660468829814746
2018-12-06,-0.013631022589044448,-0.018606075283136365,-0.013964508803926457,-0.005566111605383074,0.0022428027604806207,0.0010828851875135017,0.02704462347295337,0.0010675437775137585,-0.0037592841824880536,0.004797317586767585
2018-12-07,-0.024359074170615395,-0.005602970305577683,-0.019326260605533847,-0.0266875848939934,-0.03588113160562027,-0.01271088327722589,-0.015196346739466631,0.0037262162079595967,-0.025833950643947053,-0.030393390995428433
2018-12-10,0.002693370113714745,-0.01573103838695134,-0.01403650659302552,0.0024957594911181086,0.01368292459000777,0.0,-0.003835246089322089,0.0019463936217960446,0.003857572584724835,0.0007737490799788201
2018-12-11,-0.0032712149297256395,0.0003169314639641755,-0.009740373021677316,-0.0058825080163854475,0.0012208699942423374,0.008189879199733635,0.0017720918608835972,0.004057623676286922,0.003075265383002316,0.00038629407589408347
2018-12-12,0.008636289637047514,0.003955000547057319,0.005693244191623941,0.005589361661794434,0.0077479389098979385,-0.0012695897692877594,-0.019064930513381623,-0.006358329957009431,0.008517060805133465,0.010477451157734794
2018-12-13,-0.011725098494942182,0.0031525082202216435,-0.007326113635559172,-0.0027909666302623187,0.00166307677391373,0.006151799885094536,0.006893198580358221,0.008644385995645236,0.0009781042612992778,-0.0049846834776052455
2018-12-14,-0.007764282381244192,-0.023084610445423474,-0.009852426483407756,-0.013921808073900427,-0.024779319441313882,-0.017100836894271873,-0.0017937391609869045,-0.0019337342125484648,-0.0342536012648295,-0.016764731328214568
2018-12-17,-0.017295611432352552,-0.018367037997504644,-0.00994991294258532,-0.01654162841159985,-0.021445753619375937,-0.023390748325481155,-0.03812018828252409,-0.032737453155832166,-0.020097174381902765,-0.025736076686890527
2018-12-18,0.005535497394471723,-0.02390546515161228,-0.003757131771314582,0.0049910865529183375,0.007880518802422895,-0.011903754273398525,0.0098981254804819,-0.006751115075796078,-0.008754619799255528,0.0077904195468567645
2018-12-19,-0.013697490444781028,-0.01183051868984803,-0.012626524700426413,-0.019039460029888357,-0.01997874853255051,-0.009741524608142508,-0.009276666431417434,-0.0016490085468700932,-0.013160428249691294,-0.01999749090548648
2018-12-20,-0.013482293780703196,-0.02810303172149586,-0.008934245623946976,-0.018468593199597236,-0.018099864179541594,-0.018011290527304054,-0.012189439052318805,-0.000550244865769597,-0.014167993205824998,-0.022687270532303988
2018-12-21,-0.009033635300850107,-0.009754551353824975,-0.02019847231337503,-0.019062348341523063,-0.030853643110114914,-0.010427441831543205,-0.015421614769332716,-0.004283753330611066,-0.01250029510469447,-0.02292238348832935
2018-12-24,-0.026267358082401947,-0.04129746237976437,-0.021286913885372107,-0.03116332312539109,-0.027051889111732053,-0.029321679698122577,-0.03752915041530892,-0.04271303737937149,-0.02423912047749891,-0.019167224798732403
2018-12-26,0.043808633335688144,0.060362552244730486,0.04427631425305524,0.04551765446225742,0.0586421604553144,0.027526452583019355,0.03137097108560069,0.01348491938561731,0.04269400714364381,0.05756314179655666
2018-12-27,0.018231208953569045,0.005232060398603856,0.011935356911924213,0.012432529067356958,0.0071755149211358985,0.009536816301999259,0.0022734078158691893,0.008384186119479085,0.010982120012951346,0.00532290979748586
2018-12-28,-0.005374761064821711,-0.0076829341663714875,-0.000423520631441863,-0.0026624800347942305,-0.0022774387469109924,0.0,0.003561394296358113,0.0024639523200424176,0.0011736003827824495,0.00010184148652063533
2018-12-31,0.008348488520814237,0.005244681488364622,0.009702403672503952,0.009986080339595912,0.009401766518227229,0.0041441713795601865,0.0019374450912481786,0.00170188161766166,0.014671708210433421,0.010661916846098627
2019-01-02,0.005133135355067752,0.019512141244207387,0.00836141307328247,0.005110369347967587,0.0006452937468661696,-0.0059251756985970955,-0.02316968201443801,-0.017345352609805922,-0.015258690980400233,0.007546383647894447
2019-01-03,-0.028767395371706823,-0.009967314400443074,-0.02273758979337535,-0.030902023512276854,-0.05178567798458032,-0.005761672072966642,0.0046114099763962715,-0.00019224096416408564,-0.020513819218483373,-0.02188966854981507
2019-01-04,0.038565823698317826,0.033457699460689654,0.032679757330604145,0.03721498087300806,0.043365926626165056,0.021095228034876554,0.010136036397214944,0.014699180908847503,0.029394706562014147,0.03255826706819484
2019-01-07,0.003504028115239722,0.014756310666304418,0.001235691792938635,0.008102412336338388,0.008903366467890006,-0.001366556431001348,0.008422235640826736,-0.006845534547420453,0.0038316213103277608,0.022360437968076012
2019-01-08,0.010438927010960466,0.007705459653250318,0.0008230070644404206,0.013609715730460726,0.008345104901117034,0.009139622325065749,0.017269442222700597,0.012326015289927345,0.0077344792585728895,0.010995788728060937
2019-01-09,0.0003843281785333029,0.015717705375008387,0.0049240479296771885,0.006735830643242072,0.01286262372295065,-0.00933501010858779,-0.004130193406766952,-0.00604909510300621,0.004474865582453186,0.0050707631248589355
2019-01-10,0.00880390548425442,0.002889851037096742,0.00040940914306602177,0.013484922092373354,0.004408138524037359,0.005844551680552638,0.015793006892733556,0.012998004689158753,0.0019442901877892967,-0.002867115496708349
2019-01-11,-0.004009436489482303,-0.005949175811636103,0.0024519585392616568,-0.001030831238948165,-0.001886924105376738,0.0029095160071426047,0.0018786057325557222,-0.003750104478359862,0.003308128838009936,0.0009566188286957375
2019-01-14,-0.007682069796145666,-0.0024218132133654877,0.006914669709296013,-0.00014751133576594683,-0.009328770404669291,-0.00485399689593133,-0.003132871624618237,-0.022801946550157118,-0.011108174040439222,-0.006138657298523005
2019-01-15,-0.006576366737391167,0.003550147420731184,0.008878215385628432,-0.003099660462029608,0.01497870345366958,0.009877119864207723,0.01123268441321044,0.0122259602928798,0.017804712961222286,0.009003113066106846
2019-01-16,0.003873626442025422,-0.0012896287883367628,0.02107012845448726,0.0010345632304562405,0.000938432370673218,-0.005410515950439365,0.0046431568829993315,0.0036007869388153093,-0.0018114856751270329,-0.0022911105045866423
2019-01-17,0.01743838154428987,0.009151845086954309,0.005492537691639468,0.01698429415191783,0.006389855311525413,0.00425335858548343,0.004929196667542977,0.004153340483900207,0.008800827776075548,0.0067624910514115285
2019-01-18,0.016392411451908614,0.020093996335827896,0.017067793643657084,0.018839729214461684,0.01510962020074438,0.01189141664029169,0.0036809250163310947,0.001129447453914285,0.011836737869011436,0.013763208030050962
2019-01-22,-0.01392596166119707,-0.02201372580150034,-0.011605514677348328,-0.020874276970207477,-0.01697571207354137,-0.00919384810402739,-0.0018388804258551545,0.0018802105908088062,-0.006906524530094736,-0.015093042235411979
2019-01-23,-0.006845334383068703,-0.010301153500948403,0.0011665801799520246,0.0014535903462264714,0.0034183758130624593,0.011859571165298457,0.0006132863835049575,0.010091715163233055,0.001117283357273113,0.0019941660985088932
2019-01-24,-0.005356801021325968,0.005324713017880373,0.0023291704137585524,0.005071581577871704,0.008341086023950433,-0.012436869464505354,0.003977441831528702,0.005192916274509159,-0.008409872290067823,0.004164932475394327
2019-01-25,0.018812881779122017,0.01263317691583516,0.008109764083637665,0.012637978062750741,0.014052304713318408,-0.0040512508203337915,0.011536199813910892,-0.0137830579390227,0.001238019839723109,0.010991554024254353
2019-01-28,-0.0015069891206522296,-0.01006171957617945,-0.0030816075626527175,-0.00960763924066671,-0.013437265674103412,0.004243957847530112,0.009911553135519197,-0.004699776968276643,-0.011423161361243791,-0.005809280992932402
2019-01-29,0.010315884504158749,0.003045105370879596,-0.0034781022724835377,0.013738075535287228,-0.010819066504897267,0.0023071072107413346,0.00774051438297507,0.0028226595695340436,0.004878922459276302,-0.006505619201004646
2019-01-30,0.010580100208850262,0.013984088399757833,0.005789966105106029,0.015512976070609065,0.030606561197548503,0.006699054157600842,0.008269374139964612,0.00767421021544304,0.013604428817589961,0.019483415257770958
2019-01-31,-0.015068595494484622,0.006449040370024775,-0.0015405922987202548,0.0043283651367904555,-0.0010557697489514194,0.018335128681801018,0.009659224218072547,0.020851271010920734,0.012429336915688694,0.009049778940139556
2019-02-01,0.00299481518859771,0.017253987926459203,0.004231645050416659,0.001531965892057471,0.00586697125435585,-0.0031888852318128795,-0.0061362264471449025,-0.0038422862533804576,0.0008818309562878626,-0.014724373415206366
2019-02-04,-0.0016835676504127586,0.002308777085303969,0.0042137299996193615,0.012854996322161997,0.01592193385164947,0.006368324082039601,0.005844621736171136,0.0016486146235770638,-0.0028691085570659337,0.006509155040488116
2019-02-05,0.0072743654864519435,0.0015365799390134108,-0.002679386523954225,0.008615617692776264,0.00837943903919753,0.00018662003434463903,0.006679382868882364,0.002011347575392305,-0.0014377426816694064,0.009317868222026987
2019-02-06,-0.00596483506705132,-0.00739600343020653,-0.0011506418201585906,0.00027247256254553907,0.003361189174512329,0.0001866714679893131,-0.007845591788624226,-0.000548394375557973,0.0045273064477587615,-0.004140788625641526
2019-02-07,-0.013930873024404425,-0.02236414284237912,-0.010027120718306885,-0.006829824570633595,-0.013809465718197574,-0.0007467224032517424,0.00842427427360585,0.013072013514893163,-0.011078115336349044,-0.008240318575436325
2019-02-08,-0.0009485449459873753,-0.0045968860698377976,-0.005051517830180074,0.0015064087045967578,0.005752976105854959,0.004658365635942063,0.0,0.004319524413813506,0.0018918302864963878,-0.004005846223334305
2019-02-11,0.0015171231922248868,0.004755126754415807,0.0031116581185020625,0.005323415866036925,-0.0004421336930598146,0.0025994873585101414,0.0028884698942612955,-0.0003589122978694567,-0.0012234905338607592,0.0017720376948919408
2019-02-12,0.022110687207319495,0.012570891641898825,0.014649447608801849,0.015398875789121485,0.013156809053746483,0.007757482074857717,-0.006946649441441902,0.00233290057995935,0.013599456727597069,0.015257523441959969
2019-02-13,0.0012965155114098978,0.012414742765072494,0.0026753743276432783,0.00588120553952742,0.001305896992064035,0.0018381510918872635,0.006658114647442848,-0.002872240871661025,0.0021940271247941805,0.006767846249028145
2019-02-14,-0.005196096208541575,0.003540888842847012,-0.012288958822145337,-0.004674880656841297,0.001739058686349502,-0.01126601145797616,0.003743568157811394,-0.0016189940009047482,0.0022985546736499244,-0.0036524692696661637
2019-02-15,0.01349002563093862,0.016007840559445655,0.021029286532152282,0.013299518983445975,0.007931542500022482,0.009427860366088779,0.006018061452906107,0.003056188548335777,0.014974146925020974,0.006837658266740955
2019-02-19,0.006221535800049002,0.0030200025305379746,0.0015124654663104485,-0.00039663526532441316,0.00028696960414075764,0.0051386200340506165,0.0011424397771320335,0.0059060296074451004,-0.002372303400891597,0.004080265187476037
2019-02-20,0.01700183352499318,0.0042131994670555895,0.0064015318567564854,0.004747008897438439,0.0011479906806495402,-0.0018322582832159871,-0.00629816964056977,0.004451082534607425,-0.0011880321352568156,0.001988787689725558
2019-02-21,-0.003953155256095437,-0.01558653257766215,-0.00526911565612789,-0.0040861132256918755,0.00043039063317281274,0.0029298011649863207,0.00172146229983911,0.007257520613251801,-0.008793546706501601,-0.0019887876897255238
2019-02-22,0.004311730506176899,0.002893705634562193,-0.0015105869774800897,0.006582335783896538,0.012679255487558876,-0.004765337874838107,0.00571763607747581,0.006153749748212681,0.009117746365936026,0.005414584266472412
2019-02-25,0.0064331727411452,0.0016714502200251417,0.004148738803455601,0.003928636879110743,0.004801454042525405,-0.005526826918239353,-0.008301429966783317,-0.006506625720523571,0.0014037450823737724,-0.0033354140408894343
2019-02-26,-0.0057164868589673875,-0.003193129986202303,-0.0030156466624136997,-0.002748232756512271,0.002110829922139075,0.0005540336818530794,-0.0020138163701526202,-0.0012357097603387475,-0.0035670641199008995,0.0013538759715316481
2019-02-27,-0.0016137614405678591,0.0038001870854805515,0.003768057202805488,0.003924123593824846,-0.0009844995147403096,-0.0014781627876054944,-0.0031732555113412387,0.0012357097603388223,-0.004667326072578011,-0.0007222365761150155
2019-02-28,-0.012276390342781208,-0.010064076114695562,-0.0026359999317639477,-0.0034001217039924883,-0.0028180932560990506,0.004796274484443691,0.0028849966046543512,0.005805416482991071,-0.0029416418186322215,-0.0054291357344136044
2019-03-01,-0.0012725579277275132,0.01822360048782862,0.0063896661640079535,0.0009168496241003508,0.0067510888115777995,-0.0018418750360001581,-0.0011529580869726278,0.0021024053006661065,0.01408465686017342,0.008043122496175907
2019-03-04,0.0045366904933597215,0.0018040365107703387,-0.006389666164007976,-0.004459937454752538,-0.003791949421806805,-0.0016607382072232862,0.004030073362634639,0.0017490100097475407,-0.013648217491916656,-0.0031553254410021194
2019-03-05,-0.004718490497869296,-0.0033101423920082734,-0.0037781045524986102,-0.006462368619521635,-0.002959139389771015,-0.0007389446473990861,0.00286844448402233,-0.0012240776997014292,-0.00054517848832708,0.0025251885746985364
2019-03-06,0.0021805440624295533,-0.012740798052582557,-0.006455344201294643,-0.009438609807044482,-0.005235524707495148,-0.001479614968390402,-0.002581152893376337,0.0,-0.01473049473487011,-0.004694659516458459
2019-03-07,-0.008202037201157862,-0.005971153063701272,-0.010338918971419475,-0.006028301679075164,-0.009550441617247345,-0.006498954857925891,-0.0008623315894683106,0.0033185764521720326,-0.007894186498338836,-0.012199774692265066
2019-03-08,0.0016459272557589107,-0.01891233488064708,-0.0003847149415931118,-0.0020176138772962375,-0.0001433380659916039,0.0005585047160833897,0.0008623315894682919,0.003481582483655901,-0.002123012138749567,-0.006985686212197454
2019-03-11,0.014151025336641596,0.015528444149647287,0.01034279336489412,0.00844684998817591,0.0212594828163038,0.012949013388318236,0.015389152300977123,0.00709885500343063,0.0113450208218449,0.013650334134999128
2019-03-12,0.003775935623339652,0.006450441012094933,0.002284202173823323,-0.008311953234067877,0.0058725942541422715,0.00036729115208536254,0.005358927024909613,0.006877523693637705,0.0072728105416940934,0.0028168006560494053
2019-03-13,0.004833726446074703,0.01005342631890592,0.006820557763642723,0.00871238264485073,0.006530886336978194,0.0056795020039649225,0.0047706287639982655,0.001027397420718528,0.010702232598262957,0.0035325768739883504
2019-03-14,-0.007529481205868771,0.0010603185068154767,0.003769230113918341,-0.0033417446416650976,0.002075311782175912,-0.0009141641291268348,0.0025165388385147845,-0.00017090053209332064,-0.0016305972649982568,-0.0029882905973494995
2019-03-15,0.0012466729010537935,-0.00039668792890931417,0.006971137185511276,-0.0035351883329498767,0.012032427852761957,0.00564677991172128,-0.004109093612857896,0.003615075022619635,0.004587121866310859,0.006394659980424945
2019-03-18,0.002343784149075132,0.013795237199690188,0.010088252786464092,0.009683699155974789,0.004238638869467225,0.001461602184136771,-0.005088998742283695,-0.00378772321308582,-0.0015233005406899058,0.009627859810348251
2019-03-19,-0.0012615135570516497,-0.0027138079029999577,-0.007837380602613195,-0.003619961811538055,0.0020440371655825796,-0.000730492073809456,-0.0028383684419147517,-0.011450432967461042,0.007916481665512249,0.005002472960017626
2019-03-20,-0.0009019430700865352,0.008718340772671928,-0.020822124357031735,-0.006874912927488081,-0.0027266820495970533,-0.004210695508975494,0.00453748956511525,0.0026138705352115256,-0.0069368103275338645,0.0014245386294109445
2019-03-21,0.010591441464202874,0.0070089975076898054,-0.0030652780379671267,0.009557717022404743,0.024808807983358216,0.011672582665507046,0.017669850274609905,0.010559988981555862,0.00390809057389369,0.013609432751240722
2019-03-22,-0.03027521641615173,-0.027419579592390178,-0.028017336000404708,-0.022902130539721094,-0.0238534793046504,-0.0012701900583674942,-0.00473754903452737,0.007206796076543884,-0.018369419428927825,-0.020036444340669143
2019-03-25,-0.0018422710538596738,0.0004581239879145259,-0.004350419426334972,0.0023279473719270112,-0.0043741141603789516,0.00199525353734948,0.0008380189518928683,0.000854545040034454,-0.0005517551175425367,0.005893146891658752
2019-03-26,0.006066980909155466,0.014248970278448653,0.01182045703916265,0.00667866097499097,0.005464549047184575,0.00848024480062559,0.006120919521600541,0.007148898145208041,0.006821943706317457,0.004263967346869697
2019-03-27,-0.0012837139440075491,-0.007099145919415401,-0.0043179727058058484,0.001086158598727267,-0.0057384283680533355,-0.0034197159604750426,-0.0033337025147644524,-0.006978173956202278,-0.008368955289930532,-0.0020409636586566303
2019-03-28,0.009679483679717086,0.003782497039724873,0.008617210809164578,0.007301075595318505,0.004102108125555542,0.0048557144773068986,0.00831454196009101,-0.011854624170440696,0.0025403313011525134,0.006022014719930427
2019-03-29,0.008686207623628088,-0.0015112189842162544,0.002726409605714302,0.010719634694870408,0.009777668351474377,0.006616172818584613,-0.00027606711294930503,0.005343101873989492,0.011950786209743443,0.005195926960598142
2019-04-01,0.014844312091187842,0.01307179856978071,0.024208853586208497,0.02044823511137419,0.013556465492393206,-0.003392161623035594,-0.0030415119104802973,-0.006900005273167832,0.0015248658929132091,0.010919343471582221
2019-04-02,0.003367096028794329,-0.006890308998222224,-0.0007596663060275954,-0.0003916765599154159,0.003459640059702347,-0.008260131040143897,0.00854809445993641,0.0013838971177987677,-0.0022877963124045453,-0.00017375724588472217
2019-04-03,0.013008077336449321,-0.009666159652049484,0.0030348788762468463,-0.0030091936286018414,0.00807178157043353,-0.004880123472862637,-0.00109869457298423,-0.0015569266012801087,-0.0013099613101196913,0.007013901885301001
2019-04-04,0.010078117998309594,0.008312537944397838,0.006042511213064624,0.006139432577282643,-0.0042260155020305955,0.003797919892839695,-0.003028180968246792,-0.0034684576687038517,-0.0020771975367508484,0.008078548542750552
2019-04-05,-0.0003457597378415257,0.017456917815137238,0.0015048786047194536,0.002860784944055683,0.00475309416662191,0.0034236983333830718,0.007690044579678874,0.009337749809409794,0.006871274680583009,0.005888321411741117
2019-04-08,0.00034575973784152833,0.0044270483288636805,0.001126724915440328,-0.004294196556429937,0.003812368401537146,0.004128893839982748,-0.004937123705954514,-0.007081995372615135,-0.00021735519590673327,0.0035678419241548308
2019-04-09,-0.007287787486775303,-0.012297129039426225,-0.008295195548852996,-0.013655814446522916,-0.004734965231660358,-0.0012548520043970041,-0.003028882904137553,0.0024238555668643033,-0.0026128918267435074,-0.009028331409018474
2019-04-10,-0.0005228241185206611,0.0037199444663073102,0.003024140708293338,-0.00026423277195244634,0.006963319927319281,0.002865723176140705,0.007966006610092205,-0.003117360401052445,0.00032714914846925365,0.004779946049356391
2019-04-11,-0.0005226376203515831,0.0007420823887052414,0.00602220823139646,0.008558473401178868,-0.001310326979024211,0.001965662408998131,-0.00136880018829076,0.00501764101588352,-0.012389631677370134,0.0012760799719028005
2019-04-12,0.013162509553971018,0.0026680318505835597,0.018219554642394206,0.013155579912662524,0.00692388570345371,0.003208004323996852,0.005464651774978274,0.004649153977123395,-0.009199525833152724,0.0061891490871766345
2019-04-15,-0.004656539302758286,-0.005938179593334374,-0.006283827972025919,-0.00557961898758827,-0.00039019953399304654,0.005854745138711412,-0.006013106645510153,-0.00017163996074698288,0.0040005933059700256,0.002026112135701976
2019-04-16,0.004484469408965588,0.006530178997847072,0.01399175778766467,0.0060971100987435465,0.005066335260072932,0.00017674703391081556,-0.023856889014467846,-0.012448278722500788,-0.02073028178693122,0.004376355137904405
2019-04-17,-0.006214394238170327,-0.0013322590163659333,0.00255608411838516,0.0012924469261643347,0.005556880488629492,0.004940158991125274,-0.010441692880971217,-0.003834763846923471,-0.029180891065639127,0.0019298010388774818
2019-04-18,0.0012114440657979104,-0.004751321554951308,-0.0029219777264201685,0.011430258450706752,0.002830942927418002,0.0008795626461376119,0.007912232798801443,0.0005237777748256641,0.001630804878798026,-0.0003355516755845806
2019-04-22,-0.006768120052130306,0.02091391410683101,-0.0029303010763785478,-0.003069168781267475,0.0023106111721370357,0.00035159239757373627,-0.011037434426413828,-0.0008731154330251232,0.000582007981949495,-0.003780067081477861
2019-04-23,0.004517038874269542,-0.0016046156691822044,0.006216708123622258,0.008671991048540623,0.010838230563525704,-0.0031688717336769475,0.011318726338371716,0.0027912075485617017,0.015695603306753028,0.011880077817655222
2019-04-24,-0.0062597794500336215,-0.017673501116624392,-0.0010940839747355447,-0.002925113990317748,0.00038047275073160224,0.0021136425935024804,0.007009735789882006,0.006425255196380476,-0.0011459160293612637,0.000914449754157118
2019-04-25,-0.01281485890505358,-0.003125417255740917,0.0018229410524244847,-0.02032698064533238,-0.00025366675009353236,-0.006354865997945724,-0.0011181800781025393,0.004145795509023202,0.010264421728825872,-0.005248424819005619
2019-04-26,0.008269391116888965,-0.013052343588340159,0.009066289768047948,0.007509461655551315,-0.0038115024004302025,0.008990934618285332,0.006690804044390547,0.0015504671482013913,0.009936105865044325,0.007903909696847096
2019-04-29,-0.001929209885937509,-0.0009063306027680638,0.010057474233137948,0.0023195202035846186,0.0002546353231202361,0.0012276194603010175,-0.01033419158595818,-0.005869292140705906,-0.001799351339590618,-0.0034868481664893387
2019-04-30,0.00856567874810199,-0.0007560884131173227,0.0014286378281325998,0.003982136196489988,0.0016530866202972777,0.011502454455579429,0.011444584680409996,0.01631356113899468,0.0046039926232800815,-0.0014978999833013653
2019-05-01,-0.01826842174573765,-0.020168838477156743,-0.008242268799519713,-0.006559480357386039,-0.002544231945723033,-0.012379402082969499,0.0,-0.010272333647516448,-0.0017940176711658809,-0.012234005624968593
2019-05-02,-0.005154267055936876,-0.017594969500325186,0.0010788947767883565,-0.0005159578137131363,-0.005235885610973539,-0.0003506718329108185,0.0019413112590955356,-0.0022395141028024573,0.004255788893538372,0.0007584835885705694
2019-05-03,0.009752716523559676,0.00922527103756023,0.00894632531126214,0.012062324715935054,0.009430475990927199,0.00751800128776212,0.0069011727353205385,0.005504017633798681,0.007570950747745595,0.011725316617195128
2019-05-06,-0.014396180121706525,0.0009335872481746918,-0.006792099633406731,-0.00961237839375344,-0.007767549710279978,-0.001568989996519565,-0.0041351057599814485,-0.005504017633798674,0.0050889077215257586,-0.006096664133628079
2019-05-07,-0.0176996909666032,-0.008746001948406242,-0.016636539882955267,-0.02042634852178332,-0.02170921814964325,-0.00999384045491963,-0.017275144174477293,-0.0031094467313186954,-0.019388027476928495,-0.015279251487252858
2019-05-08,-0.0009116398644078737,0.0,-0.002190722264402238,0.0,-0.001176203912959632,-0.00017633595081715422,0.0,-0.013762045391380215,0.0021360054179323574,0.00034029342719974084
2019-05-09,-0.007873291502010894,0.0,-0.002195372547492344,-0.0014469111415498267,-0.006823792303336197,-0.002116917950973721,0.003366779236140503,-0.0012285835178232043,-0.0021360054179322954,-0.004089934540632715
2019-05-10,0.013511039103609072,0.004694965368511006,0.006571711351420372,0.003941129424313089,0.003155073839177877,0.012112672457603084,0.011419282598398492,0.01775507682692061,0.0003377712049355503,0.0014505622656309108
2019-05-13,-0.02274505759045552,-0.01732313478900484,-0.029544001585355553,-0.028864097938230443,-0.03840191322693938,-0.009466920873703153,0.0,0.010640083170419227,-0.01896194089496353,-0.030207335510258653
2019-05-14,0.00849830377574896,0.012157630924739862,0.00783990016840603,0.010337760494455976,0.015967823058601515,0.004744542347969562,0.003593636471080319,-0.006680009334198029,0.0050309754459846,0.010055005464192298
2019-05-15,-0.0025787857943514614,0.005165503864265108,-0.0037257566491688448,0.0013349401162480005,0.010815126709600342,0.007858366789865854,0.006600371968481278,-0.0017195428499919467,0.0029610087508368673,0.006762644506642643
2019-05-16,0.013919662239602244,0.0054492971276350055,0.01002805966182299,0.009161432689878521,0.009121505871046192,0.0077970940520500015,0.005740378424389125,0.006691061813564946,0.00781582724495958,0.009202899098015211
2019-05-17,-0.006020092986067375,-0.010144262496145983,-0.006673971119503859,-0.011164283155940436,-0.008059297360966739,-0.0032848460487866376,-0.0013636393247235647,0.005116981259785053,-0.002146232198593564,-0.007648659672357967
2019-05-20,-0.014375574931464168,0.00047039933990999894,0.0011153993242390106,-0.0025427314221263247,-0.017531665655786736,-0.0024271724087433356,-0.016234007961124095,0.0013598921085689979,-0.0004524566429125926,-0.007099913553136343
2019-05-21,0.01528989446214617,0.011535499241180533,0.010351448743767068,0.011722447432649843,0.012211037501277758,-0.0020850755945201432,0.008287448521817028,0.0018673801932002655,0.009345287524397693,0.006927090121440111
2019-05-22,-0.006971116511034068,-0.015620433505634808,-0.005902251128214316,-0.008244812052809672,-0.005215131997162569,0.004512248003263464,0.004665769276347852,0.007433486414790352,0.005699171570707195,-0.010321464187123206
2019-05-23,-0.015397846598253004,-0.03410764610921099,-0.014158012531936319,-0.015339246119981952,-0.01771889547849573,-0.0003462760749635686,0.004917157708804001,0.008547836966725739,-0.003460029623937935,-0.012457401735207766
2019-05-24,0.005592768166372803,0.003739455473124446,0.007848935112039877,0.00040665995488528957,0.0002732015609986427,-0.0036442753291120763,0.0013612800443392676,-0.0015031796543792473,0.001452292335450663,0.0013233410230927692
2019-05-28,-0.010089530767478717,-0.010440582674006,-0.011608388813227526,-0.009259220294176968,-0.0028690673056426686,-0.016477183214168224,-0.010394255336981394,-0.01651534887892864,-0.014395223878897564,-0.006633998690152775
2019-05-29,0.00018760768711466327,-0.0064159600417874,-0.0018850402281225473,-0.004524759052188266,-0.005900891352625833,-0.0072728536099625155,-0.011614925662890392,-0.013342864037114849,-0.009674898300754287,-0.008914375827765813
2019-05-30,0.0016885357510415771,-0.012789887784638996,-0.003401855010379567,0.003840436734491624,0.0061742474065865265,0.004263909206999158,0.006101017828332899,-0.0015507783588401959,0.0054748622617238046,0.006515318640016855
2019-05-31,-0.011310108745235463,-0.017708415350855915,-0.015261601868337579,-0.013783581959684061,-0.016827904613178363,-0.014283537454602075,0.00825999811513279,0.004645953305290806,-0.007192113022803208,-0.013163343139608655
2019-06-03,0.03098394482080355,0.012680974372079861,0.006514584802513523,0.006777274031188601,-0.0176822977503424,0.01250902915309926,0.003831493095508158,0.009907630089005165,0.002403188537820202,-0.0084182412580577
2019-06-04,0.02773184870968138,0.017156814931280264,0.026758449704508216,0.023569197351239586,0.032867274745735385,0.009016367139302662,-0.005478255420239827,0.0008496085126619238,0.01643774457789684,0.02672806498967847
2019-06-05,0.007302281669841231,-0.011126771681203627,0.006302303012654196,0.009647709305355984,0.012931914093493762,0.011374489885753767,0.022540009976115386,0.021173583161310773,0.007504895796680584,0.00494410320758688
2019-06-06,0.011819969007222007,0.018367336227703868,0.003688409215022032,0.001732323630152802,0.011563762043949629,0.010386164158466911,0.001878228402560522,0.006133571894733293,0.005120062331115494,0.005094585993654217
2019-06-07,0.008904481479796077,0.004580220477909057,-0.0014735870440214798,0.007955446521451918,0.018412208594261334,0.009597436272253212,0.003211304145784987,-0.007464343439667991,0.010382053333759373,0.014353681881428243
2019-06-10,0.0017368399934828182,0.0029337900229047813,0.008445275575383649,0.0013196259540763711,0.010185744231603044,0.0003410398361858616,-0.003479637444752404,-0.00685024676048512,0.002962350942773896,0.00842893565060833
2019-06-11,-0.0006943893174066799,0.0019506636893829414,0.0003653618539829168,-0.008609942430036583,0.0,0.003234207902329204,0.0018749518552678263,-0.0060534452872432,-0.0016444781894617152,0.003846491333462745
2019-06-12,0.003293701794695761,-0.014230817157170632,-0.009917555902641475,0.002126356222073184,-0.005602173137845836,0.0015286455358304138,0.0037391973968518913,0.012903692047728276,0.004816455525350465,-0.00025595446286742855
2019-06-13,0.005867278933491335,0.011628716039330201,0.003316926157739968,0.00503170982287807,0.003000350670141568,0.0022033815509749275,0.0013323536578860404,0.0019958879275591736,-0.0012018467240237484,0.008920754230808502
2019-06-14,-0.004310806779773736,-0.006534558358483907,0.0022048145763321307,-0.0039701114385710095,-0.008765686541238863,0.0005077540357503303,0.004250964135203698,0.01041411753722286,-0.00229856483577775,0.0021964388074230635
2019-06-17,-0.009200586430558703,0.008324011752934275,-0.00921985919551253,-0.0034540673263123733,0.0007881760982290475,-0.002881181778856912,0.010810472125488201,-0.0027995276346525523,0.00448307704177575,0.0004221138610883286
2019-06-18,0.007817090761564517,0.013722380122002496,0.013250312510098845,0.01924181403525474,0.01795752896759289,-0.005445585795804673,-0.0028884933077803583,-0.004131126871749013,0.008473620240080108,0.007563654774050215
2019-06-19,-0.00555228488097542,-0.001122918117916531,-0.0018300106935095197,-0.0007835346252322985,0.0036044873906297607,0.004086986452106068,0.006553487639924365,0.007588289074094528,0.008938310912703822,0.0018402970013123078
2019-06-20,0.012622232744241253,0.02190913222423092,0.004386094811894652,0.01658258433899805,0.01454272126642565,0.00879869986230137,0.00599232211775706,0.006388695764527819,0.004386291260892578,0.006912263384391214
2019-06-21,-0.0031856768698839797,0.007200026939639623,-0.002238474400264918,-0.005343667251116091,-0.004738766486258245,-0.0032471569786753657,-0.011242146509238994,0.0038604174733190473,0.004791230954603339,-0.004641113226277383
2019-06-24,0.003807551301583403,-0.009008101178164517,-0.004049468200494605,-0.0019478285256849914,0.0019133674738729051,0.0025511177821436327,-0.005042954115659757,0.00032804288613935207,-0.005241343972719406,-0.005369180463511317
2019-06-25,0.0005182479049290728,-0.007969636144904646,-0.0033252960504079943,-0.0075678321149257165,-0.01852392062245094,-0.0005098272053557199,-0.013663858297330201,-0.006083177650164782,-0.0040838699467148675,-0.009635744424851274
2019-06-26,-0.0017279841043159065,0.015245654815537057,-0.0018523811541687834,0.002485449833557301,0.010718844315903918,-0.014378892992748395,-0.019614456927599194,-0.022008136146721143,-0.01267969952943083,0.003222150777197409
2019-06-27,0.0032803647331854607,-0.007434780637566704,0.008859616415637924,0.0009139499068964546,0.0025660862440317783,0.0018947079812990535,0.008219522847524542,0.0013477108618728854,0.006955903206013606,0.006245462764146419
2019-06-28,0.00841155821324759,0.011524132315359816,0.014231254198326836,0.010517687371156879,-0.00012829325137537478,-0.0006885123004329197,0.003268985014448952,0.0038648087116680526,0.0033517467920764197,0.0028564945314916395
2019-07-01,0.007662826542488601,0.0009413702677679343,0.01188576674930044,0.0009035661466166167,0.015764247050361967,0.0060090946633345995,-0.0019053591712109472,-0.00251875348644053,0.004953372355028933,0.008769947469305463
2019-07-02,-0.0010183437015924216,-0.016124250073164717,-0.0025096784076785073,-0.0012912945957111943,0.002645624358806685,0.008692072936502634,0.018359016907193028,0.013525999962708894,0.0053558393840034,0.0021599681710721763
2019-07-03,0.005081232137527562,0.003975998988608148,0.007865717422003813,0.005540938933259694,0.007644353893119412,0.012311227505203741,0.01434231423003104,0.00694220486357325,0.008511392409750107,0.008675160217856895
2019-07-05,-0.004571930658750188,0.0014275807940010246,0.0028448366245311385,-0.003991475546018822,-0.00187445934842484,-0.004367310880639856,-0.005552966566257188,-0.0004940716926251004,-0.0069098527166795674,0.0011509427177286958
2019-07-08,-0.011608169362107588,0.001425710065017988,-0.004984135733746729,-0.008291096310659317,-0.007659159506424438,0.0013458264859478263,0.003705633471001669,0.0014817931288908018,-0.007494452009437064,0.0012317986793915355
2019-07-09,-0.00983535300619592,0.0007908826466617895,0.001783182694199668,-0.002214315020692425,0.0035231831766795677,-0.005901457875178477,0.005270126513636759,0.001315652395722645,0.0009666156719146195,0.001066518841721736
2019-07-10,-0.002083000539942242,0.012729108939944682,-0.003569008627102078,-0.002349290611857293,0.007881287137948655,0.006405800770333111,0.005503921405250949,0.0022979261653759764,0.003429990781864035,0.0036005400156797615
2019-07-11,0.004334572832490407,0.0020277665163360606,0.005703961342249987,0.006772586233538231,0.0037313357797038008,0.0025171414995374033,-0.01288992531102946,0.00032804288613935207,0.00021401293535534079,0.002039966127583269
2019-07-12,0.009813266201254809,0.004199073006260208,0.006731891289576214,0.017371388689413122,0.007298167881236633,0.0028457317109424575,-0.00397942511736545,-0.006577975183353247,-0.011188001934431372,0.011428645542562671
2019-07-15,0.0006850830825406221,-0.009041596935276303,-0.005665890965177075,-0.004090310641802737,0.00332177812960396,0.0023372054070189105,0.0013282988499585969,0.003952006131838012,0.0021610831226316148,0.0032187204388330897
2019-07-16,0.0023941388139333422,-0.010705234173926418,-0.0024889241070628963,0.0063838402372873755,-0.009378886988722556,0.0003334084242977097,-0.0015942340755046374,-0.00576864646947879,-0.00497803044408153,-0.0012861670262884553
2019-07-17,-0.008920966270359055,-0.01146142433659286,-0.008580559015635219,-0.02161398035398716,-0.00260752226600443,-0.0011676445217599079,-0.0050642714366576705,0.0037946731895989617,0.0002172632478028429,-0.009618152474704305
2019-07-18,0.0042987205195362446,0.0001601667200169621,0.007511977979095456,0.0018190879764124453,0.007431570638022365,0.006653499994299844,-0.00026742062863586963,0.008689119684275111,0.00562402381433294,-0.0013002777183879362
2019-07-19,0.002228106936889319,0.0046314770762993515,-0.004285701999878809,0.0054379330382097035,-0.004328376709220885,-0.006319813359029418,-0.016440227318626963,-0.014634916965210536,-0.010407471014417746,-0.006608834819274261
2019-07-22,-0.002571466428156761,0.004609960656537108,0.002145185589232105,0.0007741567641380553,0.01145961015181455,-0.005856265253031836,-0.0010875652985950113,-0.0021555270326025057,-0.0020730186170572454,0.0005728767329095875
2019-07-23,0.020388341633054675,0.0026928716810569325,0.010304014730027816,0.012564322396879806,0.005498242960620529,0.007190051440854874,0.009745509811215813,-0.0063279912236485466,0.006205650141468435,0.006767350148454986
2019-07-24,-0.0006731281979409217,0.004261463617270357,0.01019877234411888,0.004322637144888239,0.008251595341810596,-0.0066866392784754695,-0.0008082555182270032,0.0008350623548147671,0.0005424687330469115,0.005025632661169455
2019-07-25,-0.007262981467087496,-0.011405060226464373,-0.0070224431841860255,-0.0020318102544364964,-0.004117237481912864,0.001340863686550672,-0.004323296909355184,-0.0025071244657215727,-0.004893405375861982,-0.005594446918750684
2019-07-26,0.0011863491786699735,-0.005111155039333696,0.010863725875177414,-0.002163595700741708,0.002181537160238617,0.01116035786713089,0.003244046150149452,0.0036746177911947584,0.003590557677967383,0.0045429884739233975
2019-07-29,-0.0033923021378336996,-0.004011169260840929,-0.007697606034608091,-0.0017849931504600291,-0.0006055652482577988,0.0018201669823386167,0.00377145658577845,0.0051551544412167995,0.004119117993882471,-0.004868302299553214
2019-07-30,0.006603977646320033,0.01119115772413974,-0.0028141978993440077,0.004329685303404539,-0.00644161871893956,0.0029720519365461604,0.009899859728644904,-0.00765903526211204,-0.004336036614097767,-0.00677362329494546
2019-07-31,-0.01547797506891403,-0.0031845132003461077,-0.004943274592806907,-0.011244770193515339,-0.015235656660042335,-0.0204854174896986,-0.004001527230984504,-0.004690957078848167,-0.00993518224480554,-0.011530393676011582
2019-08-01,-0.005672556899073039,-0.022908146732992917,-0.022915353963505938,-0.019594326531308624,-0.005088975428859834,-0.0035397515831934565,0.0024028755625629923,0.010191367826958288,0.0013155697179189666,-0.013678173131019468
2019-08-02,-0.01179126957685874,-0.01446456009049423,-0.0003622581087804206,-0.00644202098029648,-0.016435943875619568,0.0001688293567451734,0.007703660998449024,-0.00016609074108121712,-0.0023034075630117075,-0.008263854938468195
2019-08-05,-0.019018031821243283,-0.03025405454779513,-0.03390153002243755,-0.02808793737766763,-0.042642290396899464,-0.02634428213129132,-0.019236296565797065,-0.0144009407732966,-0.023784217566438136,-0.027208269878578092
2019-08-06,0.0012436358277704098,-0.001195562854752579,0.015988336613049672,0.014944476104853995,0.016497143202197147,0.008973052006269557,0.012332376464096838,0.012403737258547069,0.012851582964977626,0.01511163382530958
2019-08-07,0.013754513447195627,-0.007545805842013984,-0.01336829200748666,-0.0005344487384208319,0.006213402132572684,0.011614283937122043,0.009282661934741091,0.0024957058084801383,0.000332786063910067,0.004020163439343206
2019-08-08,0.018909378470271465,0.028342912982078326,0.01888612951765664,0.01683823403734382,0.024223507685374287,0.01282300429756147,0.015715173425398823,0.010249866584549511,0.013232136350757408,0.019107633094027257
2019-08-09,-0.007936606460683629,-0.011105636522665791,-0.0033069678472349645,-0.008450053118250235,-0.011401458667384923,-0.005547644487902513,-0.00025986663392783805,0.0011503359444555638,0.0012042198664794666,-0.009423732573957708
2019-08-12,-0.0157122895781479,-0.011914673852907577,-0.019324373176149434,-0.01388521631844438,-0.013209447052683426,-0.006766352447799047,-0.0007801920085989454,-0.0019732470043386523,-0.009785061707329533,-0.014647174962385098
2019-08-13,0.010676354514850639,0.009203916668948013,0.01230678591808911,0.011894586174249369,0.02473671169662994,0.011307425907241072,0.0005202578264498278,0.000658259146775685,0.012952804576466906,0.016336464363810442
2019-08-14,-0.03219817447602153,-0.03998130123464408,-0.03776894183982953,-0.031033265018664456,-0.03121269902107751,-0.015900024060207255,-0.0157234088837865,-0.008259001710089685,-0.028204962162646924,-0.031811142410570814
2019-08-15,0.00035981117805806366,-0.0061995069366063025,0.004991522115389764,-0.0010970353073172132,-0.0018205601096440611,0.014892745329922704,0.013901788384510678,0.012854645917525795,0.003471581280556204,-0.0016567653542746915
2019-08-16,0.017459729774052222,0.013062635930961682,0.017464202091216557,0.019159371614708164,0.01882723765677801,0.011358131163206131,0.007008314190281164,0.005063068046694186,0.01222240795621835,0.011280883797382443
2019-08-19,0.007916180799068452,0.021857068701994442,0.010110527877081766,0.009377414828502403,0.015087544524782675,0.009915630361725172,0.009012618810565995,0.006333835773801334,0.009561972293499626,0.012519340707440782
2019-08-20,-0.011809225102735618,-0.008443271601514962,-0.013503602859593466,-0.005884042916176897,-0.005046106441763931,-0.010912683173435389,-0.007462330108469287,-0.0016200129310167493,-0.008568493370587375,0.0002556719284770491
2019-08-21,0.005128712324327462,0.00638202252784206,0.004521546355381389,0.006150668222881589,0.011692927033782344,0.002656425049708719,0.004124278249486822,0.006626076042285934,0.007364537047663081,0.019070957324414727
2019-08-22,-0.006725752868669813,-0.004480190612820255,0.006744134997995661,0.0014653398104971366,-0.002377996172449061,0.00529192405738553,0.004875054076536091,0.0009660861354492881,-0.00494040008138685,0.0002503725303095579
2019-08-23,-0.02444857674734918,-0.03408050327992086,-0.025720048002685923,-0.0271181733051422,-0.03363777651990633,-0.01679873656592627,-0.012620935009324511,-0.010678170739020934,-0.02338371423095516,-0.02693229779768189
2019-08-26,0.0032703164424759687,0.004279539416608183,0.009533007594633758,0.0073577086583342865,0.013770264923772983,0.012335580558547084,0.009288141208755565,0.011482378827647284,0.010423095017476406,0.00982375898242697
2019-08-27,0.0007252516524892085,-0.006247275797657091,-0.006090616624712572,-0.005171846794823648,-0.001535204655670322,-0.0028204060422862796,-0.00334412336551218,0.001767090279433226,-0.005926410208988147,-0.0049426882979916
2019-08-28,0.007763926343418009,0.01422285070788327,0.009122439186041475,0.012206816235333061,0.0008960639965832238,0.009590039293981712,0.002830341818886923,-0.002732247923824622,0.007263520511220353,0.012395052631164244
2019-08-29,0.012689082308965987,0.014545160777778432,0.015020728839877885,0.0169754153484266,0.01724363441691606,0.0004934894539110354,0.007168420557617206,0.006896943217554674,0.007543119655254288,0.014906841763085732
2019-08-30,0.006725752868669902,0.0,0.003348563248063855,0.004100343813564704,-0.0002512550426412817,-0.0013166636937254703,0.000254844836901728,0.00031981166584806975,0.0012148594684228695,-0.006002853724337256
2019-09-03,-0.007969609434430817,-0.004883431401440693,-0.010455640254160853,-0.013688930745714726,-0.012271909495583634,0.0057475921405513814,0.014181332195774861,0.01758183885928592,-0.005867089037159602,-0.004106046769118647
2019-09-04,0.012193972944754782,0.013889130940192708,0.009712572984944589,0.012632429539387403,0.01691333320483296,0.008965743581872167,0.008263084692440054,0.000941676195482002,0.0006659579462268077,0.009859637228098218
2019-09-05,0.0015796618923788856,0.012337266438514675,0.020239915674386703,0.017810901508455965,0.02068589017127638,-0.0061859221131021006,-0.008766261291027122,-0.010882664220423874,0.009826114246821109,0.018943098528483283
2019-09-06,0.003850872248398452,0.005265383976423941,-0.00036452791749707974,0.0020749752765072274,-0.0008584215152155434,0.0032606116914342944,0.0012571665930321038,-0.003972072581082428,0.0027426055874141143,0.0024446272881028935
2019-09-09,-0.0052547905150333645,0.01979261775748941,0.015190215879601046,0.0029742850360413423,-0.007513043588612492,-0.0022812964994317884,-0.007566271421962519,-0.0049480366626258425,-0.00924556640288631,0.0038178883720050385
2019-09-10,0.009786591341163454,0.01172315174006923,0.003582997683784186,0.009127973259751097,-0.00508120571647738,-0.006218389255466326,-0.014792316162776261,0.0012792584093640224,0.002870814056171253,-0.003980624974272238
2019-09-11,0.009519915333340588,0.000984461777990107,0.00570614968707131,0.009298799017957044,0.01038290706949244,0.0036047726861769052,-0.002315104410101788,0.009858631117778821,0.009874803612783228,0.001870400474868565
2019-09-12,0.007722225082772112,-0.00625089871494044,0.005320023442954342,0.0006335782082336862,0.005396212883210552,0.004080793467762143,0.005905493005060246,0.002212724016090182,-0.0003275221797855759,0.0047822096543419955
2019-09-13,0.010880929571562545,0.007889546036646466,0.007751854014409716,0.0054338104257072575,-0.007365288098712938,-0.0057175459673606925,-0.01210568448754916,-0.006335231919663137,-0.0005462960269404107,-0.002023650860165051
2019-09-16,-0.01653807691373465,0.03301170510968279,-0.0035162265047484374,-0.0008824842594250792,-0.0024673338588557087,-0.009712885671986067,0.010312316268047971,0.0007939902911711289,-0.0021878919336883354,-0.012884513632593806
2019-09-17,0.008047308677516872,-0.01403777403365258,0.0010563954486536224,-0.0005045498482126891,0.004067558698137618,0.005444148674387788,0.014007578876373338,0.008693722060461644,0.0015322610256148597,0.006055485531886578
2019-09-18,0.0005116212853191167,-0.0048308293252392115,0.0035125204529832684,-0.00151550159744065,-0.00012298036507009497,0.0016441231824700182,-0.0030399892932752737,0.004240396011761453,-0.00010951661447783628,-0.0004899736304212782
2019-09-19,0.0017031939759661592,-0.0025859715629597967,-0.0045689159016369385,-0.005068540430373875,0.0022121308107591687,-0.00016440313904656848,0.0032924615600177028,0.004690500826039823,0.004691610158435456,-0.002696834211873859
2019-09-20,-0.002328950339117984,0.0008161389506816123,-0.005893954731334164,-0.006341485909932956,-0.011730041982704992,-0.0031781214376917525,-0.004259723027517583,0.003953106267780909,0.0055587638670563854,-0.011528913234824889
2019-09-23,-0.002402167478904162,0.0003262859542111575,0.0017791697401489392,-0.0019296057988385474,0.0031100190144505314,0.003971038665009113,0.003572321558794552,0.00015667967793171498,-0.005340301523132688,0.0034826569207273305
2019-09-24,-0.008628339626067254,-0.015950458875420948,-0.009644986194379417,-0.005681942211490077,-0.009735640710182115,0.004119627442814661,-0.0012744728719195192,0.011672238187174552,-0.009221747388837881,-0.010735513598337753
2019-09-25,0.0051858274148487826,0.0016563586527576551,0.008221765609293998,0.006454405746749067,0.011844966354118565,0.0006576577290450071,-0.001020567093492112,-0.0006189386827060337,-0.004864710311378579,0.00907855118430854
2019-09-26,-0.0022439860068517296,-0.013159149642426878,-0.004638638620169298,0.001414417612415574,0.0011149384195454624,0.005571881362280907,0.009654881921447495,0.005250138726285963,-0.005556583325035388,-0.004320887921240203
2019-09-27,-0.0027684058354289164,-0.00016745483061554852,0.003926383203324586,-0.003991619954287412,-0.01346150664542277,-0.0011448220230704646,-0.006595876685225853,-0.0035486354371592724,-0.004467872130064097,-0.003503574694553885
2019-09-30,0.008454904053499253,-0.007237642857804331,-0.0024968581222457177,0.0014183922581198854,0.010485270050826268,0.004896503828813833,0.0012717584381018315,0.0006180310478603255,0.008915965794125263,0.008570438824322145
2019-10-01,-0.02382115997989388,-0.023413848921205987,-0.02129646547683604,-0.024251677450130713,-0.009356791880200818,-0.0026083909741418877,-0.008680181698407957,-0.0023195343369870375,-0.009812017122964437,-0.008403120910518322
2019-10-02,-0.018111443605172327,-0.024861071311640812,-0.02064206247414511,-0.019053242055373076,-0.018980400573166745,-0.020282708015290748,-0.006173039239336227,-0.013404317489455924,-0.01467261390218559,-0.018126200319121218
2019-10-03,0.0035775118412925536,0.010755366964999772,0.004088371205271196,0.006569737144937369,0.01218902638319849,0.006972164127605312,0.011798170072038545,0.00235101798498737,0.0089419831431094,0.004837407939437421
2019-10-04,0.005341727722794649,0.006293838652030951,0.018375996730852787,0.010370066642552384,0.016396733091594787,0.015593359376225397,0.004578631117672934,0.013836052517039633,0.015542647882040593,0.009354074297980373
2019-10-07,-0.0035580311631428422,-0.008927570470652044,-0.005111162739067664,-0.005038628459385469,-0.004230041221747284,-0.008176858355204012,-0.0017778267481828223,-0.003867089792730236,-0.0033340002880833707,-0.004371036639672638
2019-10-08,-0.017620056531231172,-0.017203693812526292,-0.01996374281372901,-0.015539948060078471,-0.018496901814184955,-0.00956945316408696,-0.004842581072188622,-0.009342708564883862,-0.019219692203748823,-0.010586622075647213
2019-10-09,0.011183413952297168,0.009082058666147638,0.009291959965940783,0.008469699727121327,0.014749868120211326,0.007597176122681676,0.0030611038594923717,0.004837836333968213,0.007236372374201572,0.008478176637646119
2019-10-10,0.009106081498698234,0.01250770270353351,0.010305562904593814,0.009061895188837163,0.006858989170321501,0.0019722770414051095,0.002543962492564718,-0.0010904176483357165,0.004945173758267271,0.006647363765023529
2019-10-11,0.019189196926454107,0.013390254345039689,0.012372872548643362,0.018662926965787308,0.01370150232393476,-0.0009855404833697152,-0.003308511852562115,-0.0037474186856325813,0.008261609806583615,0.011258006531179818
2019-10-14,-0.00717478972283691,-0.0005184418556296128,0.001445618504777942,-0.0019550065654607798,-0.000613115647015145,-0.004943223484785336,0.0015285146308073776,-0.0064351816016783685,-0.0004447917502981241,-0.0004974861247853219
2019-10-15,0.007000417025139439,0.004139408539864851,0.014342165182788216,0.008056009338588306,0.010979464928819198,-0.004303977029628922,0.0007632612164335771,-0.003154144963049755,0.01807820591929501,0.008755945232429356
2019-10-16,0.002090695352020719,-0.014039153699658765,-0.0024950012107366934,-0.0005180185888811965,-0.006939496029484036,0.0009949171476262063,-0.0012724056998833608,0.002208879398971332,-0.0013120867775590543,0.004103760697645233
2019-10-17,0.002607105292197325,0.0006977113788699491,0.000713525866401711,0.004908793481620935,-0.001956848333234862,0.0046296538665508685,0.006599044412740278,0.0025186518455113075,0.007410799488623189,0.0026176384577824958
2019-10-18,-0.001737289544310966,-0.005246544158908011,0.0024932238144549403,-0.008670686210222584,-0.009593936818342565,0.001977776098309342,0.009567015230065765,0.003295972757741957,-0.0036982558376550687,-0.0019626522770396435
2019-10-21,-0.0031349142087449622,0.01772724684430798,0.01377852736886305,0.005961046421854089,0.010694999475175803,0.003287154529260926,0.0067419627112954164,0.003909422183133995,-0.001090275567212085,0.0035135404959403525
2019-10-22,-0.004194977994057111,0.012837006583645809,-0.0028106801862646928,0.007849941882657903,-0.013541753000828516,0.00032795828259883126,-0.002990435436272383,0.004205268532267449,0.0021795494781314873,-0.00638260080685488
2019-10-23,0.006285886203520021,0.008298915621520787,0.0042135164850061226,-0.00012800689322114416,0.0008673483498996456,0.00458274988227554,0.0017458131891771721,0.004032965853696658,0.006185900102299866,-0.00460756725221888
2019-10-24,0.0031283009983519242,-0.004225634338370769,-0.0014028362987414966,0.0014090186672115475,0.01450718039397466,0.003423314086053092,-0.003744971254567855,0.0033998792022424057,-0.0050980897401787665,-0.0004946700848953538
2019-10-25,0.01087243695977845,0.008097555286490227,0.0049004382386512125,0.0062537446701236244,0.01201092989857288,-0.005875616674589107,-0.012331926132227609,-0.010234294523204466,0.0010867209897362318,-0.0011559386018031872
2019-10-28,0.0030848746720703764,-0.005728969276100498,0.005223983812524982,0.0027952332056177006,0.012583489692148028,-0.001966210972180523,-0.010692681825039537,-0.013810796348222087,0.010266381169355252,0.0031340168017897924
2019-10-29,0.0061411980008540075,0.004047092351488497,0.0024286507792619953,0.0032930650076129215,-0.009092177067098485,0.0,0.002556318352056854,0.000947951307596098,0.014092375620763925,-0.005697896874978185
2019-10-30,0.0008500758995910272,-0.02057342545054178,-0.0006936188615474278,0.003534357577680525,0.006110209324947599,0.004581702866522423,0.0073765698380969654,0.008802165590322491,0.005602963430171701,0.0061917890410398396
2019-10-31,-0.011278234843167924,-0.004304291935886355,-0.004866221368880255,-0.010767945364747516,-0.0005973656507482707,-0.0014703306535728505,-0.0033000526599892,0.005462385198505261,-0.0011602409199401463,-0.005364225881761669
2019-11-01,0.013993528623449937,0.02251914312926546,0.01452834283807276,0.021546712241020612,0.01188098730814898,-0.00016350360150325143,-0.0025460265726934468,-0.0024933137052368234,0.0012654626140525523,0.006597956532824572
2019-11-04,0.007764891116479288,0.03203835566944796,0.00854861213065682,0.011526246745873015,0.005183227088512651,-0.009695238358645107,-0.011279131263108552,-0.012877132356686699,-0.0030610748247607155,0.0004933052199411098
2019-11-05,0.001680153520682004,0.0013063322929907622,0.003738162463386207,0.0020925121613826173,-0.0011756536070688035,0.0032969839087505387,-0.017423413753323923,-0.01032657857624135,-0.0071091136210514536,0.0014777948018064025
2019-11-06,-0.0006717373090045546,-0.020605945622875235,0.005075071860707695,0.0006145878865394538,-0.00047062972824617443,0.004106243919433891,0.0036661109591833566,0.0038254396880417238,0.0034012664977934393,0.0010658220550006725
2019-11-07,0.006696573064546697,0.014878691338511116,0.007397526773824317,0.003435372426750845,0.00785400338912386,-0.0034479705437557074,-0.010774080457501944,-0.013614446127944718,0.0022262311680575895,-0.006000543269812093
2019-11-08,0.0039967985279291945,-0.004110732911718005,-0.0003351028092824285,0.0013464881399813519,0.005589513934434674,-0.0006582733756781754,-0.0018511375333254278,-0.004201918178066745,0.0072796878205318325,0.0004124575824358231
2019-11-11,-0.001496792333104863,-0.005617874338744796,-0.0026844381870468155,0.0004889099306490111,0.0004642529531269657,-0.0014822715717068518,0.0018511375333254503,-0.006172586095865689,-0.004108174801027805,-0.0020627242871870677
2019-11-12,0.005146501995106282,-0.00515008408804833,0.0013430475398109845,-0.00012197209214970612,0.003360150323968308,0.003291090580839666,-0.006627198870790882,0.0024413922841634164,0.005998598808918437,-0.0006607632235465764
2019-11-13,-0.005812462847086639,-0.00433951594867461,-0.006396111648789229,-0.0041659100285288625,0.00219534921588274,0.007528565718382657,0.010055880372514528,0.014683541158152683,0.001153427790950675,-0.003145170517539366
2019-11-14,0.006143568886855838,-0.0026804125988634485,0.002024377863395786,0.0031871097596793893,-0.0011546940251521698,-0.0003259793997759737,0.009955455846061678,0.0035175489767594764,0.00010487240511323915,0.004301453061361918
2019-11-15,-0.0008280428073369937,0.007686207475610236,0.0026925698800925064,0.007316109371874383,0.008056015243189916,0.00032597939977591995,0.004941114435384493,0.0031873943571220447,0.021049063946629996,0.0018143849950388242
2019-11-18,-0.0024880336027148205,-0.01222529884044115,0.0020148610549555286,-0.003773230325019612,0.0029758107409054053,0.005204138984654675,0.005432314862746281,0.002066060153031865,-0.0033918212810326678,0.0034543855871642807
2019-11-19,-0.002161531624823809,-0.014938011305779954,0.002010665231783701,-0.0008541004623462511,0.0019409843125927921,-0.0012985163248852556,0.0020621410013678307,-0.00254358159324895,0.006771915259474606,-0.01106353271804198
2019-11-20,-0.012561977677177386,0.01004010943799586,-0.004698025630543636,-0.007965369537404312,-0.0060636356438960705,0.002271334974324513,0.0005147797775813201,0.006030688215689102,-0.001330381878876704,-0.002327232347794436
2019-11-21,-0.0016868825416415274,0.016290496923333946,-0.001009343750090278,-0.0003690323250516629,-0.005062173366029718,-0.005036053416077814,-0.013471779564008801,-0.0034871066224400095,0.002556964983383941,-0.0056750321884216845
2019-11-22,0.0016868825416414947,-0.003337336509347835,0.007380081149996877,0.005155967340354345,-0.001269627391586949,-0.0016301351024798534,-0.00575473836253783,0.00031768785785805796,0.003568212053135218,0.006839258249860973
2019-11-25,0.006551939207105948,0.0010025857063191495,0.00632990680443265,0.007198610216832959,0.014446563005578748,0.001141240527088031,0.000786989928287859,-0.003339019026994235,0.011635807114735015,0.008772153417232994
2019-11-26,0.005011075737857223,-0.009226030738786839,-0.0009966708040838467,0.002912815606771014,0.0009100184174087869,0.00811441608343012,0.013796880715459115,0.003339019026994307,-0.00080524243851423,0.006815015135043119
2019-11-27,0.003990671250004276,0.002524502090716045,0.003981379268381449,-0.0009699618671116964,0.0055572338691670066,0.0024215698721543853,0.0030972673192748413,0.0017442604872551799,0.0051213101780155975,0.008555832287715
2019-11-29,-0.0036576693697702462,-0.010136910585037148,-0.0016570476050068819,-0.004621243132832153,-0.002944802229009574,-0.0003225715068478587,-0.0038735925673041116,-0.0009511116977560403,-0.0035119019563531165,-0.006511957324240776
2019-12-02,-0.0100436609071255,0.0,-0.006321913469303724,-0.01659204173035092,-0.014395304981000051,0.0022553076663401773,-0.018540657111962955,-0.006523898052256663,-0.004432228019083742,-0.008282529333141633
2019-12-03,-0.006413286730772886,-0.01505575138001751,-0.014117537854999515,-0.010966367638577246,-0.00890043174256558,-0.0016104879520421318,0.008137736310918289,0.0027103048801837416,-0.0022236752354378134,-0.010096909543355502
2019-12-04,0.002198527079984477,0.014885988951337675,0.009434018873370873,0.003876780497411153,0.004055482265720541,0.006586791835782582,0.005215235117805167,0.007612845662312517,0.00926588290979401,0.00555758308374475
2019-12-05,0.0050556864195820525,-0.004766579043646325,0.0046835189816286735,0.00024943589040379995,0.003693712173886825,-0.000319986988280118,0.0015591889561194605,0.0017365700828617825,0.0,-0.00099308321515717
2019-12-06,0.01020143680582207,0.018932267443654137,0.013262952077657712,0.012031494122464593,0.010998962868551579,0.003836792844663923,0.0002595977939142904,-0.003001359816843311,0.006594887185566891,0.007999832770278851
2019-12-09,-0.0019984037391899694,-0.0011729260190804732,-0.0023082356795198654,-0.003829265649960407,-0.005255059927172481,0.0007975094059160831,0.001297040669058584,-0.0034865540682798885,-0.006995926745692159,0.0012312997433614468
2019-12-10,-0.0060201606754248585,0.002009605991747598,0.0003299828741939368,-0.0012383375180734877,0.0008013261067785836,-0.0031937158025530355,-0.007024810231960884,-0.00015874533533549249,0.002204156806168491,-0.0017242842770747902
2019-12-11,0.007519446366456655,-0.001674319230467231,-0.002312740461955221,0.006299789298865563,0.006730108585687253,0.0014382968594439625,-0.007600712795217523,0.002695693172670447,0.000899871736207037,0.002544309301209509
2019-12-12,0.013886847083898186,0.018266635061932806,0.01932896705832708,0.008826726426258568,0.010630074885273639,-0.0007989111583779073,-0.012175919757061686,-0.004284756880239637,0.009255367107991448,0.008732904689733843
2019-12-13,-0.007746481187763366,-0.007598093421960915,-0.0035756235142708746,-0.0026887785845085663,0.006614753367170326,0.003510415920249228,0.0010646367099935048,0.007762344906583752,-0.0006936626106355625,0.0008936547569654448
2019-12-16,0.004292735056145703,0.013341070048381129,0.0035756235142708455,-0.0004896559375930263,0.008899742815731273,0.00349813599539341,0.007685437348467774,0.012389611475554618,0.010746975822283658,0.004374815872696192
2019-12-17,0.0014815866625348785,0.0006543411890554857,0.003886039936139736,-0.000979927949706458,-0.002328636196130617,-0.0015886302018984894,-0.010882627053884632,0.0032676198325267878,-0.0010792140934095234,0.004435754004685696
2019-12-18,-0.0013169370841831533,0.0037535887527466037,-0.004210524305943436,-0.0041760393906478815,-0.00011081377138958223,-0.001591085755056159,0.014045328766787104,0.0040309455095899,0.0013734268257243635,0.0009653344518083772
2019-12-19,0.003453107105002862,-0.0003259751465484207,-0.0003249395997086324,0.0027041886929461186,0.007190549551881309,0.005399624315530861,0.00942914773077243,0.00030928962575524333,0.0039139764287440815,0.003130609332609125
2019-12-20,0.004840921657397264,0.00954684207706129,0.0011743634296476834,0.004590172980022122,0.005789233870663534,0.007524225633163796,0.0076916327106813474,0.006851309223569036,0.007054784245367135,0.0015266158703340937
2019-12-23,0.0027884297315265852,0.01021491475576635,-0.0022842501220802264,0.008193616802534893,0.002854673360194738,-0.0042879387974148085,-0.006032810712543773,-0.009332653772205421,0.003984422301951823,-0.002331017938238408
2019-12-24,0.0011460373780178286,-0.00048415184700415236,0.0022842501220802407,-0.0040274615010301796,0.00032885821957893995,0.0012723124066705786,0.0013144941522036226,0.0014054626912431353,-0.00126144424328552,0.0022508910637516607
2019-12-26,0.004407815296227274,-0.0003229804303335377,0.005525808110781826,0.002320737958676256,0.00742528768013247,0.0009532445353661014,0.006025093811080528,0.0017150373245223493,-0.0006800703507645095,0.01213064801137654
2019-12-27,-0.0037537381811681187,-0.004206283518545232,-0.002596650886143611,-0.0008539923166015437,-0.00010867981598129762,0.004436878365851208,0.0036495383430956594,0.0029554791563630605,0.0002912323723052919,-7.903936656173129e-05
2019-12-30,-0.0031111270321686835,-0.0031607086729049413,-0.002929157224638144,-0.0046509569860710975,-0.005783423185845344,-0.005230983153448893,-0.0007807354544832717,-0.00015533774870251477,-0.006021326308372222,-0.006446801109993372
2019-12-31,0.007353323580423827,0.0056787570314946615,0.0032540901425776765,-0.0006134209494633269,0.0031683993543931838,0.0009530215030386602,0.007006413104378615,0.003876581633742112,0.001965340244317357,0.0014361400417692224
2020-01-02,-0.011791712038056028,0.008953824187175278,0.009699421164528963,0.018726384644733116,0.018589217812205603,-0.00797088866252311,-0.011705022770240221,-0.012614233572449974,0.002647163274910664,0.011810237466410738
2020-01-03,-0.01627682601104242,-0.0029757636639043948,-0.010674676313968047,-0.0019296518099122491,-0.011307065499671594,-0.0016015275605114722,0.007299101214315218,0.002035271056363849,-0.008752650508335597,-0.00854654863769166
2020-01-06,-0.00436307397187966,0.007751316169870154,-0.0006504662846017407,0.0003623540154946148,0.002379905391229164,0.0020816515973367446,0.00025992174170114433,0.0009379995626500502,0.006203603207911203,0.002777887699102252
2020-01-07,-0.0011779783992677732,-0.0026321326852754875,-0.006529655775743478,-0.002053515364101898,-0.0004322178723450102,-0.0077082621516034195,-0.01096635569783647,-0.001407220732633342,-0.0019653132872454247,-0.0015866018987884675
2020-01-08,0.0035299256084183775,-0.016608788154596207,0.006529655775743402,0.0033795690444013036,0.01064349128519691,0.003700721028890072,0.0049758469642240755,-0.0004695865219303539,0.0064706654084688885,0.003012050566055428
2020-01-09,0.0036841985271707247,0.007341831170002973,0.006163869649918599,0.004208538734774735,0.01127192493746485,0.007042578696928153,-0.000261238010498286,0.005464066940329307,0.004290495649169438,0.00528814551778188
2020-01-10,-0.004019997705868716,-0.005668426010919401,-0.007466352420889932,-0.007104248647916861,-0.002329008002875033,-0.0006382997948725541,0.009621858492457563,0.002643062509323189,0.0002922060584316094,-0.005446492099543285
2020-01-13,0.012840960751517838,0.00033436179737996244,0.006819186102789787,0.00818382423967476,0.012428988117293174,0.006522000924447893,0.01209027965007167,0.006037700698909862,-0.0035080829684819696,0.003161034440425761
2020-01-14,-0.004151155912791661,0.00016726299449425696,-0.0019436680189364975,0.00011979115547542562,-0.004721706666196188,0.00031730433338148986,-0.004870170841333476,0.0029285061298635015,0.0060338527175230585,-0.0003156414727782282
2020-01-15,0.006798849275921319,-0.007380336946969033,-0.005527396195250202,0.0015569889967011257,0.001156199091738038,0.0071068415110901095,0.0069133061207100254,0.01390696755689553,0.00859882573172666,-0.002291544254294042
2020-01-16,0.005931713650480233,0.0016822142617126043,0.008764978297002794,0.009882350613580223,0.013357255311387862,0.002672148328963734,0.008891348053990855,0.006203199526578021,0.005181225077223687,0.008899498302400584
2020-01-17,0.004425949971360342,-0.006406939151535289,0.002904370498587201,0.00011861420285189838,0.006715379565339867,0.001725016135770061,0.001263839863403392,0.006914109619547166,0.0,0.003522084010984907
2020-01-21,-0.010853469623841837,-0.018092341911028514,-0.008414199397120396,-0.011078730739054948,-0.0004120857731801017,0.003441341519784148,0.010052802088410846,0.009095802486411668,0.0010521739430600552,-0.0030517134069346793
2020-01-22,-0.003976112476499956,-0.009691976680196085,0.00292060231516751,-0.005284533297400066,0.0035990770575039747,0.0007804327191842541,-0.008034472509584181,0.00311215628033033,0.0012419500976574628,-0.00047037060405016103
2020-01-23,-0.0011628604628197722,-0.0038335442045021786,-0.002595669397227887,0.01077965720800766,0.004710049570666833,-0.000936789068687358,0.009533790614936363,0.008839340824070787,-0.005073480682374726,0.0014887695440231005
2020-01-24,-0.007172081907634694,-0.011589256178682358,-0.012751489981798533,-0.0046569853081386186,-0.004710049570666821,-0.006895153470573889,-0.0014993181053521035,0.002636556282493983,-0.016839517850455774,-0.014033874741561822
2020-01-27,-0.021830141742207286,-0.028120295348095164,-0.015586370662068904,-0.019092037437034613,-0.02410018112555625,-0.0031501466483399485,-0.004260001621891415,-0.0024898304680935797,-0.007642013843446889,-0.015038940389158616
2020-01-28,0.011228529243602865,0.00453071790437929,0.01162996201876629,0.006445288837186051,0.018954786842242295,0.0012610796409452056,0.0025079905117781887,0.004097643900118641,0.00490541375187968,0.009705200435340563
2020-01-29,0.0032091594153674497,-0.010543178328121147,-0.001653276583712878,0.005318929271371187,0.0025758409970516325,-0.005054458467254609,-0.005274526223736542,0.0026254716232464214,-0.0027437782678820565,-0.0005589742547351744
2020-01-30,-0.006259003081441324,0.008008577484700028,0.012496167231471542,0.0010846777224578748,0.008606965907137904,0.01180663413816416,0.00226396931827727,0.009279808113362192,-0.007288727573548473,-0.0016783492435087986
2020-01-31,-0.022307063307394046,-0.031678749796782375,-0.021137015735921826,-0.02339593349858439,-0.027827259332070673,-0.011331674100290743,-0.014425327749427572,-0.004484329579676603,-0.020170548864857498,0.0025566063035310648
2020-02-03,0.02077860953009302,-0.013185141317602058,0.006985047312007902,-0.0003697432436161744,0.013130700040403868,0.0,0.0010191145628811206,0.0031842126148991594,0.009037305174173308,0.00707673352285834
2020-02-04,0.017520702171603064,0.0035962378256918746,0.009566253738573387,0.018694329182391424,0.0258559908700252,0.005996456218739612,0.012903630439436417,-0.01002100839882482,0.017440003975472806,0.018059493663557646
2020-02-05,0.018367486948757273,0.036907119141420475,0.019828416861453802,0.01656685041193053,0.005834430694288815,0.007991979835874909,-0.0007542297809914496,0.004078610736488892,0.01907045513560611,0.005045263339380285
2020-02-06,-0.0004921867406724872,-0.010249047693172572,-0.0012884277195899711,0.0032097392133787206,0.009086060600727681,0.0017155420438510083,0.004267369433560727,0.0002906264373924538,0.0008670285981923608,-0.00224791247732432
2020-02-07,-0.014374281626146632,-0.007014968036816628,-0.003551118263303205,-0.007266048829123692,-0.009186339951006468,0.0012454264655997345,0.0005005852430946865,-0.003202424052840101,-0.007830289827790406,-0.004354850467675953
2020-02-10,-0.0004994162780155358,-0.005014279927090285,0.0029065233941478973,0.005603111034582909,0.01345090916603713,0.004192997456549836,0.011451818236486154,0.0037835582664918644,0.00532326936568448,0.011237248171498324
2020-02-11,0.005479335889811545,0.011109188328674593,0.003540898975998121,0.00379658887437128,-0.003370502973401945,-0.003726169734824869,0.012055675421856354,0.0036246585662907823,0.005967393955131811,0.007829805930442585
2020-02-12,0.005449547543073498,0.013351706240570225,0.0006424549245327588,0.009312563197299619,0.010765837427540302,-0.0004668277217250629,0.006338258615636271,0.0007231835674958389,0.0012467570332616348,0.010194448724424534
2020-02-13,-0.0036297061377138316,-0.003093362859629271,-0.0003211758687260515,-0.005647961158476198,-0.0026557359842859164,0.005896181608688798,0.006057075259540998,0.011073857748666116,-0.004707130526287463,-0.0017424886544317772
2020-02-14,0.00016528902023818138,-0.00529923199126,0.0012841538148883355,-0.0012985972628219236,0.004324479855532142,0.0023179913456512365,0.011527460597351567,0.006699451830858323,0.0007702780954638403,-0.0015175546197128099
2020-02-18,-0.002481993553040079,-0.008279084011400865,-0.008700021558941172,-0.005687243538960219,-0.0037337944667068545,-0.0035563703013318255,-0.000955796643182353,0.00834702327385394,-0.0035668684171395303,-7.590460322896519e-05
2020-02-19,0.002647183783260672,0.013213723922191795,0.007415867744052873,-0.00035654148332204497,0.01184141785176007,-0.0010847887238635062,-0.01420136800434882,-0.010907643266006385,0.004624464985676556,0.00447055060554701
2020-02-20,0.0016509026990942726,-0.0010943938972383484,-0.001929155443059692,-0.0014274385129390674,-0.010464032886317504,0.0007748496772224422,0.011089803488290766,0.003554440346318138,-0.006460656627982914,0.0003781988515093648
2020-02-21,-0.004629513563511293,-0.011934455510402236,-0.00970262711671036,-0.005011738815405632,-0.022669563451440992,0.0017029902041912242,0.005260515405235719,-0.0018467638031599493,0.0005803646614621034,-0.01538417483706821
2020-02-24,-0.028578244074512964,-0.04727685414203317,-0.03303888177658628,-0.02888565160702158,-0.04220985679315579,-0.023316897071336256,-0.013445320628058198,-0.011727666200154219,-0.03202654682980997,-0.03498687939862757
2020-02-25,-0.04410289567507717,-0.04515609624699976,-0.03451586657241595,-0.04161231193430905,-0.03251716734110568,-0.018214289471091244,-0.025460518832733304,-0.021228017668372158,-0.030818279753712034,-0.027068063367627914
2020-02-26,-0.0033920729478223075,-0.030651315369854937,-0.007328833558114881,-0.007602685161958358,0.004540966719383163,-0.005659437116659167,-0.008716360484902465,-0.01019136003278648,-0.00010299124387973919,-0.007952407813686344
2020-02-27,-0.047985786404173024,-0.054961171919794966,-0.043671653873391766,-0.037829776066220684,-0.055446603367772816,-0.041551816867870364,-0.058188790882332135,-0.046025160143686045,-0.034569566419152764,-0.041254312011319474
2020-02-28,-0.01094118691886903,-0.0008835921756798492,-0.027449832959447838,-0.01843923842661554,0.007611095452374196,-0.019975085178039795,-0.024964568661681178,-0.03399281122253958,-0.012980597445203319,-0.006454067536327421
2020-03-02,0.04197438433180947,0.039628516907227226,0.04988222694907147,0.03456302055818218,0.056214571800483046,0.052077695489918814,0.04854458526058996,0.057194114001166876,0.045798210280794935,0.0337835787246101
2020-03-03,-0.008768465064381349,-0.031050272827743308,-0.038291123919461593,-0.02475851813344814,-0.0387157472932223,-0.013679769032755288,-0.0007775626661959515,-0.01237876005892115,-0.02517220964851443,-0.024502867371876565
2020-03-04,0.0406307922316208,0.023377860337613788,0.032549969395979594,0.04049683525851881,0.042026803098869275,0.04795231764508067,0.03813398013920934,0.055191665633805405,0.056046665520496274,0.033972897909925116
2020-03-05,-0.03222619156535242,-0.03727147920531258,-0.04941985733012964,-0.05016412092322097,-0.03206882422557355,-0.019002554199401275,-0.02321585736420817,-0.015545313965438155,-0.023475578268456004,-0.038001236262105956
2020-03-06,-0.026363151192074434,-0.05782490587042084,-0.03461900698299121,-0.008794927538375845,-0.02136498120957453,-0.007930969705062922,-0.017253040814836598,-0.00816199029242571,-0.005337982104452971,-0.01549196165913997
2020-03-09,-0.09826632732325463,-0.2249099215538605,-0.11343844615985116,-0.09673285158481351,-0.07895611093710433,-0.04452529251469406,-0.07326890471013763,-0.055923383796928176,-0.05338140629517086,-0.06504454284588865
2020-03-10,0.03979929746113645,0.04634586991469956,0.057085543668698356,0.05054788879789444,0.06456889821669981,0.028307595916332338,0.04748475338403834,0.009254336811771178,0.03373489784029809,0.05381724079512488
2020-03-11,-0.04870113286561765,-0.05433269974385372,-0.05577084430543926,-0.060480001245671856,-0.04839075012491448,-0.05029431413425928,-0.05505962825173722,-0.051581069469728374,-0.03896008716083812,-0.05624053908488332
2020-03-12,-0.10123337390728844,-0.1332345292592302,-0.11445035865087581,-0.10925824328234693,-0.10270274858579545,-0.09866765125993472,-0.08980573223739899,-0.10640224799697016,-0.077589924685868,-0.10653270581236012
2020-03-13,0.06782658572352228,0.08828302655361608,0.1236024757634345,0.0752083634869162,0.11093219528119734,0.08167811046804782,0.08415789412560691,0.05305627042224727,0.06705673174067223,0.06002620356840911
2020-03-16,-0.11662814126490972,-0.14626016305557926,-0.14744869491286705,-0.12040786596715505,-0.14866254304808782,-0.07024272804303532,-0.17436704606572642,-0.12056123045717274,-0.10381789790896793,-0.1354606250070787
2020-03-17,0.060013520919833,0.00680909355228761,0.052875905214397695,0.045027997027915684,0.06586447853452278,0.08096060713503397,0.05891737345808055,0.12038805843508692,0.06088381329588493,0.0377820149635822
2020-03-18,-0.06607191019365183,-0.1549843943951419,-0.08870355855537243,-0.07652224505162933,-0.03840542510047179,-0.026026095949957886,-0.07283717851123585,-0.044506836170708365,-0.03372282298579172,-0.05916425182911306
2020-03-19,0.025202414034159872,0.06576256017653462,0.02165025137599045,0.0007392776838418921,0.003613316413934947,-0.033932535839058094,-0.01585140013976226,-0.059967679605366614,-0.020696370337739134,0.03428305126923253
2020-03-20,-0.03644658161437039,0.00971453935391788,-0.036348624238503525,-0.051380596714950794,-0.04690794813459065,-0.0669539034435787,-0.058282849367571325,-0.08264544017277889,-0.0391769770232239,-0.030174691252290702
2020-03-23,-0.05232315761466571,-0.07059280726793365,-0.05994502122507656,-0.044788840445787376,-0.009176807089104922,-0.030039902766058835,-0.057171608955666794,-0.052376363937856274,-0.053336142473679966,0.0016469012973748388
2020-03-24,0.11118472038384454,0.14874205824231745,0.11690172903408197,0.11912631767083316,0.0975030869560003,0.04973992786697559,0.08360165871658959,0.10210579273998731,0.07423231531579287,0.08965457221681447
2020-03-25,0.023063961133182632,0.04608781334800611,0.02684058260198374,0.05126581264470898,-0.001289095746341012,-0.0027431195882063174,0.043477216099008516,0.02520192756376391,0.0132255980324932,0.01739510762018443
2020-03-26,0.04589769066645091,0.059309334109036424,0.06088428212024141,0.06120431902504978,0.06008559419337581,0.05329256538376223,0.07398454238264335,0.08180493916545378,0.06431608392783182,0.04053468979629799
2020-03-27,-0.036819426141115226,-0.07019237893863554,-0.030930248800797346,-0.04304052032998378,-0.04624826996406252,-0.0046613040519978225,0.0025665843877578027,0.005402579520916173,-0.021649013635469002,-0.034088507188205726
2020-03-30,0.03136025073916879,0.01018458761411584,0.018859670283978877,0.014497944594838079,0.04125481968452989,0.03831483997548164,0.025622320444898712,0.03632926946175285,0.04576585713795441,0.020692082677779847
2020-03-31,-0.013890616877711499,0.01525664744886051,-0.02794433079556432,-0.012462674182511322,-0.018858339066396876,-0.020533488681576315,-0.0323737900117632,-0.041190358482501584,-0.004393300875076556,-0.02038606231903504
2020-04-01,-0.04611849061932338,-0.05082222554256682,-0.06293858240982546,-0.04612416655045072,-0.04882741790638092,-0.017034191237947797,-0.06256186361836884,-0.06197899669432974,-0.038787223081066385,-0.04568538489000247
2020-04-02,0.015000021705506643,0.08764458355126666,0.02475490185675721,0.013221584897846056,0.023117181078853626,0.02526175275605098,0.014658502819422775,0.03081809371422855,0.02731954986268167,0.0037282305418004404
2020-04-03,-0.024343365871298546,-0.010670247062390571,-0.020161740537096556,-0.013399310335517436,-0.015567872161686763,0.007799230364963912,-0.008496399067995064,-0.036401888827155275,-0.009062110290924293,-0.017591402752575022
2020-04-06,0.07175824766793513,0.05161182874586978,0.06933207465634836,0.06693205329307071,0.08187615001375688,0.036541795737195806,0.06985734792205847,0.07439750881560053,0.05110304791808248,0.07993461941981223
2020-04-07,0.02630032808453983,0.0211063615409045,0.009926691903572808,-0.00232685822463514,-0.009000996468696391,-0.011562674803506309,0.00031826591597292005,-0.012626482096626292,-0.00824594441728214,0.014775286862321265
2020-04-08,0.04777660951959668,0.06457746986168914,0.04281470498032829,0.03563035770465008,0.026528813267526454,0.014693108003360874,0.07240186712568011,0.05302507082144512,0.040353803231301374,0.03101322411675793
2020-04-09,0.042102710185991404,-0.009100183159439388,0.05223894882410546,0.014980255582490543,0.0002346149695486653,0.009332774059739646,0.050212736764083755,0.046089742487972464,0.005498468109456077,0.017875338737661832
2020-04-13,-0.02222059604241939,-0.003249174209028403,-0.03703297100908599,-0.0296994466996893,0.002227881491340895,-0.0074243895631786565,-0.04696240908892038,-0.032241973486217476,-0.008790724704828345,-0.0002811218793731108
2020-04-14,0.012842318194853767,-0.004745291757127204,0.004428771140742341,0.01888537613888862,0.0410698482415165,0.04158428327445735,0.03278961858412686,0.028948983302578644,0.032652538268644726,0.03835500992242224
2020-04-15,-0.04702514765084473,-0.04810650858919687,-0.04427112763596452,-0.028052155076503812,-0.022046311113008633,-0.015919952212817837,-0.03930066521682551,-0.03354355420221223,-0.00516151919795064,-0.022171501082165843
2020-04-16,-0.005778044687942562,-0.043672180952198415,-0.017707932876959702,-0.00891999222403252,0.01210621433057475,0.006566148424316876,-0.0065533000025935675,0.0001706534917862635,0.0216030440007354,0.011922261489996937
2020-04-17,0.039363965997499424,0.10095193772349288,0.05131685323910373,0.04588647844532758,0.013194606138231943,0.01515571780191252,0.03176722309554445,0.03172198917056045,0.020550804042785517,0.02910997806455443
2020-04-20,-0.02498088679176798,-0.03172038107847202,-0.017572118116207538,-0.0269851949173454,-0.01615046397965888,-0.019865560332571128,-0.037762438642318506,-0.038566771933142265,-0.007969566027173632,-0.01759860416710078
2020-04-21,-0.02499370389607658,-0.01779173371836311,-0.03280501109116044,-0.023891176829228516,-0.042802166609333545,-0.021473188246208034,-0.01484226951827495,-0.016620653709233914,-0.030878029315944026,-0.026297905672287996
2020-04-22,0.01947034652532783,0.034973855565476844,0.010745606714879983,0.010450390522504184,0.03778000451219074,0.009600685399993087,0.017244614587856776,0.028738032712923696,0.015151559381733716,0.021329154494596127
2020-04-23,0.006950168599154137,0.03176746684479006,-0.0041912561399030145,0.00788965898269545,-0.00688960715181561,-0.008911939482916941,-0.011463139671410636,-0.016936527295851548,0.005471853781715528,-0.0002719135650838001
2020-04-24,0.015563650692722798,0.002313530041040133,0.014362318179617445,0.007990216023645049,0.020978794246135305,0.010616752776768216,0.00363414731165576,0.006191826593040675,0.013350512432120475,0.016799495981060095
2020-04-27,0.0263252580488497,0.02143240865682316,0.03347189749280986,0.02454610621772911,0.008538647992676857,0.002891323990211156,0.028607295647790555,0.010405315595305508,0.012780885235374686,0.018535356689480257
2020-04-28,0.018387829789565345,0.022642304718105726,0.010619560833611694,0.018527928773718956,-0.013401784125242669,0.0055888130152569,0.0008808553072546031,0.00372629565482539,-0.020388043553985602,0.003927809775986471
2020-04-29,0.025188797822355002,0.07145918766025522,0.028635409268516446,0.018954073248709243,0.040223130381233825,-0.004231117365484179,0.002638261511010624,-0.009171319819748289,0.006609377472551673,0.021798864472861956
2020-04-30,-0.030187622680016013,-0.02237945186861554,-0.02555919715388679,-0.020043869535395643,-0.004475196336028097,-0.011943479945020737,-0.007050524009833424,-0.023302985157954575,-0.004601512882140735,-0.0062412070317052915
2020-05-01,-0.02123394447847577,-0.058242642053855126,-0.032555649247055854,-0.03067918203558715,-0.027842802396074656,-0.011046161760566038,-0.031140324241179847,-0.024395971757994177,-0.01923556706479991,-0.03810973004719908
2020-05-04,0.0035379376722061654,0.03400407481254782,-0.009107571557503163,-0.012767877485233293,0.013186024089588815,-0.00052070983389215,-0.0006084783513062327,0.007488195762921878,-0.0005112251477442367,0.005420074797835806
2020-05-05,0.002546989973959949,0.0008082252795136738,-0.0032073920507824957,0.003896245811993216,0.0136714026298115,0.0008678284675557829,0.006370384328087468,0.008137223337131547,0.021449552033445722,0.0036264776787614046
2020-05-06,-0.01737082564667109,-0.02647869338488579,-0.021805694257633144,-0.013867680045005675,0.007745108523469087,-0.010990065511705924,-0.018617636949071394,-0.034594337092160206,-0.009959109898374365,-0.0001765172139983539
2020-05-07,0.020302041044384496,0.02567046810537206,0.023181536797752318,0.011596681317612625,0.014883758800225013,-0.0028103884258071326,0.008894236717811149,0.004004461836183059,-0.0001011588292581786,0.015596653063146164
2020-05-08,0.023716790588520404,0.04455717777372138,0.021311114264790966,0.02454203562657264,0.014560044852072154,0.022093587563582585,0.018154862612798677,0.019962866275398138,0.005143731218955085,0.01928740263791974
2020-05-11,-0.015361142447248536,-0.017690395879873196,-0.01947956475412759,-0.012596660440155892,0.006625080541673104,-0.0013773317220728966,-0.01206664049469621,-0.004282808350071439,0.01705505632720349,-0.00221973655139658
2020-05-12,-0.015404800203809675,-0.017741928737293276,-0.02642111839108641,-0.028482917779404617,-0.02086396643708602,-0.00847835809369992,-0.043417557957085864,-0.008800965179989241,-0.015346735730513338,-0.022123084488247412
2020-05-13,-0.02124996105283662,-0.04648162969398607,-0.03003805708083887,-0.025415025570222356,-0.017380535938949754,-0.009076834084265111,-0.015974726666714373,-0.00851541604309234,-0.010904601705105054,-0.017364153177743973
2020-05-14,0.012169917273774297,0.011132791877402508,0.02533038043014665,0.010444889038551931,0.012660610188582189,-0.0024577060931538263,0.0012874593374627165,0.010677918528575239,0.010904601705105127,0.014826582024229065
2020-05-15,0.008687259071080566,-0.00388241164411835,-0.006629132707782128,-0.003525635273260603,0.0050410671982118686,0.008750558957173003,-0.003544547033523641,-0.013410697617021973,0.008399894129880035,0.011584104779439997
2020-05-18,0.04459696030601819,0.07852400331959344,0.05003360069053422,0.06384460241885268,0.02420434349312441,0.015731921413981855,0.0475907682392401,0.04023055060604927,0.008231278084566635,0.037143599477172225
2020-05-19,-0.00963459688357935,-0.02839855277365605,-0.0247038143364526,-0.012862427953239376,-0.00366151850388265,-0.018523752973806196,-0.0195810908386612,-0.016611287896553483,-0.012122254978026707,-0.003594383927970238
2020-05-20,0.01581956034227104,0.039129396417946626,0.02198876242161843,0.018526384294235726,0.021668835155130607,0.011811672926325118,0.009372020153312392,0.005509031440407884,0.0011986950248215357,0.012978766351358285
2020-05-21,-0.009574824781255278,-0.016139789550259437,-0.0031767283260653797,0.0023504154054047387,-0.014047017813694357,-0.011112983978597545,-0.004987711261815839,-0.010152605417445532,-0.00741593285793169,0.003547786981222858
2020-05-22,-0.001510202221476673,-0.006217528916644074,-0.0036430854668869123,-0.0007828799657278994,0.003633601768080909,0.0034859853121323057,0.021639263393056003,0.011037927791838325,0.002109963745951569,-0.0014835088808417152
2020-05-26,0.027025872187238134,0.02742709285105918,0.05070027278058392,0.041122486543034326,-0.0010364814918984771,0.005379615420708379,0.03130880357590608,0.006529752951761015,-0.0018083279907195853,0.015713623790269714
2020-05-27,0.010063269933312363,0.012812580606394616,0.04245120252781806,0.03282888002448754,0.005689669343997115,0.014944936796192588,0.021115259807816675,0.01189040272577757,0.010304367619156651,0.016988377911435138
2020-05-28,0.009241848272912835,-0.02835612140514511,-0.015919998243559892,-0.009500956155043884,-0.001961847799310478,0.008826993943378145,0.011254120594402811,0.02912179229389694,0.012954510388391856,-0.012209088406578658
2020-05-29,0.00018018387406174572,-0.004633412304933036,-0.011467530546054289,-0.006187349876658164,0.012530956157775178,0.0010137388189440488,-0.00575560728167818,0.0077363182009890724,0.01201252330576802,0.003630159447868786
2020-06-01,0.006829736314288123,0.01739170934862763,0.011467530546054221,0.002214125530977514,-0.0003061433719121351,0.006898159250747639,0.019717845965816425,0.011824220407125136,-0.009951310284858322,0.009456750710925794
2020-06-02,0.01792908581071745,0.027508728199603254,0.0079919022938798,0.01289196609643981,0.009349449741532461,0.002679167448601143,0.006486978166619189,0.006436370079982724,0.005768042697506729,0.008498461362642573
2020-06-03,0.022441474446620667,0.028931298941564158,0.03660700084541345,0.038268498063372465,0.007758755243507557,0.001336971483491708,0.023615612492734292,0.011937003378843907,-0.0019515337885638963,0.018725718129472695
2020-06-04,0.0036059771569611366,0.00023942410790478576,0.02157460981531588,0.010591271878070182,-0.008264478192998487,-0.004854852937188541,-0.018847493699538986,-0.018042094905141474,-0.007943026911750401,-0.005058165099693552
2020-06-05,0.0252193496683625,0.07164058181418954,0.03648080537423233,0.036075424397541064,0.02597275816479472,0.013832382641940187,0.03599775132834404,0.012663540783690003,0.016017356627267155,0.023668400522069335
2020-06-08,0.0013362954056169826,0.0440640794006001,0.01887541048522499,0.019857687394597937,0.005016414964857706,0.010700557095583223,0.021626875169722195,0.026449039565421648,0.006855644388755887,0.015123302621562884
2020-06-09,-0.01225994168275453,-0.038282432388037885,-0.021546624946871346,-0.02522020101454072,0.004698486558655949,-0.008221015360790873,-0.011689974789443561,-0.020258009787428567,-0.010447053257257114,-0.007835422948309382
2020-06-10,-0.011385870105702708,-0.050476822376465745,-0.03816656595325388,-0.024218720468400665,0.016561589593917857,-0.002810612311372243,-0.018883325124066246,-0.005864177487803048,-0.0015569237699872593,-0.009423462972661526
2020-06-11,-0.08039883882089544,-0.09895485021198931,-0.08531690992818802,-0.07282728849419187,-0.05905302744770877,-0.0386512093689014,-0.06381299250719961,-0.039828524884534915,-0.05721559342357828,-0.053799789458099594
2020-06-12,0.019261414276205657,0.024918768285168404,0.029814814558664842,0.019218773255140847,0.012857651004741191,0.00017199541464927692,0.031150116119889097,-0.0025536829401407784,0.006475871867218557,0.009861494714625864
2020-06-15,0.01048242215367368,0.0030091590254703263,0.01375319246553897,0.009832214203628724,0.009610574056517388,0.01146176578326529,0.012582235891022439,0.006794864846470075,0.0022515955154810263,0.009449389369292476
2020-06-16,0.02064138020112513,0.02838622641207995,0.015606074250224622,0.01937949186074936,0.0210969301154004,0.015527944090473702,0.016533583457016478,0.004560347117767335,0.024338382130200946,0.020804973497812334
2020-06-17,-0.008311923912603011,-0.03466559928279101,-0.015192483912416637,-0.007223258153932713,-0.00019483752438754313,-0.0015084201607265585,-0.011821365640718102,-0.003038022892098692,-0.000998378577389623,-0.002635437760528581
2020-06-18,0.0007101748053095943,0.012270179569787635,-0.0012417249835564568,-0.003702812788316256,0.00447813741042829,0.005186044222982313,-0.012522909205706721,-0.00016892070105185475,-0.003401171017734296,-0.0036540935574703934
2020-06-19,-0.0030216175473089624,-0.015298200118199816,-0.006650237399220054,-0.012345819889722798,-0.00692057129631427,-0.0051860442229823035,-0.01013238757875389,-0.02846563136730721,0.009574427409077118,-0.007820005712180623
2020-06-22,0.003698140950348421,0.004622287908212723,-0.004964370967421047,0.0016816891961597342,0.01866557986811208,-0.002860726965436099,-0.0028545363743000714,0.009704635015139861,-0.003845143400696302,0.010224131099354218
2020-06-23,0.002315388642239589,0.0010186121593230258,0.004628584122391647,0.00014469536857175,0.0071938566135489,-0.0015269341694908966,-0.003723034635042669,-0.010125609411841997,0.004293380580267236,0.007835681441528615
2020-06-24,-0.029610352223159372,-0.05708348976830749,-0.035901231751179326,-0.03537576082482023,-0.0228139568100562,-0.01695106259297336,-0.025870062169536003,-0.009166432659471783,-0.026450100735053113,-0.02227067908526354
2020-06-25,0.012384048356688845,0.01895158083899466,0.02619859850865739,0.011041590563244498,0.012727896444465137,0.00705504330641686,0.010545087662159325,-0.012473337483115523,0.009772918840196758,0.0013426655397376732
2020-06-26,-0.01385118041246382,-0.03525203077288669,-0.04375830447066633,-0.01872315037456161,-0.019891427988576904,-0.020615804415076083,-0.017340598866913633,-0.010635682813925995,-0.012231231032409097,-0.02371675008712948
2020-06-29,0.019266095724274693,0.01333174044283575,0.011010839106938052,0.032282488609650925,0.010872446792035369,0.01872785514849835,0.017049136958044542,0.018672205866072728,0.00898430544382349,0.018811862183182055
2020-06-30,0.014298978942490029,0.022713051119835962,0.013487404493418684,0.005693026572776066,0.017766229052897813,0.00735986817435649,0.014467893569618941,0.0037284907603185374,0.01693060857449032,0.012686891969474907
2020-07-01,0.00212731697446517,-0.024606664287769028,-0.008680467322507318,-0.004522474885215301,0.0016255876590876885,0.0008522867150749721,0.026925129934411617,0.023122277355381332,0.007665376707546586,0.010050394040822114
2020-07-02,0.018596960393586624,0.011041267131357904,0.0013068236370971122,0.00859000726693721,0.005811610438278279,0.005098747833193507,-0.0033615334265958657,0.002593998232960587,0.007508269135879059,0.00394548842139591
2020-07-06,0.014152750939964449,0.0029413973833141817,0.01897429890971094,0.014249904882562881,0.01732763992683048,0.00490386343132513,0.0011216806400483755,-0.012338404657346837,0.010086614976541699,0.023427994069490816
2020-07-07,0.00034269375786265293,-0.03229165720831457,-0.020717171643097446,-0.019336516502617113,-0.010511457356646055,0.009068141592499046,-0.016389179754126675,-0.00402946211473685,-0.008709699032948886,-0.015812813163247435
2020-07-08,-0.014321640870660117,-0.0008276694888070842,0.010412143817116722,0.0,0.016190512138570517,-0.002510789974272847,-0.000569587557286563,0.008913376120636182,9.849590674421184e-05,0.010595135635031488
2020-07-09,-0.009428978807652064,-0.050669032495276406,-0.021374696615674413,-0.021950236519104376,0.0036140045889435234,-0.00790768449620865,-0.0034268717177900953,-0.01348886364303445,-0.007893585597739646,-0.0011381739806237067
2020-07-10,0.017219123539649536,0.03144047120186021,0.033813273583141616,0.012875210953773112,-0.0002776223044279738,0.01824466771616881,0.001143485650756347,0.018695564260093687,-0.0023802107879359637,0.01184708410826866
2020-07-13,0.0,-0.0053607018304218865,0.004253400870677463,0.004108043222321729,-0.020943275795901124,-0.0014939852976639963,-0.01583900009026639,0.0010380633711509232,0.005643715567212256,-0.012758204822089203
2020-07-14,0.024865134910261148,0.03447669585612118,0.005080314886156157,0.021440899424421168,0.011461168167266608,0.014512231005913326,0.009820943469767631,0.009294551801311342,0.019651673760594738,0.009903567498439306
2020-07-15,0.016680910877693397,0.02136067282728912,0.01965396779828052,0.025192826515763177,0.0054028670767632785,0.0008181085895700565,0.004588445452342166,-0.003948467210340681,0.01289006055444913,0.014192032738820647
2020-07-16,0.0033029230616927335,-0.0045580897437893,0.0,0.0002791036706755793,-0.01243308886901007,0.002124462368477847,-0.011800320609308858,0.012647773367392662,-0.0016262240068728227,-0.0026736075050995847
2020-07-17,0.008373932282446248,-0.01407323020418779,-0.008316358727691854,0.005990347169071144,0.004879592433273816,0.005372483324636342,0.013801283806290076,0.02233693399695359,0.013596275070306418,-0.004696052872186641
2020-07-20,-0.008703811634232807,-0.01676550610719565,-0.0046035792847092675,-0.012297703012379434,0.025233503523865976,-0.01011754373548516,-0.009467840301133597,-0.01320768333512789,-0.00018890357097746898,0.01586309832760842
2020-07-21,0.008703811634232832,0.058666193990619404,0.01952316743790069,0.01313035975430637,-0.010090953947517682,0.008655043427487163,0.00028826966866044745,0.004533598766677995,-0.0006610087939542379,0.0015430693719066927
2020-07-22,0.011541871434816383,-0.012360613638599399,0.0,0.008016718614077998,0.007989377349397241,0.007936127203408529,0.012030982912737607,0.015295435197054012,0.008938878674038569,0.008554065646976097
2020-07-23,-0.003075758642164522,-0.001853800509235845,0.0008224331294016425,-0.003033101258458664,-0.02631984907614208,0.0035426479412084487,-0.0051382515799605465,0.001154347194714538,-0.004506640638636475,-0.015110782982544063
2020-07-24,-0.0034102032638542892,-0.005583002199420085,-0.0024693313626542486,-0.008040937443544378,-0.012187833581142875,-0.0012869073479443033,-0.00401506160561424,-0.00661398830474665,-0.011070687434769478,0.0017725054656118914
2020-07-27,0.014374580015982151,0.0010659651457230765,-0.008274808128709085,0.004167221055570448,0.015656401936573534,0.0049772564981383815,0.011712605036305316,-0.012183952068090746,0.007488361764299338,0.0061782065452777755
2020-07-28,-0.022214109577801105,-0.017190986989307024,-0.002495686539116508,-0.006955086168765631,-0.011766631874504531,0.003676780530943941,0.019964016177151676,0.015000447152048046,-0.0011338779770308821,-0.009948247413370406
2020-07-29,0.008164762688682058,0.02064686559280558,0.018568612520616094,0.015100435487262837,0.014383421745641788,0.001434862299383629,0.01875409826730248,0.0046211369451109085,0.010440086704884428,0.010094710391306728
2020-07-30,-0.01954249330926225,-0.040070255990067874,-0.018152173347513133,-0.01008790702806958,0.005584528486195824,0.0,-0.008230413924020234,0.0,-0.006947801836236786,-0.0008066327635353223
2020-07-31,0.0009945814516656732,-0.004707349036652701,0.0004159140981438824,-0.0037569518175761736,0.02466080090057254,-0.0009562988866166934,-0.001102703253202308,0.0016451802735575028,-0.005763905164851101,0.005195942658909474
2020-08-03,-0.005648753592699305,0.0036016749931029957,0.0029089324235945665,0.004173598018267739,0.024332720039982846,-0.0027151290950511546,-0.016124900048604222,-0.010909210723387073,0.010275895594037316,-0.00211895015080574
2020-08-04,0.014062467497968209,0.024044825884139424,-0.00415781032048764,0.0024957771198777404,0.0025597100620016735,0.012396970869710172,0.014745256403668548,0.010909210723387207,-0.004417892682678887,0.00801387869234798
2020-08-05,0.014515388526195423,0.010474042837939514,0.013656350656126163,0.01893031144763454,0.003695547519071855,-0.0020556005739792256,-0.007484679438083537,-0.012905402031996083,0.004605389103929342,0.012116909217625111
2020-08-06,-0.004218509438297527,-0.008047017436054406,-0.0004112188980280838,0.0037977608587899106,0.013954483210529814,-0.00015819020325658447,0.001946027160194126,0.005811473871518805,-0.005359207760711244,0.004863299903662908
2020-08-07,0.003408681114806472,0.001345470998327748,0.021156231586516454,0.016913279424866128,-0.015008951065827308,0.005367901590209557,0.013515588388103997,0.017885485161562676,0.0032003232280972825,0.001496750617755734
2020-08-10,0.00967595126060088,0.030462152072125874,0.007220053978468245,0.024325780014131493,-0.0028174327299626475,0.005182432847817047,-0.001645247204643228,-0.0003251859986722665,-0.003389063912248373,0.01189662043738892
2020-08-11,-0.0017668921224427158,-0.00339717377754109,0.011524221939111703,0.005312051646354263,-0.018149868682546973,-0.0069159660494040424,-0.01939655316776041,-0.02187418044835024,-0.006337652564834857,-0.0019727233760511863
2020-08-12,0.00593095066676395,0.009898306821977081,-0.0027695877883612274,0.0032250180962326612,0.022460855455736565,0.01285075462913859,0.012512294282954663,0.014362583980315653,0.016656715852963334,0.01317275964261764
2020-08-13,-0.0001598989382012341,-0.019631520760901185,-0.006359403220944349,-0.005294902416820917,0.00043889347586288435,-0.0007788674657618424,-0.011673123559667646,-0.00164039702767021,-0.0013074281755574627,-0.0004177968149664914
2020-08-14,0.0011184148541494299,0.009470909012635725,0.003979374282419173,0.003877162774061441,-0.0007023080390831602,-0.00015574948349562654,0.0025125850066261514,-0.008739511780318192,-0.001964509578119193,-6.955703025452096e-05
2020-08-17,0.00446078513620949,-0.00577723754086137,-0.016820381314200186,-0.004654596676475409,0.0066516430537801995,0.005595262812808732,0.008884267001559728,-0.0013256961534299859,0.005881677146912647,0.01280145616399782
2020-08-18,-0.0041416430485518504,-0.012721985230383228,-0.006483172503098407,-0.005457291094171775,0.003743684550028907,0.00402165267171592,-0.001106170403922922,-0.0044877084391407125,-0.00027934502301720556,0.006168795587347506
2020-08-19,-0.002877251836585177,-0.011536220493511625,-0.0004066187414306481,-0.0026088472579333367,-0.0012174102667970336,-0.007903968184415987,-0.020688363395333073,-0.0030030841315743023,-0.003263918568932744,-0.004725691619711335
2020-08-20,-0.003527837016823431,-0.02182285376245305,-0.00939720322045466,-0.005370826820857152,0.013224636197066127,-0.002024864997042307,0.010677119536708902,-0.00889483441862082,-0.0031813163104122237,-0.0015118908753829646
2020-08-21,-0.005799943486040592,-0.006363373618542438,-0.0020547292293995097,0.004063356413175213,0.012628125686529384,0.0024915173780721443,0.003348337236136101,0.001684252260049903,0.0010303964709650162,0.0051438553313871045
2020-08-24,0.017458735508223414,0.02710661196744461,0.023578123623382144,0.01788985901264081,0.00861133759795046,0.008517244931404846,0.0013916773637653002,0.00871325153822206,-0.004597767350218565,0.015072904239332701
2020-08-25,-0.003977471120265186,-0.014146166914857237,0.002808648299750089,-0.0012853117247780116,0.00503090288817063,-0.0021611629199631685,0.0030550182210217058,-0.009554984761568618,0.006748687189665665,0.0032960535396553644
2020-08-26,0.010466315446986743,-0.021321518636445432,-0.004819326105242388,0.0005143015396941838,0.020120822236248167,0.0012355612333651862,-0.006956799883192709,-0.01117906647417043,-0.001215151771179569,0.009824642976936976
2020-08-27,-0.0026855633629791252,0.001957214890993765,0.016766662451868315,0.0035941102781733556,0.0008195562321702449,0.006154805991931104,0.013314999303887668,0.003231036831143912,0.00782560563318724,-0.005401569593739781
2020-08-28,0.011793688459552925,0.017719111525658603,0.003951157054556784,0.009436488590640963,0.008725747019866241,0.00885773873250171,0.007685841563123624,0.0028822348405975326,0.0022245854807645044,0.006531899164065516
2020-08-31,-0.015438340282694672,-0.02191783458186437,-0.011900195195759211,-0.01251645470255498,0.003161519631080603,-0.0028928247331194475,-0.008788657077657773,0.003042447802670204,0.002404724516993262,-0.0029272934070729718
2020-09-01,0.02771220319190876,-0.006754761784040693,0.0027895373710175473,0.010101613764239467,0.018921506824643976,0.0010666268738351828,-0.0016567309130549133,-0.011543042476626414,-0.009000206751095629,0.010406007355335334
2020-09-02,0.022445483415759682,-0.004812622722179398,0.014223733732270165,0.016404317455375135,0.00885598622140775,0.01796417848295515,0.022135016715248774,0.030600810351200214,0.01984082618610007,0.013751652746688844
2020-09-03,-0.02801986918857971,-0.007405463098928819,-0.01541858566341712,-0.028435550794908924,-0.05868327404431918,-0.017355120269269067,-0.01689846178114266,-0.011323978543889055,-0.027607101531661366,-0.032252317529681315
2020-09-04,0.0006209129237790519,-0.003149628291566621,0.007541557134339025,0.002314947342938309,-0.014039121925572204,-0.002286103605959946,-0.0035798240210512186,-0.00571044233092578,-0.007164357199706767,-0.011620214716825318
2020-09-08,-0.018955848740896366,-0.03710080701195091,-0.026038195183170947,-0.01893426305217022,-0.04626188426332394,-0.021280544398820034,-0.012771186420112145,-0.005573757746773041,-0.01659864076161175,-0.013201692610014389
2020-09-09,0.025452395114817512,0.006821874380548631,0.010095006103787378,0.015330866756908187,0.032108775895147976,0.014390912223335259,0.010838183955575132,0.013124579721030968,0.01754431944667265,0.018690747343268383
2020-09-10,-0.009449455491227854,-0.037342466737818415,-0.014161510354625567,-0.012846360702239065,-0.022841825521420046,-0.012367023210555704,-0.014196506160141313,-0.01736815888897486,-0.015430641983632002,-0.014430786623427491
2020-09-11,0.012681772979696351,0.0009201433300331001,0.0069036090822294765,0.013490846327172068,-0.0076722512393006285,0.005584118883279336,-0.003369833919811226,0.002378786220598945,0.0039279496453896254,0.0015074309067445028
2020-09-14,0.014342806671663558,0.007634870354434435,0.013665778753404871,0.013438597592487861,0.02076380139763498,0.006475580348551456,0.024177916279949228,0.013651333826372992,0.014239601503907937,0.010555446272195575
2020-09-15,0.004836007004517382,-0.0073284415751455395,-0.013665778753404925,0.0006354757558089854,0.009836119820996529,-0.0013837522854037289,0.01309350393160908,0.006673345801480286,0.0013189949169417484,0.008163144293368075
2020-09-16,0.0007533791483297704,0.039362121418334464,0.011267760775575652,0.01011254866112584,-0.015575225638929876,-0.004473214656235343,0.006482675357830062,-0.0013312172904368347,-0.0016960464204842456,-0.0055921060930067094
2020-09-17,0.00735442245853373,0.0014724709165057374,-0.010458806503960626,0.002010170355105019,-0.008319269875244268,-0.006358122024144428,-0.02232586231261419,-0.008191915988841534,-0.0033055363471838767,-0.014154111393025658
2020-09-18,-0.01734706416124965,-0.011243008403332458,-0.002023785248255303,-0.011233878796854573,-0.017385629769091686,-0.00922103127972058,-0.02002292891030802,-0.017783650158193734,-0.001514869262876595,-0.014009531020103829
2020-09-21,-0.03424299170936268,-0.03370731556188672,-0.025375314730111002,-0.03375846858598096,0.008278845533784402,-0.007657898404562313,-0.02712557410991918,-0.006241160763208606,-0.01864667286436514,-0.014549985110428224
2020-09-22,0.0018965821502848563,-0.010375975536110126,-0.008392818483414579,0.00983648635178244,0.015706557969225154,0.0058716146520074106,0.011834515820535707,0.006224288831086334,-0.0021346245433101173,0.0209095184082255
2020-09-23,-0.029809833627065598,-0.046249082024947076,-0.022587715510402447,-0.018042013054903695,-0.03166382574019521,-0.015145884217229786,-0.02911437838278872,-0.015458698086431263,-0.010348636226373964,-0.01653755500205075
2020-09-24,0.007132546681703603,-0.0003312245452962675,0.0021528272587638293,0.001460295589365459,0.005586992890757817,0.007362538073062132,0.004715701349425212,0.01114032169198617,-0.005017099817781909,-0.0004221828058117766
2020-09-25,0.008844528530666343,-0.0006623111725077412,0.010269507108729687,0.014883541079998298,0.02362235682071874,0.005248457589287917,0.01922004749813934,0.016310877535490844,0.015948549582412083,0.012937459605079079
2020-09-28,0.016040967924146908,0.023252830740688225,0.02356021666584874,0.01788077524667561,0.018952061317202226,0.011199874800667774,0.017157879404418097,0.002551238564261493,0.00898683555134683,0.020698956503611882
2020-09-29,-0.0074327605191801625,-0.027902427425316716,-0.012552403343143744,-0.008900315437884438,-0.003364202875454504,-0.006610205998829173,-0.005116346411807721,-0.00033990684887007147,-0.0012511081364424417,-0.007789126486914008
2020-09-30,0.010107671303306327,-0.0030004830566853283,0.013383718483807941,-0.002594685752795436,0.008346436040171164,0.0120852067368004,0.005116346411807572,0.008965646214886012,0.015862560229265542,0.008129322320370735
2020-10-01,-0.01424308217911102,-0.03119966643214207,0.0016604727346523288,-0.0029925163086236806,0.010484947744339725,0.00560061961022858,0.01631082934981832,0.01005377960134091,-0.003418747234587307,0.012978555631472415
2020-10-02,0.008886153462341494,0.009598916362629965,0.00784978867854391,0.011143040090546981,-0.02568092988409733,-0.005600619610228654,0.016049176660061438,0.011767835491797064,-0.009174535530758062,-0.004239986707251215
2020-10-05,0.018934869969780072,0.029582195920462018,0.016326780900103758,0.015977707742407556,0.021687686673462433,0.006685912312617614,0.0054749108945640595,0.012444694218889088,0.02033709870025093,0.013132193497651027
2020-10-06,-0.012635541182996417,-0.015017941992299128,-0.010173076080651487,-0.012248092927102838,-0.015616226799149297,-0.0065298387917631295,-0.008499045458398424,0.008426624872829502,-0.013353149242461455,-0.018678133352121744
2020-10-07,0.025419675550271126,0.014023514070857786,0.016629874587012983,0.021839639013288958,0.018166675088652686,0.01070515380337749,0.00274961955888621,0.0061133573579192,0.018701031265486646,0.022598300882852397
2020-10-08,0.01005038532669858,0.036782014740263734,0.013583879452859101,0.009873121991591937,0.005166820821939421,0.006614061603065909,0.016610198208531296,0.01811862650574514,0.004853945036717138,0.006542233404522373
2020-10-09,0.0076976165473019225,-0.016108570838139206,0.0011897705153329657,0.003723698991861865,0.015175396669775798,0.0077879391878440535,-0.00270407680320601,-0.00015760754900307508,0.008991781535880523,0.010354071509879752
2020-10-12,-0.0016551464131329928,0.002594936488414911,0.011036736523897112,0.005683414345807155,0.02692647606235565,0.011494561565138452,0.00513164626734564,0.006281616984947428,0.006806039343896446,0.013211598262468873
2020-10-13,-0.008925524697307882,-0.015671209114345504,-0.019394926926018963,-0.011149775261070149,-0.006419437159233599,-0.0007525456005235663,-0.017117238750526592,-0.006911797938105699,-0.007636819550403574,-0.0001928011702097641
2020-10-14,0.0028830545631389998,0.004268649480592229,-0.00963847794025991,0.005590375866056063,-0.005312743825076402,-0.0051295816536591436,-0.011577106274046066,-0.0012618393375097446,-0.0058359512693257915,-0.011129911300108156
2020-10-15,-0.0028830545631389187,0.01205007179570733,0.007637848902799587,0.0035863813934985224,-0.004517625654437942,0.0006049104529437483,0.004701996153466221,-0.0006315172609209562,-0.00727279040467454,0.0037019720958432717
2020-10-16,0.00696544312610059,-0.02292146463105202,0.0008008665265009475,0.007256676368993347,-0.0028854974041438155,0.0003021847271818291,-0.0035935522238667557,0.010682069558111998,0.009870580591109873,-0.009117150694724819
2020-10-19,-0.011686974173602992,-0.021427337118945785,-0.015322881844843025,-0.012454909392994243,-0.018499025984714458,-0.01308190987256274,-0.015910907606345635,-0.00847353729889955,-0.01597163246194889,-0.012376178885212853
2020-10-20,0.0022875900099262594,0.011774979262498842,0.00809392066958483,0.005198233024000945,0.0034422951791895336,-0.0010724592880633575,0.00673010919884118,0.005970247381830666,0.001317226392111743,0.007982479824953304
2020-10-21,-0.003815367349254337,-0.019247553805727576,-0.005253552163313104,-0.010173944039424529,-0.0015098969213735917,0.000919321218866177,-0.003640029817824011,-0.0026663551209916516,-0.004996009508289766,-0.005468703005177497
2020-10-22,0.005489600758187285,0.04042631673265511,0.019659591470343626,0.0081968203911469,-0.004711739037666933,-0.0004598253143530565,-0.007037288335255697,0.014036131308504805,0.01500692588570545,0.002046186624443108
2020-10-23,0.003642762191781882,-0.004923661715728179,0.0031734081415160154,0.003950141649793049,-0.0010970305328464386,0.0018370894970420166,0.006476165480799267,0.0027837107514006878,0.0037165151118181135,0.008731502926990358
2020-10-26,-0.02531776832561548,-0.036526336261028504,-0.022832999611859722,-0.025327231290560432,-0.02193750315245003,-0.012929155071994632,-0.012141715007896344,-0.0003086864961279425,-0.011191944561247629,-0.019404085792341364
2020-10-27,-0.00952449663202098,-0.01305403863309689,-0.01840178625425564,-0.022102442241882212,0.004993092025386519,-0.002637202818589301,-0.012866543235327734,-0.0007726913442940651,-0.006870396372114029,-0.000466346447728638
2020-10-28,-0.028646228194132206,-0.042739938353040824,-0.02592094018576009,-0.03336293153412529,-0.043347729502629745,-0.02963633394901167,-0.022407691218017074,-0.02949718464266242,-0.03224506456696297,-0.03211452904793112
2020-10-29,0.020454313894476966,0.03021375638363123,0.007594986686203006,0.014453684786136194,0.01654261219575651,-0.0003200730138289506,0.01141194823317099,0.002703530965874949,-0.008226816727717913,0.006314197733500396
2020-10-30,-0.0006326922395599305,0.005586735528064489,0.002937862675294685,-0.0011851766815849066,-0.02238883085630295,-0.0035275104196829674,-0.006421332795705952,-0.009413691900911066,-0.0002947658916812885,-0.022067305600716198
2020-11-02,0.032697685410045946,0.033553170149373285,0.01868440861216785,0.026661075895760465,0.002522582455310387,0.01577619475129942,0.0242996610440587,0.021724368347862864,0.017840891661939556,0.007109551555975608
2020-11-03,0.015504410071660446,-0.005740393650704186,0.021970091357346334,0.02909026275460731,0.017481765345136093,0.016308905226484295,0.015596716453156743,0.014328199873684217,0.014485576559970214,0.021776144036879816
2020-11-04,-0.017190769256848103,0.001353629711295327,-0.01173881350378447,-0.010400729444730073,0.03816590744716154,0.0004664899120402182,0.002809428168941704,-0.015112774177267743,0.04342421450204223,0.021046480634097905
2020-11-05,0.04000539348117912,0.0,0.02413645968677613,0.02328172963806416,0.03059108484709405,0.007280663523515989,0.003641114018580992,0.008908411052533875,0.002004409429138177,0.019308038261772856
2020-11-06,0.0025033120674204904,-0.02188115896983152,-0.007981043597712567,0.0009839605846857944,0.003543112508868107,0.004619632383154469,-0.003921585660962088,-0.0021808081719707417,0.00036383454716559435,-0.00300707246137369
2020-11-09,0.022250370358218478,0.13344497394542587,0.07893272579506147,0.033487418796540484,-0.007264240263427641,-0.0023071825338577424,0.026040358373072114,0.01838625516585925,0.009326572145143977,-0.0032780489982551135
2020-11-10,0.011724695578334913,0.03185261212254301,0.005169785270284901,0.017442995983133217,-0.01881742851597554,0.019518951263760746,0.005453819975848242,0.01428799531456851,0.002880181268842252,-0.003553034857149119
2020-11-11,-0.01503801294251173,-0.010307717754958886,-0.004059777486568508,-0.00844755139360367,0.0234460791292736,0.008570624497439672,0.00758614276650796,0.003765825006262568,-0.00125894623615351,0.008727961200084051
2020-11-12,-0.021293140658161906,-0.03279991089639399,-0.016782000646554333,-0.011494999048525769,-0.0089462783852528,-0.002698505548889083,-0.010309240603901102,-0.01621852044898791,-0.003696294288872305,-0.01348485289991758
2020-11-13,0.017099771127975248,0.03575585061374641,0.0164119276183961,0.021926815688126332,0.008451236640392667,0.01371730545196577,0.0226483422073466,0.009883779895192289,0.012565292041688127,0.01609514813817341
2020-11-16,0.019515566628965485,0.06374503126125557,0.021954901974538817,0.02407817872227293,0.009607238415683452,0.00913892699033178,0.006378080185196159,0.010086504882510583,-0.0016960086807810647,0.01301363502671759
2020-11-17,-0.0037015576623013646,0.010194136379291377,-0.001448702905667281,-0.002621471837676253,-0.005572357901594562,-0.007068040403267426,0.0005296800587587508,-0.019817742037092217,-0.006543317835767956,-0.004254460978831346
2020-11-18,-0.008307322072300685,-0.029487613171396095,-0.009468304848884366,-0.00446101132077838,-0.01074038806235858,-0.013838566921197153,-0.01708986784616417,-0.019750554408151988,-0.018790718127508474,-0.006870922695739369
2020-11-19,0.0041620742434160946,0.016242468883186995,0.0032875272262338877,0.002518909283465889,0.008024987195215034,0.002693454433647847,0.001614573934963152,-0.010023582492613094,-0.0007331486418486157,0.0049308986531381455
2020-11-20,-0.0008594548202114713,-0.005291852451206498,-0.008791051736390512,-0.009074783040819148,-0.010353325975019112,-0.006295761920193554,-0.006744771748777745,0.00015734151939304853,-0.0022949525346084073,-0.005256548442234984
2020-11-23,0.008279560737209002,0.06826675949689544,0.01858988674473137,0.016593663759480518,-0.0002497938120207625,0.0003006607894092265,-0.0032539157127626766,0.0001576007098417229,-0.0025769805987516372,0.010936058522043962
2020-11-24,0.02457499630243001,0.050105586260455436,0.03443117387186822,0.01732709110507912,0.013811438695741115,0.006741902081040354,-0.0005436003046859561,0.010643262029384877,0.0029443495148519247,0.014757666332986348
2020-11-25,-0.010458168162127841,-0.023595385704909343,-0.003495536526675541,-0.007613955968869838,0.002133370757942145,-0.0005974356831507362,0.002442848344988251,0.0026432794224485615,-0.0036820815849103474,0.0012041141443775926
2020-11-27,0.005173183024329024,-0.011752865364776974,-0.003156021257705119,-0.0016873698471797836,0.005313242652246953,-0.00014936526710528225,-0.001899248040302358,-0.009987533061970333,0.009179602825545785,0.002151139727403625
2020-11-30,-0.010091565179131743,-0.05684069311223725,-0.020941480071875553,-0.008934182333445378,0.006662933634868387,-0.00014938758042119983,-0.00872878894586661,-0.0145342591051196,0.002737506436669001,-0.0060859974887791535
2020-12-01,0.010927777140463191,0.004613456184623761,0.015305568504135012,-0.0025023867028792853,0.012714314783720232,0.008779106840176569,0.012524120575026642,0.006977419906188959,0.008348487410153715,0.007412411585929705
2020-12-02,-0.012901719270804527,0.03197744982787704,0.01089072065217796,0.0013658687507087344,-0.0015204386251134118,-0.008330813329025806,-0.01060817484617559,0.006615324821721485,0.007472272295508212,-0.0062684114765682595
2020-12-03,-0.006939916489950154,0.010435658506199274,0.00034914991600976504,0.0026120534614891685,-0.0006407862673506227,0.0025364750993312622,0.007355835841970663,-0.010415160211643138,-0.0012563109771312185,0.002790857652013887
2020-12-04,0.019980659935718178,0.053069811377381704,0.012151036563235195,0.011839974539138638,0.009967037287988912,0.007718151593389084,0.01321302983150411,-0.010043840539037079,0.010630149735941482,0.0009496145718915878
2020-12-07,-0.006569435038783431,-0.023659451548159086,-0.0069253702302984246,-0.004832035841505024,0.002852068754516988,-0.003851465881102553,-0.009960690827299296,0.005592360891876997,-0.00614988316624067,-0.002280652451709157
2020-12-08,0.0055941989024884155,0.01475910692873752,-0.00034740286041319926,0.004832035841505086,0.0032384383523524165,0.005476883041642708,-0.004610373794011293,-0.003032002748369354,0.0075705166042155676,-0.002095303900856617
2020-12-09,0.0005572756847258472,0.002232698367605163,-0.0024359373954174297,0.0022392796864546885,-0.01934855422675904,-0.003994000222381977,-0.009284503335666239,-0.001759717848649181,-0.003466271382667312,-0.0009536796861247778
2020-12-10,-0.006151474587214292,0.030260897314636756,0.001740403931995254,-0.00955216226499594,0.001446211122019467,-0.0044561810861295775,-0.005502147518160895,-0.005136269711444092,-0.0016932112926702225,-0.0008909223644764019
2020-12-11,-0.005765560311747085,-0.011605359271570347,-0.010138096737003542,0.0023682780928151407,-0.002089714754376766,0.0022307365574201175,0.0005517186543706685,0.001608096697111484,-0.003932143603234231,-0.0047870756751608986
2020-12-14,-0.012775626598025438,-0.035647343339409124,-0.011663067674569509,-0.013039267199664192,0.0036139981970146153,-0.003869760945220754,-0.007194469418433095,-0.005154761649429859,-0.007550014114737335,0.0014701537031374197
2020-12-15,0.017980471628119974,0.019466193662970352,0.016919792269240612,0.013827635180648726,0.016535820961171645,0.002383046909157297,0.01734394527389818,0.01951129167172093,0.010768493296836119,0.01338987563604641
2020-12-16,-0.002809858195593277,-0.004955264769042214,0.001746240917164166,-0.006209906867123919,0.00675780437496544,0.001932277926279486,0.0002727413159741787,-0.01162899730281703,-0.002949857941838177,0.006534877347152379
2020-12-17,0.011471668423243491,-0.004730642177542491,0.002787219556131068,0.006097320915192536,0.007878646383704765,0.006364304972642952,0.011664574081495165,0.006707089900709329,0.010684704157897533,0.006802270327395818
2020-12-18,0.00444159896650477,-0.016861707371041222,-0.008736627172396285,0.00011258595193148606,-0.003502574550685599,0.0022104226484738533,-0.017410916151027,-0.008631724027796666,0.0007970219464266592,-0.00486312297025934
2020-12-21,-0.005317036571015019,-0.019478592582205294,0.013390029231357986,-0.006053805574538158,0.0009998263515318517,-0.01083532349128638,-0.009047442578929345,-0.012183757234472178,-0.010056131126890395,-0.011360870379948134
2020-12-22,-0.006175594830851176,-0.016927209849042762,-0.009796985702161145,-0.004673478875718049,0.008629156963420837,-0.007077893995559208,0.006988224609861168,-0.001968460298140485,-0.003056410314525574,-0.004315832873415699
2020-12-23,0.0014067400674621353,0.021897559761591,0.016390981676222643,0.005241793515172905,-0.007614654991287065,0.0033192465809726932,-0.009515725215613552,-0.0019723427778491395,0.0007197766747784297,0.0021599416446583283
2020-12-24,0.0063067240699842715,-0.005232953063123442,0.0013825952447514321,0.00011356786893750522,0.006607729549312122,0.004958499938899796,0.009794387753668586,0.007049781157928119,0.0028750536740564047,0.00209257861180189
2020-12-28,-0.003919097794284918,-0.006315355050527531,0.004824228726629512,0.0012491459354313748,0.011249226651153367,0.007912151006134575,0.008043225481659137,0.004401372098685941,0.0025085285870544275,0.01133656550630319
2020-12-29,-0.002387626275699449,-0.006621884185224661,-0.003443542412514065,-0.006033342612425039,-0.004761731771148223,-0.002978247020115979,-0.00776502006546099,-0.00016277930157055897,0.004731577512522643,0.00031295554472772816
2020-12-30,0.013683573340177788,0.015557442132164253,0.004474469339363446,0.006373824809915488,-0.0005389128898037246,-0.0010448186323284508,0.005552507808584658,0.005030402270103915,-0.00017797406873156573,0.005992307823975606
2020-12-31,0.0038756298690560188,-0.008407645263737499,0.012286589501421159,0.0046411157347991915,0.0014624811336971402,0.0069926636284868395,0.012108216228548933,0.01478176391317006,0.01045644955571586,0.0005599082110733419
